candidate_name,title,price_gbp,sold_date,condition,is_auction,is_bundle,url,bucket,aftermarket_suspect,headlight_match
BMW F30 LCI LED headlights,BMW 3 SERIES F30 F31 LCI 2015-2019 ADAPTIVE LED HEADLIGHT LEFT PASSENGER GENUINE,250.0,2026-05-07,Pre-owned,False,False,https://www.ebay.co.uk/itm/157722909672?_skw=BMW+F30+LCI+adaptive+LED+headlights&itmmeta=01KR3K05TNDQGPNX34CGR320BV&hash=item24b9049be8:g:DR4AAeSwMihpzVt3&itmprp=enc%3AAQALAAABAGfYFPkwiKCW4ZNSs2u11xDAdr2GGXCNMyUl%2Btdmd2TAjGuEa6Z5RiAkaVEUJkbL0ilbZrDrjse%2FCm8x5lqWNjIWcRbfnxKTej8N6E%2Faz59IfDftAbkYl9oFy3ab4x0anYJBBq8HTiaxLmPNMO5GOURBjOZ3btZC5r%2FKY%2BH1pmz%2B4QMfdZZUHyI7WpM4do6X4WT9LCDG4dg5GTw23oiqDTTGQmJmgEkwoAB5HueIHyaiG%2BD3VSNAUFYMIYsrPxZNGH8Jns0%2FZXp63GLrmkKhgTAjNv0oaA2YI5LHZNxyckjkmtg11WYvFnYcsbbt%2FhFEDiOfAW91Aeh7vC3Fes1dGs4%3D%7Ctkp%3ABk9SR-bdgPPAZw,single,False,True
BMW F30 LCI LED headlights,2x H7 LED Headlight Bulb Adapter Holder Audi A3 8v 8p Skoda Fabia Octavia B4,3.95,2026-05-07,Brand new,False,False,https://www.ebay.co.uk/itm/283655612240?_skw=BMW+F30+LCI+adaptive+LED+headlights&itmmeta=01KR3K05TNQDP3XTXRWNXHFK2Q&hash=item420b312750:g:QW4AAOSwcZNnkkER&itmprp=enc%3AAQALAAABAGfYFPkwiKCW4ZNSs2u11xC3x9cXcQKm22epSTZgdAXalWRwqCnN24FhYCu%2FpYZwfHSpLeoNct6E3p6FrVUwcuJj5LiCIrpHBUtK4nPEJK0G%2Bip2MJXg4P7AmU4wU9S1Aj1CUKeaUyLqr7%2FTXWYAmuMrmedSkjCeXSheOKiQiJ0MmwTnlZ3IcY4Wz4bgf4hmrJURVplH4u2nd1PhansHXs%2BZmauFpB4ZYDy3pukXmdUi8tIccT0VeKHLjsuxVu%2BWVy0IMDEjub4CIS4jQcoXBw8eQjwdkX2cGnwgHYUZRkjLN1mhauibSzEOo%2FtUmUMPW7dFnKBukkO7LRFN9%2By1xKs%3D%7Ctkp%3ABk9SR-bdgPPAZw,pair,False,True
BMW F30 LCI LED headlights,2x H7 LED Headlight Bulb Adapter Holder Audi BMW F10 F20 E60 5 Series 1 B4,3.99,2026-04-30,Brand new,False,False,https://www.ebay.co.uk/itm/283655611872?_skw=BMW+F30+LCI+adaptive+LED+headlights&itmmeta=01KR3K05TNV6K0SQWDXW7T6WRX&hash=item420b3125e0:g:hiMAAOSwnGxnkj1H&itmprp=enc%3AAQALAAABAGfYFPkwiKCW4ZNSs2u11xD3QeT77PI%2BFO5x3YzjbEVnPFnpPvvX5BmD5A3GYDa6xBSHRhW9fuMzGJFq3f4x8OtsZZYRh%2BiSGTr4LLrw8Do4pxWff56fcqW10DE66SM9hVQR9Bax0ICwF8wYS1uSj5Cx7Vep1w%2F%2BqcwsbIqUKpV8ZzznrbnRFVhZQH3SOMQ7tM3bNyfXj0BSa%2FSGlvFN5hcs7XYp%2Bi6ReapiHTidf2JnOwuFFbiyyBtYNNCqLMLzjvz7qKQ%2FlBEhHW1h72yhERQuwZ1%2B%2FGh%2BM%2FQPdCghW%2FrIYBZBl1z5%2BJTHFVm1rpurWfNVETSe782OsBwLzHWIfns%3D%7Ctkp%3ABk9SR-bdgPPAZw,pair,False,True
BMW F30 LCI LED headlights,2x H7 LED Bulb Holder Adapter VW Skoda Octavia Superb Fabia Roomster VRS BMW,3.99,2026-04-29,Brand new,False,False,https://www.ebay.co.uk/itm/266219538632?_skw=BMW+F30+LCI+adaptive+LED+headlights&itmmeta=01KR3K05TNAMHH3DF5G7H5C5Y6&hash=item3dfbebc8c8:g:yBoAAOSw6mhkOYFB&itmprp=enc%3AAQALAAAA4GfYFPkwiKCW4ZNSs2u11xDcfpnI9FJ93OZAHDymHOx9YMUrbaLAvnqutnwPLF%2F2s2%2Bwkzbuw0UcifgMXwtfAWvaYwHBZCvhzup%2FUZvQP2nuXvXs1GW7coZxDHfrWXWuk6mSw9o%2FCHqBBY7rTPrFsYc%2FR9iiOUMmZcGwL4dYCX8JzaYUbE%2Bmr%2Bb1aGfHzo%2BYfaBMXFaIX6XTjTCKokMVxVVj7i%2BNOfRGJdNmfiIhxkQa0l5KR0dFJ0sTAtQ3CuEUjhDuQJXaGLFdh1qBFJx%2Fdo4pIEos7ooCYQgehjIQInoJ%7Ctkp%3ABk9SR-bdgPPAZw,pair,False,False
BMW F30 LCI LED headlights,Headlight Headlamp Full Led Adaptive Bmw 3 F30 F31 LCI Lift Year:15-18 7471312,519.04,2026-03-17,Pre-owned,False,False,https://www.ebay.co.uk/itm/389746890039?_skw=BMW+F30+LCI+adaptive+LED+headlights&epid=15035833207&itmmeta=01KR3K05TNDRT0DR9C1B6PT4YK&hash=item5abeb99537:g:4LQAAeSwd6FptXO7&itmprp=enc%3AAQALAAABAGfYFPkwiKCW4ZNSs2u11xDUXQKo7YjelJUOx85k2iDspD0ZqVvV1joNYqaBGkg1YRpDPJlfWn7jxEh9ik8e0YYzaFma2s5fDcAK6CqG3G%2B2WzBeFVhtCpRcyL2bZwiXl2hanjY7K0j1bVPhn8zZNeskbdctJJ%2F3q%2FuyhJyUGOD36fEd6%2BNzUbFPmUI2%2B1NAMLp2tsAVw3gi%2BNTY9b%2BZhngoBI%2BE7ddukKwJ4Ly43NELp96GYxfIYOXabv14D%2BUmqHgRB85W%2Bh8XSTyebc2zH2LMT0WMb%2Fv0DKRgjW8Vfc69WfuN%2FY5MEoubOkVnKjX1NXorkDlBd9eggev1d1%2F5dRM%3D%7Ctkp%3ABk9SR-bdgPPAZw,unclear,False,True
BMW F30 LCI LED headlights,Headlight Headlamp Full Led Adaptive Bmw 3 F30 F31 LCI Lift Year:15-18 7471312,575.27,2026-05-03,Pre-owned,False,False,https://www.ebay.co.uk/itm/389239648452?_skw=BMW+F30+LCI+adaptive+LED+headlights&epid=15035833207&itmmeta=01KR3K05V2K1G9FQVTP1KRRADS&hash=item5aa07db0c4:g:7PcAAeSwi7FpGZjO&itmprp=enc%3AAQALAAAA4GfYFPkwiKCW4ZNSs2u11xARw%2BIbjBbMLdpWLtRVhEER%2BaiWX%2BDGQmWLOr4vfUqsL%2BeoxXwtFjpN9f9BBzB996NrmNS8UA4BcLPS879b%2FZExFzdxocgW1J6Cf2b8CCtzh9YAJsSAA2n3CjoYYo3%2FH6M3XAKCxEkvqvmD6w7Di7ytLv2j5KoNlDNRirDEdrLPU1JPNTUOe5JOz%2B2%2BsJNo6JqMcWC1uCU7X0vHDPZL8KZE%2Fh0%2FyfTofB%2Bs7ZWBraMxWuEnVD1d4rPVBjVdiNNqTHPyU27Ekc%2BQb4Is7cED2NP2%7Ctkp%3ABk9SR4LegPPAZw,unclear,False,True
BMW F30 LCI LED headlights,Headlight Headlamp Full Led Adaptive Bmw 3 F30 F31 LCI Lift Year:15-18 7498951,575.27,2026-05-03,Pre-owned,False,False,https://www.ebay.co.uk/itm/389520447487?_skw=BMW+F30+LCI+adaptive+LED+headlights&itmmeta=01KR3K05V2BVD3DN8QXN6YAXVN&hash=item5ab13a57ff:g:EvkAAeSw1gRpcJEC&itmprp=enc%3AAQALAAAA4GfYFPkwiKCW4ZNSs2u11xA%2FZwjk%2BQlljqZvTOBA%2FbOGg9yJImMSQnZXKAqKUaFB%2FcGFDxMLQ4xjd75SpgsalHiDC8eRKNzNuKnpMcKOh50EAh1NC0D%2BSv1xBO4kJKEmnEyXFsfY9Td8XnftSfc%2BVNdLPF9g8Vc08dvQFAQkT0%2FabP8skGb5w%2FL6Y3GAXScgBI%2B%2Bpt9zMcqIn6n4zr90%2FTTOeCJWwMLTqItqTkfjmuEsBBMsuMO6bbrDb9DaTagpZ0uSLEtkd1qIGYhneZgp5temkFMHn6u1922M9n7uF9w2%7Ctkp%3ABk9SR4LegPPAZw,unclear,False,True
BMW F30 LCI LED headlights,BMW F30 F31 LCI Headlight Set Adaptive LED with ECU Headlight L+R,1470.61,2026-04-22,Pre-owned,False,False,https://www.ebay.co.uk/itm/176370509186?_skw=BMW+F30+LCI+adaptive+LED+headlights&itmmeta=01KR3K05V2DM499ACGRC483ZJ4&hash=item2910806582:g:DLgAAeSwx5lpflcQ&itmprp=enc%3AAQALAAAA4GfYFPkwiKCW4ZNSs2u11xB4JMdM3xa3z8%2B7W2GNzhplLiJF2cfFXCzymfqQl8VmtkALeEy3QpsCD8JIQouS2QrjSnew9aJibD%2BEqUUi8bGcok5ddlPAjzeM6Be9J19kv%2FC%2F2ygMjSEaDDQEs3nB3AVINjZcDPCL3DZ5wVIwpjc7V41JACd04ejyQon8KYpFpDwU%2Fz1B09AOh%2BogWEeHz8sOB8ZewxaW4s9kwK3FCjaBMjwf%2FOBqcs7vYA2lsRfF6JrjQkwFKmSqtu39WzrHQvHqULIj96DQYRVImGi9R5QN%7Ctkp%3ABk9SR4TegPPAZw,pair,False,True
BMW F30 LCI LED headlights,Genuine BMW 320d F30/F31 LCI Headlight Left Adaptive LED Used/Faulty,259.52,2026-03-23,Parts only,False,False,https://www.ebay.co.uk/itm/177972105081?_skw=BMW+F30+LCI+adaptive+LED+headlights&itmmeta=01KR3K05V2J6PXTG1K8QFZK2WT&hash=item296ff6cf79:g:FGwAAeSwlf1puuJv&itmprp=enc%3AAQALAAAA4GfYFPkwiKCW4ZNSs2u11xANq1DY%2BMCCpplNVpv9HdPW949Oz1PmCzCx2z8KFA%2FhimN22O5wqtNreSEdxifJb8J6OiK7DRaVPZ8iqEoUrtYW%2BXoKWda9ANYtLVHOCJN7ht59pZRKGKBMGwL4edekNQivThH8TB5ZoOB01twbULJkWtRuBsGPoP4LPCdezFV%2F6O4Y%2BTz1cEcWXGJG42cPd5zdi8RFsTXHl0Er0%2Fw7%2FtShouLQXVNlrOMpuDmi22F1cJdTo8%2F0vgcr1mxr%2FDLI5e9vcCeS4lBTBM5iTZ44VgWn%7Ctkp%3ABk9SR4TegPPAZw,single,False,True
BMW F30 LCI LED headlights,BMW 3 SERIES RIGHT DRIVER SIDE LED HEADLIGHT 2016 2019 F30 F31 LCI GENUINE,307.5,2026-05-01,Pre-owned,False,False,https://www.ebay.co.uk/itm/168343557842?_skw=BMW+F30+LCI+adaptive+LED+headlights&itmmeta=01KR3K05TNEKGA22EPHZMPS2R1&hash=item27320ed6d2:g:pcwAAeSwYbhp85KS&itmprp=enc%3AAQALAAAA4GfYFPkwiKCW4ZNSs2u11xCbXkzeeoRIRd4rzuXJN0lzYjPPFhQ%2B%2F3%2FPDmWFWQ7%2BLH6zW2N0w4lLM1QCEAnX8LuSHUXhQ6YsxRANL262DSX5U7zCjlG4YC3DdtpsE5DuN74TlA8klYvchTsOqhpPovSxZwevYnw%2FMoHvRK7tprHWK%2FEDbzeP%2BjObcz%2FUxRFgPllzD2lZzhTRItav382IIHOiIcGU28OcrunbacIX6Ia2jHY6%2BKLbigVCChAQpljnRCWidPsEc5crjmpXoTyqC2hpXX95tUr3VBNl4f4y8EJ8%7Ctkp%3ABk9SR-bdgPPAZw,single,False,True
BMW F30 LCI LED headlights,BMW 3 SERIES F30 LCI SHADOW EDI. LED HEADLIGHT RIGHT/DRIVER/OFF SIDE GENUINE OEM,450.0,2026-05-06,New (other),False,False,https://www.ebay.co.uk/itm/306915311129?_skw=BMW+F30+LCI+adaptive+LED+headlights&itmmeta=01KR3K05TNBQ3DC6F34C04EDRA&hash=item477593fe19:g:w4UAAeSwuhVp9vo5&itmprp=enc%3AAQALAAAA4GfYFPkwiKCW4ZNSs2u11xB%2BSRuqm1G%2Fg5LGOuO2N4z4KdYH6tZ0%2BkL3aeeXzsozj75U%2B6B%2FxZPH9jGWb3TxBOZ9yWZ%2BjglpTDE9VLcjZZ1ktm09ODkc44IPJotwjrdnviV0lgLIighmLWhU3xhl4feQHXScU%2BRga33pCq5SnxhdfKyYRnqZ11Ucruk%2BAY0HM3ArGWntDWu5ACBIiuqqbim4jm%2FnvRuyhaXkp9g5oObQs3j8VyIqSWlk8BLBO7dmt%2BUo5H6LkOK%2FT1i4EtZrZlD%2B%2FUzgY8kv45rU7B3zxJJR%7Ctkp%3ABk9SR-bdgPPAZw,single,False,True
BMW F30 LCI LED headlights,GENUINE BMW 3 SERIES F30 F31 F80 2016-19 LCI LED HEADLIGHT RIGHT OS,312.7,2026-04-23,Pre-owned,False,False,https://www.ebay.co.uk/itm/267630269667?_skw=BMW+F30+LCI+adaptive+LED+headlights&epid=910723417&itmmeta=01KR3K05TNGH1QMNXHY09SK1BY&hash=item3e5001d4e3:g:DUMAAeSw-2Bp0h1Q&itmprp=enc%3AAQALAAABAGfYFPkwiKCW4ZNSs2u11xBb6YQ9JuBNJx95dtcP7EtkuXieeSJiBbimaf0TtRB0ZTjLgxYWiHAKddeQBFrHjmovBpO4xgMQEx%2BDIgDTFnsr9BYQwXFRo1Tuhvx6tnlz4LdNVSUNx5xEzmHg5aS3CuLZSKiuWLgMoDKQxaTPoazdmLpPU4Q7VRKld4ZhHKiDsSjxOkxWhfjSpRRBvJN0Q5%2BKhaAaDBicsgnbQeqeYcMZ5bzAGLGsfwbECTigbLAyTJsHIvwY6Y%2F5aXw2WxshtuMj2wNYkYslGtxuoBC5plZX1nGbHcMgBFgi0QXL%2FB%2FFjaRrnIBSZw%2BAGWtLjp%2BbM94%3D%7Ctkp%3ABk9SR-jdgPPAZw,single,False,True
BMW F30 LCI LED headlights,BMW 3 SERIES F30 LCI NS PASSENGER LEFT LED HEADLIGHT SHADOW EDITION 7492711,399.0,2026-04-07,Pre-owned,False,False,https://www.ebay.co.uk/itm/257394178412?_skw=BMW+F30+LCI+adaptive+LED+headlights&itmmeta=01KR3K05TNFH5BWYSG42RCMFKY&hash=item3bede3796c:g:Q3QAAeSwezhpq12y&itmprp=enc%3AAQALAAAA4GfYFPkwiKCW4ZNSs2u11xDw74g%2FxsaSVI88Nbu03bNRxgJc0w0B7abMzisV3ZWSBvhLztZN3aAOR40arES6X2%2FVCnFMwDOIl2DIofTuKeZwwC%2FE3gE%2F%2B3xdMEf64H0VWgmYoygRaAsYOMEVAohkfxMaFnNphPKjcO11KlQii8frCUa4KW38wgDV6%2BMeriEp7QM%2Fq2ozvVurhzr%2FM9D6OKG1nYf6134eQkRf3kM2Q7vfngmrsJAiS1CX4Wlm1desPnwWp6MNnNByxzv3vcWaSYlZeqJWimx3NBP9fFL0Zpk%2F%7Ctkp%3ABk9SR-jdgPPAZw,single,False,True
BMW F30 LCI LED headlights,BMW F30 F31 Pre LCI HeadLight Adaptive Xenon Passenger Side Nearside 7259547,450.0,2026-03-13,Pre-owned,False,False,https://www.ebay.co.uk/itm/147170395873?_skw=BMW+F30+LCI+adaptive+LED+headlights&itmmeta=01KR3K05TNNXQP9MVC2SJS1H9J&hash=item22440a06e1:g:wf8AAeSwHiBpnc04&itmprp=enc%3AAQALAAAA4GfYFPkwiKCW4ZNSs2u11xAA3EiLL3gS7o7m%2FSpf5LtGVhnk9m4LPcXBf%2FevKEKiX1wxUI88W48%2FSYNRMg%2BZOEEkwMPfDque5A8ve6d%2Bma%2FTOOwtCqHbmEbOsWL5tj9XzD%2B2KtlNwbVIjVw0f6fhHUBwYQkhr3QgIr7rPfRXC4O7LQCEgBCK8NX5DT%2Feu8ldKqGHVZjZMQJy1oCAkgU65pmslERke7499lqHBmmrS%2BMC54U69GmOwa56a81gjVPApxTDC9IhP2K%2B0kDug028A585DlDA79X4IA%2BgtwfXVstD%7Ctkp%3ABk9SR-jdgPPAZw,single,False,True
BMW F30 LCI LED headlights,BMW 3 SERIES F30 LCi 2016-2019 LED OFFSIDE RIGHT HEADLIGHT- GENUINE,135.0,2026-03-05,Pre-owned,False,False,https://www.ebay.co.uk/itm/286957657278?_skw=BMW+F30+LCI+adaptive+LED+headlights&itmmeta=01KR3K05TNF64J5YTFNNS23J8P&hash=item42d0025cbe:g:nmgAAeSw9RhpIDU7&itmprp=enc%3AAQALAAAA4GfYFPkwiKCW4ZNSs2u11xBknmwxN4Qu6%2BIF7QBqmcgVnFhg5Dt7k1V5HsRrydSxNFA0%2F%2BOXVCi%2FHQnhzXmlwz95pE9P3BBCwIWvEKiJQi%2BXar%2FSgGJ0gKRBIJHOHqA07ADbVRitvg8OuBZAbCg6mSEN2SGNG%2B6h23RnjIWDnMznhTJDH6vmqqtAoRlDJk6D1rA8AcyxdoNydL6eGHKJOj%2F6pUBfT0mNt5vbzX33ka6THq7cYDErPdj8bBxvt6L307doKKAmkZGskRfKjlLrf9cf6IQ%2Bxsm7a623KzyN1UT2%7Ctkp%3ABk9SR-jdgPPAZw,single,False,True
BMW F30 LCI LED headlights,GENUINE BMW 3 SERIES F30 F31 LCI COMPLETE LED HEADLIGHT RIGHT DRIVER SIDE,489.9,2026-04-26,Pre-owned,False,False,https://www.ebay.co.uk/itm/406834886934?_skw=BMW+F30+LCI+adaptive+LED+headlights&itmmeta=01KR3K05TPBK6CM5V5JRDB5QVS&hash=item5eb93fb916:g:qf8AAeSwuQdp0-1x&itmprp=enc%3AAQALAAABAGfYFPkwiKCW4ZNSs2u11xAvaLCX4A2YCwe1Gdkqdi9wrQ5%2FO5ainb17dGTR3NXSTA8MukJl2NxC9yacvonESRMhxjmVIvXbiRxNSCXnjspFhQFvFRb5XMw8ERkaOnLE68ZkXDW8Wx9Tebf7lhFNeb2fYpbAFvoKcqVmVEFv1CrKAHc2t44TAbL5%2FvzcR2FipRKRuHX%2FXQfH0rp4E%2BL27I3lb7HrW4CZpWUJYO5SyDjfmBNgwd9dusPNvmuruTqGkQ7umUm5ZdYl%2FoVk8%2BhUZxbD1I3dWaWdsrAzmuDQYWZ9lQNNQxJBKJvnx8RtkZEASEZTMGWdM3rDu2XZb2ZOI8k%3D%7Ctkp%3ABk9SR-jdgPPAZw,pair,False,True
BMW F30 LCI LED headlights,BMW F30 F31 3-Series LCI Facelift FULL LED Headlight Left Side GENUINE 7453483,550.0,2026-04-23,Pre-owned,False,False,https://www.ebay.co.uk/itm/317560914733?_skw=BMW+F30+LCI+adaptive+LED+headlights&epid=23018921415&itmmeta=01KR3K05TP7RMJDE5HGP38REQK&hash=item49f01b032d:g:QU4AAeSwDJhpHjbX&itmprp=enc%3AAQALAAABAGfYFPkwiKCW4ZNSs2u11xCa1iAr3arIdl1gIBAqSBBz4C7UaI4v7aFFS0BCH2htGWE9HccJWV3kfhZAGQ1R%2Fl48GZEAbIHc6dmDwuW0VdebvODwLB8qDXSUEYL3m0hrjc0VUn9GtEWLZtAQePKox%2FyOTihJBYqShFjIK0DRvAcWXwVtQCwhFsbFu53faRYeQMxldTjaI77y972DxTEBuVawG8L1ZWOgN65%2FYqLeTyXMkghw3B8Q6MjWYmg5JBVv42bCpU10KctHofEVnpFOyFIGIuCB6TRk1Ia%2FSNltMBEKe97ZB80Xtgs4eNayE9itzuhW%2FGEBGdwot1o3o4faxBQ%3D%7Ctkp%3ABk9SR-jdgPPAZw,single,False,True
BMW F30 LCI LED headlights,BMW F30 F31 LCI Facelift LED Shadow Ed Headlight 8492472-01 includes modules,404.5,2026-04-27,Pre-owned,False,False,https://www.ebay.co.uk/itm/178019375779?_skw=BMW+F30+LCI+adaptive+LED+headlights&epid=9022516813&itmmeta=01KR3K05TPN7PZ136HPHZZWJ7J&hash=item2972c81aa3:g:qS4AAeSwSqppz~2A&itmprp=enc%3AAQALAAAA4GfYFPkwiKCW4ZNSs2u11xA0E%2FPGGbnmugSs0wQwYpoVbbIaaiY3Xs9c1%2BJB8MN7UOgkX9r3gtqYqBcO%2BSBrt70zoHQFc76nq9ctN3YnJOeFkNK%2B4RoxIJeoen%2BI4W3SYZuo--W8p7ssmN8Fnlm4fSc3U0ertBBmKzPiSD9CtL8RuSjAd15r3QfGrkblqKclznLo5VAsNOcG0LHUXh%2BLK58Cr1Q6xgx4ijwmdRaSK0A9ncVV9%2FFl0TxLPNVNuLh38GZlqgcXqf%2BNwAKxhtRaBfKzRxiiTQ10HSbhKP5X49zL%7Ctkp%3ABk9SR-rdgPPAZw,unclear,False,True
BMW F30 LCI LED headlights,BMW 3 Series F30 F31 2012-2015 Headlights Headlamps Xenon LED Angel Eyes G20 (For: BMW),649.0,2026-02-27,Brand new,False,False,https://www.ebay.co.uk/itm/256466734531?fits=Car+Make%3ABMW&_skw=BMW+F30+LCI+adaptive+LED+headlights&itmmeta=01KR3K05TP73JR4X3Z3M5H608F&hash=item3bb69bcdc3:g:-aMAAOSwd59mKaU~&itmprp=enc%3AAQALAAABAGfYFPkwiKCW4ZNSs2u11xAKx1%2FgZaKQC%2BJ0%2BV7e2haPiy7roqYQSDgp4MwjyLIN0lCO2ZVA5cFqDbnGchtLdrjlKVu0LJ3GVLlIs8lt39wGNqc3odsm%2FDe5NE3qaka9%2FXJmAyCxsRr57SnWzDUb0EYLGH%2FzGRdI2jVMKD51G9y%2BtBrE3Qv0bsvx%2FhFnoOGDb6%2FWhe81Jittd7pglFdDwRK%2Btfm8Id9g1qUJnNcCeQFyTGcP7pB21aOOhuLGEboyL5Qv%2BNzfYwRPfG1%2FOPlz0NIwDVV5Zi8GHV%2BEIjVy0g2NGAWED4W40CuzDjtp2H1WwZEQRbxVpVrJn6ttYRs3VKk%3D%7Ctkp%3ABk9SR-rdgPPAZw,unclear,False,True
BMW F30 LCI LED headlights,BMW 3 SERIES F30 F31 F80 2014-2019 LCI LED HEADLIGHT LEFT OR RIGHT SIDE GENUINE (For: BMW),475.0,2026-04-30,Pre-owned,False,False,https://www.ebay.co.uk/itm/366167171979?fits=Car+Make%3ABMW&_skw=BMW+F30+LCI+adaptive+LED+headlights&itmmeta=01KR3K05TPFGS8E6KJQ5K44778&hash=item554143a38b:g:fNkAAeSworppAjNw&itmprp=enc%3AAQALAAAA4GfYFPkwiKCW4ZNSs2u11xAOnqUBXmy7%2FHAYfNaCJghiJde1tVjUFhYQ8ysHG7hEyU6ny1%2BURzW%2FkNthQbGMQ6Ca9cXoALwrXdypyQCvbvm3ZCfcDQowE3TQaB0Lwfxh0mc7l3tX4wPi%2FRE8NmQ6BDOb2m0%2F18LGZxNJF93--8J0jDki%2FGxZ9Gkcrug3z4uAzoESe3kP51HkFbNPV8TjvdTD3K8N5Li1iFJPM74eIjtM4ROYm1B6FHExfHYgc6tdNE2pyoKrTHUZ6hybVRgC4%2F2RKSTuFfwEMOZPSwSSN9Hd%7Ctkp%3ABk9SR-rdgPPAZw,pair,False,True
BMW F30 LCI LED headlights,NEW! BMW 3er F30 F31 LCI 2015 - 2019 NS LEFT PASSENGER SIDE FULL LED HEADLIGHT (For: BMW),219.0,2026-03-26,Brand new,False,False,https://www.ebay.co.uk/itm/188127107113?fits=Car+Make%3ABMW&_skw=BMW+F30+LCI+adaptive+LED+headlights&itmmeta=01KR3K05TPTDM88S6CM0SQVX0M&hash=item2bcd3fd829:g:oBMAAeSwD1lpoCXk&itmprp=enc%3AAQALAAABAGfYFPkwiKCW4ZNSs2u11xANtpGFnrpHYaxnIphxMVcbwSHFNnr08Do2OAovP8mu3twgc00Z2pTfz0H0SmTm--EyZx%2B8fdtnOj4eCo%2BjUBCvc76T1W%2FJxdBISEqpEL7%2BZsB55yMv%2FD0WssGJYdLuNSn4K%2BJbdCRnUVmmOenEEPYMRvSr9rfPx5btAEgovovFW8ARDF%2FHr3r7iHzvUkx5mt%2BTr%2BBBerIQfBxKaISo6THINq7OuNJlC4BEi2864DXVbkYEpZ6JmEfLkxEG57U6ZSZ6Er1bNrCK7t4Pvqi9q6ka%2BNapK8RcsyodylaG7SmnNtOeJAQcvj4JE5xk25GwoLY%3D%7Ctkp%3ABk9SR-rdgPPAZw,single,True,True
BMW F30 LCI LED headlights,BMW 3 Series F30 F31 LCI Left Passenger Side Complete LED Headlight,300.0,2026-02-10,Pre-owned,False,False,https://www.ebay.co.uk/itm/297796111991?_skw=BMW+F30+LCI+adaptive+LED+headlights&itmmeta=01KR3K05TPZZAJGQBJRN1K9ACD&hash=item4556080e77:g:i0sAAeSwtN9pJ3Mb&itmprp=enc%3AAQALAAAA4GfYFPkwiKCW4ZNSs2u11xA6feUkZ6EwG06s7tSb3ATFcPLJsj8AguqfktPtI4nNA%2BY%2FW3sfEMTpuFFBJza2MhYbZ0uPTy%2Fiy8j0Ri1vsF%2BQlRjbN0RFEtt%2FpaN5SwvfQm0glYdTNVg3TLG5DVgEpSYKb4z%2FUM6kD1KDdaF46rvTiWCJIXy8NZPKLSIQ%2FDjFOECeoAfc2gQkpZhz6mXXglyFLkUOG6jfG%2FJhX3pLTs7y1R%2BlOzWVY3l4qUqxd4KK9awRsRGkwJ9U00dmazQMRhvr7CScj75MlOpG0JK1lswy%7Ctkp%3ABk9SR-rdgPPAZw,pair,False,True
BMW F30 LCI LED headlights,2X For BMW 3 Series F30 F31 LCI LED Headlight DRL Module Set 63117419610 7419610 (For: BMW),19.99,2026-05-07,Brand new,False,False,https://www.ebay.co.uk/itm/127177638329?fits=Car+Make%3ABMW&_skw=BMW+F30+LCI+adaptive+LED+headlights&itmmeta=01KR3K05TP5Y6PAFTPAC77KHZD&hash=item1d9c60c1b9:g:rIEAAOSwX5hoTpJk&itmprp=enc%3AAQALAAAA4GfYFPkwiKCW4ZNSs2u11xBAtQUiG8ZyBVA7%2Bb%2BG2MVlgUIN3nRAH2ledFRwIlgCJY5ObZrnXEc7Dyhr1TzV2eDNDJym6DPaT4zq9rz5kK4TDGIfWs9%2BbGFvGbuihSaJpVbi7PnJI97SfoMD4W1lcM3jk%2BzlZI0j1bZzoncDnL4Ok3xDA93H3%2FPMG8MlXJ4uokGwHGQC6tQPsRwTuXn5rRT7S8IzR4PRkFhPnKR6D36p67eswZSK%2FPfhkXHRdOpkEpDiSAv80wlarY%2B0ERucfi59TF%2FHJcjVdknSx28jM322%7Ctkp%3ABk9SR-rdgPPAZw,pair,False,True
BMW F30 LCI LED headlights,Headlights For BMW F30 F31 2015-2019 LCI Black Light Bar U LED DRL Projector (For: BMW),469.99,2026-04-27,Brand new,False,False,https://www.ebay.co.uk/itm/167308459745?fits=Car+Make%3ABMW&_skw=BMW+F30+LCI+adaptive+LED+headlights&itmmeta=01KR3K05TPV5QK2DSGZCDRK8P4&hash=item26f45c7ee1:g:LWQAAeSw-Ixo46F5&itmprp=enc%3AAQALAAABAGfYFPkwiKCW4ZNSs2u11xAf480IK8jHSQlsKOAda8mA%2BRR5N8u43BtgecFw1XZvlZY%2Fl3km3R5xYAcL0tuPj0w7jOHmh2HiCn%2B3xT7A%2FiU9HDGCIPxRES0hYZGo%2BYZke69PhRXxkyDuyJ6eJvNgUEUENTizNtVJe9oIiEYgZdxYVbaNV36rGRQMNZeS7j2SXwmBhgrDMlyJEpOlDttkktt1O%2FaPPf8m68uyAlIikM279UTOIWZ%2BypPMbhuxXcotTxtl33FyHlh9Ts6QLdskSscFio7aAXxqPe7f13wRJHr8fmQ%2FQMsjR9CQ3YVI1jnzZJn34Uqxpqc5T%2BrJMzMsgCw%3D%7Ctkp%3ABk9SR-rdgPPAZw,unclear,False,True
BMW F30 LCI LED headlights,BMW 3 Series F30 F31 12-15 Pre LCI Passenger Bi-xenon Headlight 7259547,208.7,2026-05-06,Parts only,False,False,https://www.ebay.co.uk/itm/127849290009?_skw=BMW+F30+LCI+adaptive+LED+headlights&itmmeta=01KR3K05TPSWVZGPZ4C36KQZCN&hash=item1dc4695919:g:NmMAAeSwDeVp-vgr&itmprp=enc%3AAQALAAAA4GfYFPkwiKCW4ZNSs2u11xABaETs%2BN0B22ta8gUfYXM2DJb3IWvWQbQDhzdnp%2BHsBDYgqLVjxvXEx%2FPv8h31j0LNHsIsquNbs6EpPs%2FhekVKONlFfKes%2BVFidy5g5IrmS0SMhx%2F60exQC2nJeb3PvGO%2Flxpxo2vjhmSezHDRtwQBrl7QruKpkdRZK4JptfFIwq%2BKOPX4m4R8v3R%2Fbjjv8KKonhv93XiTqmWz7TovG6Wrv5wuzjhfR9NxLNW1brJTmaHP7%2BBWGmsHLw552J5n576lbEERx4x%2FL%2B6yFKJt90b8%7Ctkp%3ABk9SR-rdgPPAZw,unclear,False,True
BMW F30 LCI LED headlights,BMW 3 SERIES F30 LCI OS DRIVERS RIGHT LED HEADLIGHT SHADOW EDITION 7492712,399.0,2026-03-26,Pre-owned,False,False,https://www.ebay.co.uk/itm/257394173142?_skw=BMW+F30+LCI+adaptive+LED+headlights&itmmeta=01KR3K05TPH8NS6YV3HKZE820M&hash=item3bede364d6:g:VU4AAeSwPqFpq10L&itmprp=enc%3AAQALAAABAGfYFPkwiKCW4ZNSs2u11xCdpo%2F%2BF6NBvZm1Sy%2FmvrUqKEGeo9qyIBtWSSdKm3naaN5gFveKnus3QEFZc7NGNn5H%2FnG7r3fBCj1Kk%2FE2UPHNfnjyKSlb0JQNYMlsVg%2FXdzqecft2Vg8i47%2FMqdLb1jtx%2FOGcZ3BN0TpJ0Wd24FL3JDh1s61g3%2F85afI3FSjJgijSN%2BU6E7wXmC%2BMOejzCkBDN%2Bva7FzJYH9%2Bzjd6l4QjJCEXaw6fxRCKDewFKRtXiISAHV2n284xOgzq8MSn3ZNJySVnaZ3MZDFLL2WCyVJfTDFy0mDxN3ICzz7FFvfJdOUUCG8S25dMRQquezA1T2M%3D%7Ctkp%3ABk9SR-rdgPPAZw,single,False,True
BMW F30 LCI LED headlights,BMW 3 Series F30 F31 LCI LED Headlight Light Lamp 2015-18 N/S Passenger,127.49,2026-04-18,Pre-owned,False,False,https://www.ebay.co.uk/itm/198182439736?_skw=BMW+F30+LCI+adaptive+LED+headlights&itmmeta=01KR3K05TPDF2BWYB6TN8R9JN5&hash=item2e24980b38:g:-94AAeSwZzRps~u9&itmprp=enc%3AAQALAAABAGfYFPkwiKCW4ZNSs2u11xBM8pDrcxwjav1317G5D7f3KkYoig8Z3ao0fnQRsblXnPO08rvrE%2BNinwXp34lca7IONlUx0imuBiwEjOzn%2Fj7QUfKsc1THXNFOaJtt28gQT7fqrQ3vAXJ4Y3uslgCg6aG1OCe26UYowdOf2fHrHDOz8w6lk%2FhZvBRaN0psSxYXd2R6NSJ%2FKxM8qjvbMsYuesWP2OYaIKSBvfm5f%2FcXOETP0tTp9JRCdrGWxgVJCpm8Us2j1DVmCTD8iwKbaZL9Yj6YGBdU1S9ut161TFouHPI1Q7V%2FJu4qhZWc48B0XXrpDfV5cSD9mP2LEk4qC8IJBfs%3D%7Ctkp%3ABk9SR-rdgPPAZw,single,False,True
BMW F30 LCI LED headlights,BMW 4 Series F32 F33 F36 Adaptive LED Headlight Light Lamp N/S Passenger,500.0,2026-05-07,Pre-owned,False,False,https://www.ebay.co.uk/itm/198337522432?_skw=BMW+F30+LCI+adaptive+LED+headlights&itmmeta=01KR3K05TP4WFN75WR0TTZMFER&hash=item2e2dd66b00:g:Ei4AAeSwv5dp~GsH&itmprp=enc%3AAQALAAABAGfYFPkwiKCW4ZNSs2u11xCL%2Bxj2IcOKvPsiq6IdLQNYOD%2BGffXZhNaGr8wRfe4lLZZh%2FvaD2uFXkXxtYC1g3iWmudX0Xxk0JstMvgMpEtgqKZ2xrqHg7QyU5%2B2x%2BdvNSzeGJLkIOmBfVtBlBIxleuQDGsbhDOLqo%2FJnHB%2B9Ub4Rgr%2FSvMxFkuLch8l3AQkAgx4poQ0ZWBIAgSjAcmOCns0dnTKPoHntBxRoA9z%2F9DkOFLH2hc6bOmPO%2FUidOXg6O%2Figae%2Bnncszdh1nO6Z26zyj4rP8dopRwRgKaaYWtFYS9RxskivEExRS186S8%2FKEF9DZwgL3XW3hJfdXHHWhbX4%3D%7Ctkp%3ABk9SR-rdgPPAZw,single,False,True
BMW F30 LCI LED headlights,BMW 3 SERIES RIGHT DRIVER SIDE LED HEADLIGHT 2016 2019 F30 F31 LCI GENUINE 320,295.0,2026-04-10,Pre-owned,False,False,https://www.ebay.co.uk/itm/188234110480?_skw=BMW+F30+LCI+adaptive+LED+headlights&itmmeta=01KR3K05TPWV38Z7FRGWR0HZ6G&hash=item2bd3a09610:g:0OUAAeSwjb1pzVcN&itmprp=enc%3AAQALAAABAGfYFPkwiKCW4ZNSs2u11xDHLlFZOnvv7qQukvdrx8WbeUYRJhJhAZFgvgSZTnR6VaZiGvDtTmjEh1RLxTaWO51bUMgR8UrQFT%2BZDsEkaDtgSmv7GHRRybxHLu1Q9mJLubIvZLuo706fNx2d%2F95n4CHxqx5l1nsl361GNWnKwX8unl%2BOSLEgwgUtLnRhVfaNrJ%2FSHiPW5CtamS1QuG%2FdlNq4%2BlxdJOnUwCDvIZH1edsc5xi8LxxSf%2F83M1xekp%2F1OnOiXd1ZmEz0MAwSSWpKfiKR9vC7TlkmOZ6Ch6fZkqunioX3QWnwV2uTVrhGbdN4fBr5zE%2FqzaaSDrZ7SZtXqeI%3D%7Ctkp%3ABk9SR-rdgPPAZw,single,False,True
BMW F30 LCI LED headlights,Genuine OEM Hella BMW 3 Series F30 F31 LCI Halogen Headlight LED DRL Left 15-18,240.0,2026-02-24,Brand new,False,False,https://www.ebay.co.uk/itm/147160018555?_skw=BMW+F30+LCI+adaptive+LED+headlights&epid=14016361240&itmmeta=01KR3K05TPVV5FKKXJGKYDJTBZ&hash=item22436bae7b:g:I5wAAeSwbFlplche&itmprp=enc%3AAQALAAAA4GfYFPkwiKCW4ZNSs2u11xDjZ%2F3%2FGT9W3o%2BKjqGBly8dpgki4myyOCTc%2B7jgv05fE%2BPvZtBaIn6QMhC%2B3rztzJkASY6gFREBjiM4OZn%2Fl5Ymmhnp53MoZXjjO7VhQmrr0cEoPMpM1PSAfQjDOE1LKYM7gVtFH7xipapu5uLMszCaYeHk3RQ9LWP4BVx7l5Zt2LWqMPsTNuECQqF1P1rK4jpJhPxVdYXbAQYv1Bluq4PSB%2BbYBkAEvo9an3YIXdVUOPUePmcMBcrwB5Bk%2FmYwydAE6oSYU94tmGqMrqVsTMT5%7Ctkp%3ABk9SR-zdgPPAZw,single,False,True
BMW F30 LCI LED headlights,Genuine OEM Hella BMW 3 Series F30 F31 LCI Halogen Headlight LED DRL Left 15-18 (For: BMW),309.99,2026-04-21,Brand new,False,False,https://www.ebay.co.uk/itm/255204360421?fits=Car+Make%3ABMW&_skw=BMW+F30+LCI+adaptive+LED+headlights&epid=14016361240&itmmeta=01KR3K05TQB37PCXE1PJ41BME9&hash=item3b6b5d80e5:g:9P8AAOSwXfFhl5KO&itmprp=enc%3AAQALAAABAGfYFPkwiKCW4ZNSs2u11xAhnOd0zufnNwwR9SPItmQ1iw1RvbyXLkPEdoKLwWTwoSVnr9vMFJ0HItRAcniBT%2B%2FRxOcfSrzidUaJ6Bhbv4WYlCpTfa98aG1WhrO2dbTm4vnPGqf7up6UH6hAgdrtmTmC%2FL06aHqf5LVQCVLFDU5uwjDqLvweAMMGzkMLThb9DD7EoBFslcfrzJsVZF%2BcrfMRy%2FeeRQJ8E9J2M2EL2Jha2VdwFp%2FEcnK12IRangSmGZxblU5SwrwNvmgYrA9OLzJbywq4kFOAzV%2FWbh42onOjSTuLHcvGjbipjMltv8HqCTW9veBXHLm3UGauEKpUSsg%3D%7Ctkp%3ABk9SR-zdgPPAZw,single,False,True
BMW F30 LCI LED headlights,BMW 3 Series F30 F31 LCI LED Passenger Headlight Lens Replacement 2016-2019 LEFT (For: BMW),45.99,2026-02-11,Brand new,False,False,https://www.ebay.co.uk/itm/175381463211?fits=Car+Make%3ABMW&_skw=BMW+F30+LCI+adaptive+LED+headlights&itmmeta=01KR3K05TQ5KK8EVCQSESKD9Y9&hash=item28d58cc0ab:g:OPcAAeSwrj9pgXq4&itmprp=enc%3AAQALAAABAGfYFPkwiKCW4ZNSs2u11xAlsEXSRKcyKbQL2q3oHSxgmIlYPKnJJxZ2o8Osi5SNS8XWq5aO2wc8ZI8JRjL8VERFyKBu0ntk%2FEIzNxeFrH9HLDxd9Fn3sEMOLEHgfCbVYgaVYszL5SBnveKYe2KAXJbgktKQoDqd9asEt9BdBQpTaER5HvKehMlnwHMgJ%2BNrM1%2B4AnompH3CkpJKQJmNOmfgqjwY6o%2BfvU6pBLusadpD%2BmQ5TSuh6Bu45ENd%2FAuuW%2BomPgwgR9OZpBMNpvS%2BEQB8okxskw5UpniL3fKSQfOP5kQS4LJjerf1qtU0I1eECtXD%2FYP92KHMVLpEr%2FJVukc%3D%7Ctkp%3ABk9SR-zdgPPAZw,single,False,True
BMW F30 LCI LED headlights,BMW 3 Series F30 F31 2012-2015 Headlights Headlamps Xenon Look LED Angel Eyes (For: BMW),444.95,2026-05-07,Brand new,False,False,https://www.ebay.co.uk/itm/283675720894?fits=Car+Make%3ABMW&_skw=BMW+F30+LCI+adaptive+LED+headlights&itmmeta=01KR3K05TQK5E8KXQHYE3NV1HR&hash=item420c63fcbe:g:lfoAAeSwoVBpEb0E&itmprp=enc%3AAQALAAABAGfYFPkwiKCW4ZNSs2u11xB9IPCO9%2Fwa%2F37SQJ0pRCOS5jSzFDjNmQ0WV0ItwOqBtaUceUCmA%2BhAuGwaM4oLyB42zsdo0UnABrmoXuYUykCkDoD0526UFJQpL6oqV9GGZR1i6SjWZqlaZ7nCqW9KVVeNQ2qam%2BDBH71JD6p%2Bumkho8DAVGxU5hQ5ctrjmNBiQuKVCjNQexUuWxoeIC5h917unqwVcomIoTQLxuGGAShjkN3uw0e5aYgajnbojm96CsdLPo4FLeZJutC%2FEkhRI8tJD2DPfAMiiaatXqF14T%2Bikd%2BumCfqFSNesUyHPoFWMlafYA9yPmRNFT7WpwfgfxM%3D%7Ctkp%3ABk9SR-zdgPPAZw,unclear,False,True
BMW F30 LCI LED headlights,Genuine BMW 3 Series F30 F35 Passenger Headlight Left LCI LED 2013-2018,295.76,2026-02-12,New (other),False,False,https://www.ebay.co.uk/itm/168113204419?_skw=BMW+F30+LCI+adaptive+LED+headlights&itmmeta=01KR3K05TQ8WMMDT5HM3R3PJ9C&hash=item272453ecc3:g:WS8AAeSwO2Bpd8hP&itmprp=enc%3AAQALAAABAGfYFPkwiKCW4ZNSs2u11xBDaWoeh5F32MXU%2FlmkjUYPOwL9%2BpP%2FzLlcvKLDVWIlfM8b1Ibdy2GbRXudrn56jUDriNgF0OqPd5gxnAST6YF4ptonpFc%2FtQFQQdQ%2BEwV37h3N7IEgWQu2Aw0bl4V1lVTOo%2F3P5HTMAe9pQyetG8nfiALsbpK8MfwCzvJ0X%2F8A6MTBDlCTqCvjsKwv8qE4D5Nd7f%2FglwmGXmXo1TCKkIoRD2eW%2F2F3ypl42m5uI4pr679KEpi8mmTbOeNXLnFhJ%2F8gavoTCeXjqNl%2FfJIjKpfAKTMmbuIBfDRzyWMDAfBgRbSNeJWsW5xoWWJaQsHrSV4%3D%7Ctkp%3ABk9SR-zdgPPAZw,single,False,True
BMW F30 LCI LED headlights,GENUINE BMW 3 SERIES F30 F31 LCI COMPLETE LED HEADLIGHT LEFT PASSENGER SIDE,520.0,2026-04-30,Pre-owned,False,False,https://www.ebay.co.uk/itm/406834889699?_skw=BMW+F30+LCI+adaptive+LED+headlights&itmmeta=01KR3K05TQPRFZCFNK475JFSXK&hash=item5eb93fc3e3:g:mcIAAeSwin9p0-5G&itmprp=enc%3AAQALAAAA4GfYFPkwiKCW4ZNSs2u11xA5cm4enU%2FjiT%2BPEjml3VYr9f87vpu1oPdOHeEf0FlEGZlQoV%2Bloxcs5Pt87eU5b6yJxcJbzsaGCPr1Ld8fPqQYAfzm90DpDB6T5ENvNq%2F4PEWSYQLQr2IkYW%2F2ng2upK6V%2FoAmotyngKW0k9lsdrUKC8gen6BkFTPxMMjVjMqWeLdYrM3ErmK16U7p3%2Fv3aXVULWthyvfRz2IUrbyP0j99ywT7AFvrakDMslQFrEgnVEYsUeEH%2Fv6joYxZ17qqW7kOBywSjuwE8zUb8POsEwQ1%7Ctkp%3ABk9SR-zdgPPAZw,pair,False,True
BMW F30 LCI LED headlights,BMW 1 SERIES DRIVERS SIDE RIGHT LED HEADLIGHT 8739574 F20 F21 LCI GENUINE 2019,245.0,2026-05-07,Pre-owned,False,False,https://www.ebay.co.uk/itm/127850541348?_skw=BMW+F30+LCI+adaptive+LED+headlights&itmmeta=01KR3K05TQC1JD2XJ21MHRTY2K&hash=item1dc47c7124:g:LdMAAeSwI-lp-73w&itmprp=enc%3AAQALAAABAGfYFPkwiKCW4ZNSs2u11xA2eVs%2Bb5qMHd12CKAXaWwbI85HHFcxgRqR8TCi0p3%2BrzLWB2wXC9R%2FMT4sofY6cwWGMqmEP%2FXcTH4FYxPrFVh3JtLQ%2Fv07nw7AAIvBhumk%2BBhFdezVKKASGn%2FX86UX8%2BgLXzZaGvUtaykiQmuxBVtu5xae5AvojG3hVedjGBNYNL%2BAv2Q03f%2F%2B2GQ3K2ZKvirfkITXt%2BQ%2BsANqMIDcj9wsEOW9S6o5X5V4MkSt2cwdc03kbGCL%2FXSXk9z%2B6L6%2BSYFKuAXipESNL3fu6vGMF16%2BEW4T9Hm9zAs47c7%2FQYg1KCgrlZyX%2FZa48JAlMTnGXVw%3D%7Ctkp%3ABk9SR-zdgPPAZw,single,False,True
BMW F30 LCI LED headlights,BMW 3 SERIES F30 F31 PRE LCI COMPLETE ADAPTIVE XENON RIGHT HEADLIGHT 7259548,450.0,2026-02-23,Pre-owned,False,False,https://www.ebay.co.uk/itm/326847548493?_skw=BMW+F30+LCI+adaptive+LED+headlights&itmmeta=01KR3K05TQQXWHNEA9TBMN8DZY&hash=item4c19a1cc4d:g:3LAAAeSwnRtpCJsI&itmprp=enc%3AAQALAAAA4GfYFPkwiKCW4ZNSs2u11xB7rfZvk0VW9SnpmDh60aFZH7YqL9oCWkjFngU4Gj%2B0T9u6Z7oDmYO7zFlxsTcRjdvvaNUYTxR7lLUXdTCSu6ynb4yFCV3vgnTgC%2BSX6kJSRHXk%2Bt%2FsxLd75fNwZZblesZWYffdlEdqBOiHCptRY7IJJmMtUp473kuHp8WnspQIoKilhNDuGGHbtzJk9wUWWPRCRhC%2FhdcG7WKjd3HdP9%2FifDpz3Q6A%2BEprL6CtB%2FwnLVouNMnneZGpNxl7I9y4eBkvzevc8eGJqaMyCnb8TvBs%7Ctkp%3ABk9SR-zdgPPAZw,pair,False,True
BMW F30 LCI LED headlights,BMW 3 SERIES F30 F31 F80 LCI LED HEADLIGHT RIGHT/DRIVER/OFF SIDE GENUINE 7498948,599.0,2026-05-01,New (other),False,False,https://www.ebay.co.uk/itm/306912460232?_skw=BMW+F30+LCI+adaptive+LED+headlights&itmmeta=01KR3K05TQ5HYYYG4Z36VFRW0K&hash=item4775687dc8:g:FyUAAeSwmH9p8ec4&itmprp=enc%3AAQALAAABAGfYFPkwiKCW4ZNSs2u11xAmzRsAWgCm5hfN4QTMnvGzlPcfvPoMfLgGVHoGue31L6H34ozJ1m4RBhL01M9%2Fpe4rNrpBCRS3eD2Y3MRcTCHpwmu0ARxlrB09%2F7q2JpyL7Fd8enroVWHLsJcv7lZhC8aLCrmzek84BCRPJMHDq1m%2FOXN7G2PRn9MSqXA78bx2xLq8eqHovLnSAxGh1KyOhpPQmKkgdvHuxNX7TlszrFS5Hy5tAdl8Js9JUIKav7G%2FXLUodONHzdbK%2FxZEyIivRa6xzQS4r4oWMK8kOMD2OscX%2BEQRR5LIOS%2BS01eNr%2B3LIIs4wJS4Fu2K9AyQdabmrwk%3D%7Ctkp%3ABk9SR-7dgPPAZw,single,False,True
BMW F30 LCI LED headlights,BMW 3 SERIES DRIVERS SIDE RIGHT HALOGEN HEADLIGHT F30 LCI 2012 2015 GENUINE,69.0,2026-04-25,Pre-owned,False,False,https://www.ebay.co.uk/itm/188309355979?_skw=BMW+F30+LCI+adaptive+LED+headlights&epid=2093198872&itmmeta=01KR3K05TQZY7M1F1MJCKPDVYS&hash=item2bd81cbdcb:g:ZssAAeSwE8Zp6TSF&itmprp=enc%3AAQALAAABAGfYFPkwiKCW4ZNSs2u11xBlGFnazpcNb4rzTC4FD8C5Gg14or%2FndN9ZtWI0y8emPF2rLqKaqyrAO%2FQQTj%2FYVBhHTfiDe4fDJi4unKj74GZKeWldbFxxqeW04G50z5YxJdnkms2FmsJrbVryI%2Bver555duoMdfckisMYmVSwPNX%2FFtu2expopNN0K%2FBV5ZvQwBqhNwBDBtybj8O2dnl3gIkVonr%2FP7j16jUtEx3spLlWzWqtQRQodxNlBbHiQkC%2BGmAGCD%2BvMrK%2F8amWVscS7MAWwEqx0BXLYPFKNBQWaB7Z%2Fy8vNgLSe9QFgsgN3TPTiflLSKs%2BHaCWZ6%2FECUgsyTo%3D%7Ctkp%3ABk9SR-7dgPPAZw,single,False,True
BMW F30 LCI LED headlights,Headlights For BMW F30 F31 11-15 Black Light Bar LED DRL Daylight Running Depo (For: BMW),449.99,2026-05-05,Brand new,False,False,https://www.ebay.co.uk/itm/406890587032?fits=Car+Make%3ABMW&_skw=BMW+F30+LCI+adaptive+LED+headlights&itmmeta=01KR3K05TQRGJ0X5R6MKKESPJP&hash=item5ebc91a398:g:D8oAAeSwhANp8LG3&itmprp=enc%3AAQALAAAA4GfYFPkwiKCW4ZNSs2u11xAnCd1G4DIkNTmskH4Nc%2B41DFmWq%2F77BfJQUgm08KOosLcVe3y%2F2CYTVvfNh744JSwVTK0FkXypXVvKd4mc2h9yzJcrWUG22UqTQa%2FliW5TNa4Eh2zvZ8o4u8o3NeJnZtEK%2Btp8Mwd8Sy%2FuD9V5IUO4VIp%2FM9Nb6VbslOJW%2BzLSbftXTNirRBC%2BRSJ3KwvZh77%2BHRvpkLRiEa2cmUoh4npfrP7sUMj%2FJA5DE3Ge5u5%2B3Nt4rHBkQKGHhtD58cuoTpzNzstcFttsuUaIdq6d1E5K%7Ctkp%3ABk9SR-7dgPPAZw,unclear,True,True
BMW F30 LCI LED headlights,BMW F32 F30 F80 F82 M2 M3 M4 Adaptive LCI Xenon Headlights,618.7,2026-02-09,Pre-owned,False,False,https://www.ebay.co.uk/itm/317158159742?_skw=BMW+F30+LCI+adaptive+LED+headlights&itmmeta=01KR3K05TQX8PXZG06QE00ZHHR&hash=item49d819757e:g:oFgAAeSw5LpoleAL&itmprp=enc%3AAQALAAAA4GfYFPkwiKCW4ZNSs2u11xCcCCpp7AGF0a%2FQvwfzpZNZ6GYofC0WwMgL28w1%2FCy66LQLwV7sMpqpBQIDmqWgs7U6A2Rlx90saxcBUtGGM7zTyUk2w6kiT5KFMtThErwuWbWEyOIXTGgdcltaQqIhLyVDTMm0VkYFttEy1KxZTAgGd3MK%2BUd6GURS48aQLZ6SmkBCXkJls%2BOa6c%2BK5r7DtOM%2FSbjEZ2XZa%2B7FlN%2BHBqUG3VAlxnYZF4A1QkIUN9kkkLVE4Ecvs773ExQgQLNsgPKC9pxMkue7C8D%2FLEBQv7kv%7Ctkp%3ABk9SR-7dgPPAZw,unclear,False,True
BMW F30 LCI LED headlights,BMW 3 SERIES DRIVER SIDE LED HEADLIGHT 2016 2019 F30 F31 LCI,348.4,2026-03-24,Pre-owned,False,False,https://www.ebay.co.uk/itm/318034666393?_skw=BMW+F30+LCI+adaptive+LED+headlights&itmmeta=01KR3K05TQEN8Z6N8HRFA3ZSVP&hash=item4a0c57e399:g:88YAAeSwOyxpvXGB&itmprp=enc%3AAQALAAABAGfYFPkwiKCW4ZNSs2u11xAYvxcQcWy3%2B6wJumpxNxxIuS7jPdFLeU9Rxvy6XJ9X9cP2sO0zMt9lIetgr68PWqy8%2Fr3r7kBcbmZRuhC8SDEgfg2Z9IH5f6Sp8sZrSwDMd%2BAGZMf1227Fxtgwi%2FRrVcDee9aXHxfcCuj%2BmfewqG7KSE6O0%2BfZpXbU%2BvnKoEG3g%2FR6yiNZwtEJb3AiiF0ZQFfXp5B0tO9O7M42rYC5vxzjNDaLvLBHdQD8cUUdtlyg6RgJMskIWYKY6UUCMXy5GLJ6QTMP%2B0JLmz5QIBCJjIP2iFcXzpC7VjFX41%2BG0sFcy8%2BH%2FzbRC%2BzxakhQa5Pwat4%3D%7Ctkp%3ABk9SR-7dgPPAZw,single,False,True
BMW F30 LCI LED headlights,BMW 3 SERIES F30 F31 PRE LCI XENON HEADLIGHT RIGHT DRIVER SIDE 7259544 #210,299.99,2026-03-05,Pre-owned,False,False,https://www.ebay.co.uk/itm/167242488226?_skw=BMW+F30+LCI+adaptive+LED+headlights&itmmeta=01KR3K05TQMVSZF015ZPDN6EKG&hash=item26f06dd9a2:g:g0cAAOSws4Fnf6IH&itmprp=enc%3AAQALAAABAGfYFPkwiKCW4ZNSs2u11xARVPuZ9bDsiChvu3DjiPvpu7t45opT%2FiMRNn7aIB50mSR7vX0hZYEXuGTUN6lKnnIN1vvIeAJQZWRddWaLAd5cHMoSiBWtNqYWfAOnmOwO9rY5fx4iGdg8Zfz4l4DUMe5%2BbnOqqB6OQawEDhkmnADfZYU7e2bojPhAiDnjJRseSbi2zcQ2sa0Qk1bJC8vnrO7QqlIH3H72x1NX6PITMosg4RcQtdYLrNa%2F6PY1LGr9nT%2FMCKQxVRK7FaHdgbnPYF3D9t5VBHA7z7c8ke%2B%2BbeOf7cJ8fcPYEmsztycqzS%2B15ywqn9jI8xDeC1PFvEySypM%3D%7Ctkp%3ABk9SR-7dgPPAZw,single,False,True
BMW F30 LCI LED headlights,GENUINE BMW 3 Series F30 F31 LED Headlight Left Passenger Side,350.0,2026-03-13,Brand new,False,False,https://www.ebay.co.uk/itm/397631802477?_skw=BMW+F30+LCI+adaptive+LED+headlights&itmmeta=01KR3K05TQBB3VM6HPYR21YACV&hash=item5c94b3cc6d:g:lukAAeSwFQxpmIBn&itmprp=enc%3AAQALAAAA4GfYFPkwiKCW4ZNSs2u11xCQs%2BAVfAvsyiigMwNpt3M2KpCiwTtq29wHS6kBX%2FtMAaQexHpd5AD7MIPtE4h%2BZh7TerB8QhhV%2FIhaEBvbC2zcgOMXTnI4WwbIJiT2bYtu%2FxZ3S7Y6F5Fglqhh55HcsiNLKgGFi0uJtMsZY7nWFX0ei1x0V8bso80Q4f4IP1CWzFTA2PZRedzVW%2BmwAs%2BVxhSDk8SX7m6WBMYokF8P2eGmGyjj3DUDXlsqabtQEr3HE9zxhIFwlpv8uTAeQDR481h8si2AHkELwGEJFQgckjEo%7Ctkp%3ABk9SR-7dgPPAZw,single,False,True
BMW F30 LCI LED headlights,BMW 3 SERIES LCI F30 Front Left Halogen LED Headlight OEM 63117365597 7365597,208.7,2026-03-16,Pre-owned,False,False,https://www.ebay.co.uk/itm/236670454283?_skw=BMW+F30+LCI+adaptive+LED+headlights&itmmeta=01KR3K05TQD9CM4PW8NRVBSGKQ&hash=item371aa88a0b:g:4CIAAeSwAZNpqaIE&itmprp=enc%3AAQALAAABAGfYFPkwiKCW4ZNSs2u11xAXp2cOKvSK5SkfuYFUF%2BLPBkTun6nokRt74KLk2PqwSkBRsQrjukxF17UJHNt3hzCaM1J5pipiwvhKhkBeElzTpL4PVSbCoAgBzG5zvYaOSFZcujSRxEVlWmNUTrkRE6jO2h6zD%2BUt6qZgZMndeqn60OJQuD4A%2BtapgIdZRk57Df5oq4NJSICeVfc%2BBZ6MtypnNL6V8d%2F1nKwTonKAjHk2nj73lERFz9uQaYE1QBiEHL5jivJ7V8%2BWavl9r%2B64baRZ%2BNoR572ybv1JTAcIA0qOL2Z6%2FO%2FyH5GEV2E2YaXYLBjVlWvFTFBF8no2S%2B7UmE4%3D%7Ctkp%3ABk9SR-7dgPPAZw,single,False,True
BMW F30 LCI LED headlights,"Bmw 3 Series m sport (F30/F31 LCI ) LED, XENON, left Headlight",333.1,2026-04-21,Pre-owned,False,False,https://www.ebay.co.uk/itm/389393875078?_skw=BMW+F30+LCI+adaptive+LED+headlights&epid=1025372681&itmmeta=01KR3K05TQY724ADFFZXYX78BE&hash=item5aa9af0086:g:oO4AAeSwi29pQYFy&itmprp=enc%3AAQALAAABAGfYFPkwiKCW4ZNSs2u11xDPzjqFJCMf0bot4nYlceGq9uMySjKggTWm17jJb4iqTrHb0hZTBcekkwLwI6hxGfYXAUaVLhlIx514aX757jQkcU%2BhTHHgZxQwLRwqnUUqM5VeZMdzHTqAsM4OC--N%2B8%2BsrBz%2BiwNOtCm%2Bj0FYmv9xVdjMffABDmPXYUB2oWygwuKZhwD3j%2F5dCK7B34xEmhGqeIejMvHnw9Lfl74QJe2s8SKPH%2FQR%2BHHIOKF8PR7hSu1dRDU2roaoBCVPT%2BQSTJH7A8nzMF%2FYIjYHF7kIZHlfu6NUJZuc%2BqgfGRIVgQ6aeM%2BjXL4sk7zDPI7PbW%2BZHq4%3D%7Ctkp%3ABk9SR-7dgPPAZw,single,False,True
BMW F30 LCI LED headlights,BMW 3 SERIES F30 F31 PRE LCI SINGLE XENON HEADLIGHT,370.0,2026-02-09,Pre-owned,False,False,https://www.ebay.co.uk/itm/366172462236?_skw=BMW+F30+LCI+adaptive+LED+headlights&itmmeta=01KR3K05TQKFHCEQK2VP5BWGEQ&hash=item5541945c9c:g:C9YAAeSwG-tpgi9g&itmprp=enc%3AAQALAAAA4GfYFPkwiKCW4ZNSs2u11xBDXncJKaEEgWrzUX7mOyOUCOqy1m%2FxTBzctZvj8I%2B1sT7ocnJEPjjQwVyJ8kPestztgQsrzeje3Ol0n%2BgZjGR1GqefE2nT0mZT69j7lwGSf1MHuo5uA7qMMLAyQRZRfoo7pxP6MOVMPhBMcKIRAFR65dLBiBI9j8rHokP8cfP36u%2BmL66r6CwmxO%2FviDjNAGiNvyjEn198%2FYr8N8Dm74R79zjxEjIItFYVgYjwfL%2BDN8Mc1D7fM7lB%2FS6mk2qcusBZTKu0WyY4eNCaMWoCEzGZ%7Ctkp%3ABk9SR-7dgPPAZw,single,False,True
BMW F30 LCI LED headlights,BMW F30 LCI 3 Series LED HEAD LIGHT PASSENGER SIDE GENUINE,349.93,2026-03-04,Pre-owned,False,False,https://www.ebay.co.uk/itm/389463716408?_skw=BMW+F30+LCI+adaptive+LED+headlights&itmmeta=01KR3K05TQCH707R2GF5E9JKYF&hash=item5aadd8b238:g:ALEAAeSwNvdpXbMU&itmprp=enc%3AAQALAAABAGfYFPkwiKCW4ZNSs2u11xDDzDJpnuu1mwSGY%2FEZKrAe5n8G%2B5rDHW%2BVAbEA4dq2l7QBfSGdQEkuEToVim6gsjEJ%2FuwKRx1hN%2FcPUoRUoh0w0D7caawSWb62Q%2Fr3myd2S9XNADSni0gULBWrDWtdNaak5M2ScgdOa9ZsbYBHZ0dAjFtNIY7nbXmhOouSOMmFNgyFNhu0pHgrer2x7OsicEL1s%2B7zU0%2FaamHKOKsnIuYwe4eOp4eUIFhTHE0s6sJJRmLQ6m8tw6HUhExZ5BPyefpYHHSz2OeMpBgoBP5mC4tAkZv3WLUQ5zyJVDJlYhrpYDIhxa9%2F9YiTvWc4EPCGuvQ%3D%7Ctkp%3ABk9SR-7dgPPAZw,single,False,True
BMW F30 LCI LED headlights,BMW 3 Series F30 F31 Headlight Right Driver Side LCI LED Halogen 7365598,156.7,2026-03-04,Pre-owned,False,False,https://www.ebay.co.uk/itm/406735067576?_skw=BMW+F30+LCI+adaptive+LED+headlights&itmmeta=01KR3K05TQE3C2SK12ZEDTA8YQ&hash=item5eb34c99b8:g:hyEAAeSwMQhppyaD&itmprp=enc%3AAQALAAABAGfYFPkwiKCW4ZNSs2u11xBDJ3Ks%2FBMgWqlkz7RKoEGElFI3q2JcP2ccj%2Fi2NHOIg1tq4ZAodtfjDetelNcq2TDx78iJ03Xp1lxsM%2F7cjQ5pTI1nND2siw%2BrMQ07JgowYLFoqOgifNt6J7nZ32MKJXGm52lZaF%2Fs65MhittmfWYspi25szuApijWsoyw5Hfy%2F7xjA0EF2jOFQMe1d4h4TPsARXntc8Z7gQ3CSJzxB5epEA%2BaRMc%2BRXokZqCUQQwCmHC72B3liSkHEmB8uPyO4MbUsL%2Fv8bpb7NUWIFTY4HnFWsea%2B8sVJN6yb3UC19BxC77nNzuo%2BlOA2boTKNPzn7c%3D%7Ctkp%3ABk9SR-7dgPPAZw,single,False,True
BMW F30 LCI LED headlights,BMW 3 Series F30 LCI 15-on Headlight LED Driver Side Genuine. U10,271.1,2026-04-06,Pre-owned,False,False,https://www.ebay.co.uk/itm/298044897070?_skw=BMW+F30+LCI+adaptive+LED+headlights&itmmeta=01KR3K05TRQW68SQT9296ZD9FE&hash=item4564dc372e:g:VAEAAeSwws5pliRO&itmprp=enc%3AAQALAAABAGfYFPkwiKCW4ZNSs2u11xBoffaSuwDs8q6l3ngmH9Ohydsdp%2FG71IOLZAWwplyYp29rFeS9MuYgM2pMpwsAWXzFzvIqCo9hloEShwi9ZMqfrPE93ulvh88ThFCLm2W1tNMHlYtF8DwsdoCPsGyzUTsW%2FH64vCkAgUy8kGDA1HUWriG1jPPKOTTWYCFjy6P%2FBd%2Bk%2B%2F6R3V5ZtQ1WABwHgGTH%2FNtlEVndeP0Ta3bkMis%2BDjxcM%2BNpPMwcR%2B8FjCcXtTB0CQcOF6xRjFNoYihgny7XNzONkjcTO5koBtgQsa10oN%2B25klDWXMiFC0wJXMloxWc%2FtxSoQI4oMHuwLXMWrM%3D%7Ctkp%3ABk9SR-7dgPPAZw,single,False,True
BMW F30 LCI LED headlights,BMW 3 SERIES F30 F31 PASSENGER LEFT FRONT HEADLIGHT PRE LCI 7259539,70.0,2026-04-20,Pre-owned,False,False,https://www.ebay.co.uk/itm/157835294215?_skw=BMW+F30+LCI+adaptive+LED+headlights&epid=838132545&itmmeta=01KR3K05TRJXBMQKN6G96V4Y1J&hash=item24bfb77607:g:QbQAAeSw0Plp33CJ&itmprp=enc%3AAQALAAAA4GfYFPkwiKCW4ZNSs2u11xCMx5DylB07GLpj9gbgso5DLYUhgnueKqB3Q0UKrYNU8pcmCKNnDIhrPC%2FWVoVL27PNDxVJ%2FPQqfBPjsLgIgz5A5vexPrsK9IsnzTMcDO4dHO9qSxFOsDlVmEo5688yLOJ4XEmyWEqUWzUsi7OdX29RdUlGxwTD%2FitK31E1Eru8bSClGqZuSBoYr62TtnWOPFw5NPrbHLEQJm50ns8ezngOWmUbkg2gEPnV9jrEXEFLIcdo987LTePC0AqgbJ4SZ8tU2TgwZ%2BW%2FduykXBbhpfdx%7Ctkp%3ABk9SR-7dgPPAZw,single,False,True
BMW F30 LCI LED headlights,2019 BMW 3 SERIES F30 F31 F80 LCI SHADOW EDTION LED HEADLIGHT LEFT OR RIGHT SIDE (For: BMW),475.0,2026-04-08,Pre-owned,False,False,https://www.ebay.co.uk/itm/366167172070?fits=Car+Make%3ABMW&_skw=BMW+F30+LCI+adaptive+LED+headlights&itmmeta=01KR3K05TR5KQ2Y0MQMNVFED1A&hash=item554143a3e6:g:s2QAAeSwZNxpCA5e&itmprp=enc%3AAQALAAAA4GfYFPkwiKCW4ZNSs2u11xDR%2BL2nYSzhwr3GZd6uwXluNqBMUo6xlQiWYVlQN1OYhGCIfLlLNOdFKII7yWQCdEvoA%2F%2B4wcPCXK70Q%2FevmgWDbnFwLyEXh%2F6b22Huy6MLvpPrGfmXoTbytFeVKHE0El3HeiAfy%2FmD6kbTn00N7Cm68AodJZvarFeAw25H9W6pRc0I2vZ7Jg1sSoj3AeMvgxn4YAXfQV%2Bnf2%2Bj5ZshwqTPFrKEMV7bGsnodAkPqmqWn%2FWLqk4IsdDbs%2BV6nQuAl7wMfQ9QXnWfT0IuL%2FZ2uE7p%7Ctkp%3ABk9SR-7dgPPAZw,pair,False,True
BMW F30 LCI LED headlights,BMW 4 SERIES COMPLETE LCI LED HEADLIGHT RIGHT DRIVER SIDE 7498916 F32 F33 F36 (For: BMW),625.25,2026-05-07,Pre-owned,False,False,https://www.ebay.co.uk/itm/326765852799?fits=Car+Make%3ABMW&_skw=BMW+F30+LCI+adaptive+LED+headlights&itmmeta=01KR3K05TREGZZJSYXZ26EHKA6&hash=item4c14c3387f:g:PWEAAOSwC41lX4h2&itmprp=enc%3AAQALAAAA4GfYFPkwiKCW4ZNSs2u11xA0WiCqQEBE2FVhnh0MHgxNJYSxK7UBG9SgWHcUHWxNMzoCL2B91GV5KFnUdi%2Frv7D9sPNDoZIL4kGAVVSQgUA6W280mfvJvw7%2FTyJgF0pgcPEGDi1uUb23OwK3CNKcMRiLeWKmYQGZOt%2BoWo6MXTPMIIQv%2BixkIGpnpqkFmKRpZgFB9Ws1IH%2BpgVKbMp2oLzLQRguLRP744jlLg3PbA6DIS3A%2BKUFJVDh2E7%2BqIVc%2BBOO2ElB0AF8AiMgJJ%2FyUFCj4izrll%2BQsw3%2FrWFIumfpa%7Ctkp%3ABk9SR-7dgPPAZw,pair,False,True
BMW F30 LCI LED headlights,BMW 3 SERIES F30 LED COMPLETE PASSENGER SIDE HEADLIGHT 2015 - 2019,499.0,2026-05-07,Pre-owned,False,False,https://www.ebay.co.uk/itm/397456558043?_skw=BMW+F30+LCI+adaptive+LED+headlights&itmmeta=01KR3K05TR2BF2QJ5MFDDBXQVA&hash=item5c8a41c7db:g:SWAAAeSwOA1pWCrR&itmprp=enc%3AAQALAAAA4GfYFPkwiKCW4ZNSs2u11xDRDNO%2Fyh1foFpO8UQ%2BbyImQMdti33RnEJMKk8NwrsmNTnnXaitSNcz39O7v0VKFrks1xRAZVq19KZIcV5qAzyKXHbHm3RO1CVmXiJSG9lXQcsljo57uQfNyF7v6uxZq4z%2BkFsL7Z2eUWtYH1btN3otvvM8olQ9UFETUDQsNVC0NSro7DXEgzXNq9%2B6pFMfh4X6qiaGiDe9inQsmB%2BcV04CYLdFNiU%2FfA5W9FUNYapo%2FjgO62eS5oa0Vq33urENWOjpn26F5qcNacgnt40Xmfq1%7Ctkp%3ABk9SR-7dgPPAZw,pair,False,True
BMW F30 LCI LED headlights,BMW 3 SERIES F30 LCI PASSENGER LEFT LED HEADLIGHT 7471307 2015 TO 2019,349.0,2026-04-09,Pre-owned,False,False,https://www.ebay.co.uk/itm/298199828769?_skw=BMW+F30+LCI+adaptive+LED+headlights&epid=8017933924&itmmeta=01KR3K05TRYJ56GDW0FPYT7T1C&hash=item456e184921:g:7C0AAeSw0SNp0-9o&itmprp=enc%3AAQALAAABAGfYFPkwiKCW4ZNSs2u11xBmu2XueciNXfUwuzmmLhdrpgOItgl76y7FpyBViL5JOSXBAa%2BhmitmBhP1Vjz%2Ft3JkXQnE7kYJUGJJN1fIBk%2FyTc5rL4fLN%2FI9jUTha5D%2BHFcYtntL2zLlbAN9LFlM7I8xH58Q6RJLzl9JlMmVzvlAzaAYyLhAEdyJrHJiOUdpSjFlM4DPa83EH%2B%2FVkEFfISdzVE3sSd7elvCeTm5fiQD%2BJNfv%2BwehF5W6OWBgT9HULqEdb4fdxnBVK%2FbwK%2BX%2BQeO9RgP5rLTllpo319Gjjqgoo2xtxXUf1ihy6EVAr8VILbGH0fbcSHhZPPmcsntK1Dc%3D%7Ctkp%3ABk9SR_DdgPPAZw,single,False,True
BMW F30 LCI LED headlights,BMW Genuine Right Headlight LED AHL Headlamp Fits F30 LCI F31 LCI 63117419624,593.2,2026-04-13,Pre-owned,False,False,https://www.ebay.co.uk/itm/188155368616?_skw=BMW+F30+LCI+adaptive+LED+headlights&itmmeta=01KR3K05TRC2VXS5TMM88MZ0J8&hash=item2bceef14a8:g:EAEAAeSwI0FptAmX&itmprp=enc%3AAQALAAABAGfYFPkwiKCW4ZNSs2u11xATrEGh5gfJ4tS7nB6sM2viOGnxWGWEI4drFeYc66Tjp0dsw6M737KDaWOxSgzYNt9vun9Ok%2FQoctZrp%2Bdx207PKHUle357YBwkpf%2BZYHgg3yLUIq6Zw6voKjyibR8PZg9jROtVc7NVF9bYivWGFuhPnGN0C3XUgm5TK58NSP0g0agFjS948Q%2Fg0ZGC3PcA%2BdygOG%2BIFUTVQxGmbGlSb40bqFSf5PHvYO%2BJp3%2BSLl4rnokbRF1ANYS1Xf0MnAnvuwOMn4Kd9sjxBJycW7IxBOCJKNBWafO1sCV1cAFu%2B0%2BG5SIMpzDdofeMEY0HBmtKX1g%3D%7Ctkp%3ABk9SR_DdgPPAZw,single,False,True
BMW F30 LCI LED headlights,BMW 3 Series F30 F31 LCI Left Passenger Side C LED Headlight 749894701 Damaged,80.0,2026-02-18,Pre-owned,False,False,https://www.ebay.co.uk/itm/317855888002?_skw=BMW+F30+LCI+adaptive+LED+headlights&itmmeta=01KR3K05TRTHE7KZAF92WMCV82&hash=item4a01aff282:g:hf0AAeSwpOxpiKCw&itmprp=enc%3AAQALAAABAGfYFPkwiKCW4ZNSs2u11xCIKF%2BKi%2Fz7NA2j9yHyAkXq0DnkgyPKHR0RDH4qKZYdJerOpp3pv2wLptpP4qbc35ZElMA8FmWzMlxixCo2pkiHDabu2XnjHjNFHxEiuCQde%2BrzY5b0m7xklVa4Qh3azTX8cULaVXaah4Wtv%2F9bp%2BWN8ODqAoG06DIBR4vYft5ei7cqHqxmvUen4C95pKwejPrUbyZe9Z6s%2FchPglPVj4c7FGu2K3spHxsYoxGb9vt8sobF3EDELjNa6pgIPYj27731POrOrevT8XG3hQn127EPotGN6gXuSnaowNobm3MThRCEp71BL5N2urr3DXZkzTo%3D%7Ctkp%3ABk9SR_DdgPPAZw,single,False,True
BMW F30 LCI LED headlights,BMW F30 F31 LCI Passenger Left Side LED Headlight COMPLETE 7419631,380.0,2026-04-14,Pre-owned,False,False,https://www.ebay.co.uk/itm/267637753428?_skw=BMW+F30+LCI+adaptive+LED+headlights&epid=23012332207&itmmeta=01KR3K05TR9C43EZN8Q4FVJJ0S&hash=item3e50740654:g:lbAAAeSwhkpp3Otq&itmprp=enc%3AAQALAAABAGfYFPkwiKCW4ZNSs2u11xCC0sbIjx2lv0sQ6s9JkGsIF82J%2F6IAvaf5QyvDi%2FFdaPBLrpOj5F7d9%2FT9o%2FrEyhOqVYOPH1WpO3Oacy8Lbc6EW47pVEa6jjNy4EINCV0TNg1oYy4xGybMNrm0mqo6BKmtCpiWnTGdhoRDM38kwckhFPaD2IW1mLibCAQuYNfvW11NwcsihTjO3bYNB%2Fh%2FiaHMYBcJ1XB5evzF6LN1l0SybdpOEkJ1wRKbhZQnNWw3gcjQkmz9%2FgE7lg%2FYwhQTktYKDaxj3LUwFCZhlkmlaVn5jYi0lmT2WcheSrhcln6jbpCnI%2FHLZwLykHNettMTETQ%3D%7Ctkp%3ABk9SR_DdgPPAZw,pair,False,True
BMW F30 LCI LED headlights,BMW 3 SERIES F30/F31 LED PASSENGER SIDE HEADLIGHT LCI 2015-2019,414.7,2026-02-24,New (other),False,False,https://www.ebay.co.uk/itm/236622238110?_skw=BMW+F30+LCI+adaptive+LED+headlights&itmmeta=01KR3K05TR7KW7BPF8FY3TDSSV&hash=item3717c8d19e:g:qQAAAeSwstdphpwy&itmprp=enc%3AAQALAAABAGfYFPkwiKCW4ZNSs2u11xChl6BruBPGPJudM%2F6PuDYoFv7YgGt3%2BD0uNUuowRgKAY9%2Fuv2QEB1%2FcToxsgouP75GULqYGjD45neRkQGpGzZp8r6d7MUe%2FQI4LlROfD5o4V0S8R2NW0FupXtfwv2lB06KNtPW%2BxR49E5Kg%2FY8UIbJnl3H%2FTQwCMtF9wn1FoiNJtugoqtJ%2BlmWVd7rSgoQZZIEYrXlWC2cJky7K5dpXF83sgX0CuFwuCJ3gGdSE%2B0sKpQtlDOWvBjSwXtgRZolU9Q9KInvz7993GkmxTjAWH2j87LdUvlacK5M%2BSn4tR46ReMcNYmDF4JUx70cGXwPIW0%3D%7Ctkp%3ABk9SR_DdgPPAZw,single,False,True
BMW F30 LCI LED headlights,BMW 3 SERIES LCI F30 F31 LED HEADLIGHT SHADOW EDITION PASSENGER LEFT 7419633,500.0,2026-04-04,Pre-owned,False,False,https://www.ebay.co.uk/itm/117109820054?_skw=BMW+F30+LCI+adaptive+LED+headlights&itmmeta=01KR3K05TR4TYZ21BM2A419N2T&hash=item1b444a0a96:g:NloAAeSwUl5pxUIm&itmprp=enc%3AAQALAAAA4GfYFPkwiKCW4ZNSs2u11xDuwFu5gI0ITES3lwaDG48Ch19hRSgyi4%2B8q0A5xUcnC8nXGFhgsHWN2gmXNaeX28USUvAFI8%2BAkZQdD5wYE4DwOBPxB5hmeAPOBvRqHLajTEJhIhB9hbeTCLnoJe6seyOz2XcW0aYNksYc2mmdd5fs6VJTL%2BT6Bxc9pL90VynR1Fx1YpK0waso7xv6cn1D5m0a0hnCja6JPL9ubjTRHOJtRr1A%2Fs5wKP96GC9HydJrqGs5qL9dsNJHQ9e60l9lQMgmjKzBjXDonHNq7TI0ja4C%7Ctkp%3ABk9SR_DdgPPAZw,single,False,True
BMW F30 LCI LED headlights,Bmw 3 Series F30 F31 Lci Headlight Left Side 747130703,414.7,2026-02-23,Pre-owned,False,False,https://www.ebay.co.uk/itm/117019163738?_skw=BMW+F30+LCI+adaptive+LED+headlights&epid=9006331407&itmmeta=01KR3K05TRS93K2A9GEWVG7WQQ&hash=item1b3ee2bc5a:g:Ea0AAeSw8GNpg6Y9&itmprp=enc%3AAQALAAABAGfYFPkwiKCW4ZNSs2u11xB3bvVbIXj4jeNnVbUlL6E1rtCNyukuTPLDzK5hdeIPLFnPwbu8FgfCgjBE1XlCOnGLKLFFyypbma2WQp1HXPUx%2BeIQK4I2FSDkr1SJVuoSKZzfRYjtvhFS%2BWBJEFjsXp6w8Z7PhxzJ0RbxFDAwgmn4Pd%2F6AJuUsFg7n%2FQTU8nDa8Po8soetcMW9SMC96qys6wUTY%2BJTFyZOEL8cYgf6G0m%2FVT6HznX51wpaTDXODJMX6%2Ft3weznMGgrA6mBgCcHY7p5LGnNccwtKuJ0V5983AyrCNt5myCTfuIW9jF53f7IHbt0rlHxABUhgc%2BpAVxBo0%3D%7Ctkp%3ABk9SR_DdgPPAZw,single,False,True
BMW F30 LCI LED headlights,"GENUINE BMW 3 SERIES F30 F31 LCI 2015-2018 PASSENGER SIDE LED HEADLIGHT, 8738713",155.81,2026-04-28,Parts only,False,False,https://www.ebay.co.uk/itm/277933729561?_skw=BMW+F30+LCI+adaptive+LED+headlights&itmmeta=01KR3K05TRSGRR97MP23A236RP&hash=item40b6242719:g:NHgAAeSwRZlp72Qj&itmprp=enc%3AAQALAAAA4GfYFPkwiKCW4ZNSs2u11xALcPcI2srMgyB%2BcwO8wJn3My9vFN5f151ljasr%2BnEXaY%2BI3btY6BM9HPSMqejv6fYC7%2Fp%2FUkMSEYaGPW1b00yWVaJYnFMk3KjJOXwwOkJaW6NKpSO2wdyQ6rLcHzUUuYlzfkjEnHDWpqgbt3Lb2oKiAlbo1GMKwb252GTM3487tS3fdfEWSa2cZ1U9MISwaPDUqCZ2Akd6zKSoxLv35apeLgzK3%2BE3rnEzHELyjJ47qj8VnoJFEsaWe1aUeep%2BLzH12f7qP3BAiZj4G6bBSCZD%7Ctkp%3ABk9SR_DdgPPAZw,single,False,True
BMW F30 LCI LED headlights,BMW LCI LED HEADLIGHT (N/S) F30/31 2015-2019,516.7,2026-05-07,Pre-owned,False,False,https://www.ebay.co.uk/itm/389893596303?_skw=BMW+F30+LCI+adaptive+LED+headlights&itmmeta=01KR3K05TRC7B31F5HK0BJQP41&hash=item5ac778248f:g:U0IAAeSwGgVp35Mf&itmprp=enc%3AAQALAAAA4GfYFPkwiKCW4ZNSs2u11xDsKDMGvvYO4ts6PJUc%2Fp5Z20woXRf8ChjmCUE5TYqre2M%2BYlgDCbAWI9FIQQMvsREkfHILdog1jsSB2I%2BIoQ0aSH%2FbPuyNjbxn8oUM%2BAKD43T2%2FfsTxbDNEsOrQKyfMXuKAT7FiV3ub1VItmp5g%2FTe0uMfUrlhcukThAYAw1Ph%2BFLR%2Fxwou7bHFYehmqbfg73jTJHeqnW1f8UphRLynZWqDKw%2FHywSAuwgDXNegGb6muPLZB9z3S%2BQv%2BIJ0zRlz4DLrOCpJQcO%2Foh2GlBsc3iB%7Ctkp%3ABk9SR_DdgPPAZw,single,False,True
BMW F30 LCI LED headlights,BMW 3 Series F30/F31 LCI LED Headlight Right RH OEM 7453484 / 63117453484,480.0,2026-03-12,Pre-owned,False,False,https://www.ebay.co.uk/itm/157575249520?_skw=BMW+F30+LCI+adaptive+LED+headlights&itmmeta=01KR3K05TRS11JJ3K2D01QZ2SX&hash=item24b0377e70:g:SiAAAeSwiK9pUYmS&itmprp=enc%3AAQALAAAA4GfYFPkwiKCW4ZNSs2u11xCK2F%2FkgS44Krh2FPg0tTqIF%2B7kGXM8QVGl9PjXYk1VrTq0xPTPmHzzTt%2BQkrPAz5VA6aqRsGRukAiBtsLJiA9%2BmPty4cb0EkdsKLcME8pd%2FBTNDU6%2FBjw3T3NNZVbN1JndN%2Bb4DCTxZbUKsd7JlvtHnn2NQ0hx2QqDCY1oOgzfmaO%2BbcU7etuKvex2tlozz92izQkVL546S0LKdREgvEZz50YGA9xBKwgGmJV1I0HPePbgqkPLAxNeX%2F8XIDM8U6Nx3hRz2QMqUO5cDrOLx6X9%7Ctkp%3ABk9SR_DdgPPAZw,single,False,True
BMW F30 LCI LED headlights,2014 BMW 3 SERIES F30 F31 F80 LCI SHADOW EDTION LED HEADLIGHT LEFT OR RIGHT SIDE (For: BMW),475.0,2026-04-20,Pre-owned,False,False,https://www.ebay.co.uk/itm/366167172152?fits=Car+Make%3ABMW&_skw=BMW+F30+LCI+adaptive+LED+headlights&itmmeta=01KR3K05TR46B41XRDAJJGCW41&hash=item554143a438:g:s2QAAeSwZNxpCA5e&itmprp=enc%3AAQALAAABAGfYFPkwiKCW4ZNSs2u11xBun6pjnRN0JJrgnvxOBVbXFJNI3JbNP%2BiwHnf%2BZzedPHiWBMmI15jjFvHdSlaGP8hopoynfG3huAsyk7RdrlWOIHrGFUcW2Rz9%2B9TZei5M29BmYjBipLRqNVotzau8qms5fxBqmf9HUd7CqRmhSpCgLPXfJhPMUhXaq4r9YmTDn5CGKvLhmBMmJn8IBvy5gfZ9GW2BSP7Q9HUK4QTPj%2F0VM9g6shaDC2yNYrv%2F%2BQYGFnvS1ey%2BQj9915oqnrZ77PK5j%2FlERPHcM0kx1L77%2FoYOjxOkXA3YsAb9UfGZURrNLLaqE6MQ8g9Z8fmdofMA2Cs%3D%7Ctkp%3ABk9SR_DdgPPAZw,pair,False,True
BMW F30 LCI LED headlights,BMW 3 Series F30 F31 LCi 15 - 19 N/S Passenger Left LED Headlight Lamp 7419631,600.0,2026-02-19,Pre-owned,False,False,https://www.ebay.co.uk/itm/257242091450?_skw=BMW+F30+LCI+adaptive+LED+headlights&itmmeta=01KR3K05TRJ5RC7M6PVMHAY46R&hash=item3be4d2cfba:g:9rYAAeSwsU5pMDNe&itmprp=enc%3AAQALAAAA4GfYFPkwiKCW4ZNSs2u11xAK6cxjMMaP1k8idc4hWQy1UtjIt7CG78qAs0ljCplhNYGnKGRLhU12tnMLEAGQTC%2BCyB0YR5LcVg%2FlJkXWQx7A0uCGjo4n41v22k5UcjSXwbwCeP18%2BW9%2BwkV2wIhaGKCFO%2F9hEcSGS6yjYCtq82qsFS4h4DxJToIiJPNAIPdO8ajRIoTo19cXfUYp05LhfgLR0TcEPsxGvDkFacVwE1in9AquPfpIhLDM1owkfNhhiQJbOW%2BPcvq%2FsuCtWTCgriazbS0HOCEnRQkQxfxmUpWh%7Ctkp%3ABk9SR_DdgPPAZw,single,False,True
BMW F30 LCI LED headlights,BMW 3 Series F30 Start-up Show Mode LED DRL Indicator Upgrade Headlamps 12-15 UK (For: BMW),649.0,2026-03-01,Brand new,False,False,https://www.ebay.co.uk/itm/296337738353?fits=Car+Make%3ABMW&_skw=BMW+F30+LCI+adaptive+LED+headlights&itmmeta=01KR3K05TR0BB0ZQ0X20CQE11Y&hash=item44ff1b0a71:g:p3wAAOSwJeBmKaUw&itmprp=enc%3AAQALAAAA4GfYFPkwiKCW4ZNSs2u11xDAJ1iylATwG61yzmVD1EXjZHkgC00IEmAonS2LhOwc8u4wETS5dZTdg84TJ09WdSMx2sxWZ3zIat1u6wig0nLgagqdOpujqLElA5Xi%2B0UV%2FfhBHhbQgpQPg6Amk7oBZ9vAEmlS3sUT33yPChYx6llo%2FW7cZ28AhE6FZNilNBIdfW5%2F7tCGSizO6RV74NTvfGup9l2aBM8J8%2FjtKuxdqBEFcZIc7NeSCRPX8fmrvVInO04ySp3CLfY8tseYrn%2FxCpCTINdGi%2FfC6XZanY5URjwN%7Ctkp%3ABk9SR_DdgPPAZw,unclear,False,True
BMW F30 LCI LED headlights,BMW 3 SERIES F30 F31 PRE LCI DRIVER RIGHT HALOGEN HEADLIGHT 12-15,69.99,2026-05-07,Pre-owned,False,False,https://www.ebay.co.uk/itm/157866251973?_skw=BMW+F30+LCI+adaptive+LED+headlights&epid=2093198872&itmmeta=01KR3K05TSSY3JYSJM2TK2BEW9&hash=item24c18fd6c5:g:xV0AAeSwVqBp8Djp&itmprp=enc%3AAQALAAAA4GfYFPkwiKCW4ZNSs2u11xCeq5BYOQKrhCpVIyVjWY8LTKoKHemuSFPke0bf07JFWEjozR8pyhJpG81FcwOfsmCqWp0a29Gh0qrSC8ywPauqV8cQfJcUFLECAqZDtdPnpo%2BenyetmN90iZClE%2BTd0Amc%2BK7%2FTgkSAn3toI68LUfrGZ%2BX9sxMn53B4VptfTZa2xfeLAJbQWzYYtcbwJtkv1Owxi%2FAgzjFibADylHV6HYWazloIYzhYS32ouLeR1MQ%2BVb0PfqIZLf49ho9o61n4oDyuRUoQLvvE6Rz3PoBInfS%7Ctkp%3ABk9SR_DdgPPAZw,single,False,True
BMW F30 LCI LED headlights,BMW F80 LCI DRIVERS RIGHT OS ADAPTIVE ICON LED HEADLIGHT 7498922 2015 TO 2019,529.0,2026-03-27,Pre-owned,False,False,https://www.ebay.co.uk/itm/257319851174?_skw=BMW+F30+LCI+adaptive+LED+headlights&itmmeta=01KR3K05TSPS21WVCH9YR060XX&hash=item3be97554a6:g:7i4AAeSwm-9pcA-1&itmprp=enc%3AAQALAAABAGfYFPkwiKCW4ZNSs2u11xAMfa%2FCtv94xXoVaiLDmNNXeEAVkToYoxbMLZmf4Miqj3fQjtq8SHnDl6%2F8CqtxTWa05vk4CTBKIPepyv0bpxKUma6a%2Beft52T4SvHetgHvzzBIwiLHYyzsRkFfnmZGKAA91TVo9qVYwzof1puidmX0wnfZDoq%2BRFq9qYvkBVL50Bn43azI%2F%2B1FNgvG9pNoU82Nvz28BQNAfNLmNNQfwhz13VW%2FyjLd6V9wZ4wUKcUwORbJobSpWCyPkOrl7RMsJaFaM%2FNXPvesPLB9BtvagLajSOsjHNcE7%2Bo355pixyS4%2Bc4tsjjwfmfWaSuZIo0B1k8%3D%7Ctkp%3ABk9SR_DdgPPAZw,single,False,True
BMW F30 LCI LED headlights,BMW 3 Series F30 F31 LCI LED Headlight Light Lamp 2015-18 N/S Passenger 7492611,300.0,2026-02-23,Pre-owned,False,False,https://www.ebay.co.uk/itm/168175917369?_skw=BMW+F30+LCI+adaptive+LED+headlights&itmmeta=01KR3K05TS9KWX6C6SCQTP30F7&hash=item272810d939:g:zikAAeSwvmdpjlZg&itmprp=enc%3AAQALAAABAGfYFPkwiKCW4ZNSs2u11xBjiYdsFJY5bi3XITleGXDvpzKHTxrQ4CxB5pLouTJEA6S2xIde%2FnNYU8y4jXcDwB1h7d8nlR%2BNRX8d%2B7nk5RxvsgINuUU4swpT0l4ogHfOtEh1ZZvj41UoKdwYgAL2F%2B1r8jT%2B3Uc%2FyCz7gEtHOzIaFChXBPQhB0ECvGIVuW7EiKy8tiFyfVVxkyCg1q%2B0X2ZG7C%2BG1z1Hb3rQM5wR40143j4gn2x%2BDOdO2m1EC9SrNFyU2zB6UUFM0StLToetuQF9zoVyd80tsrA2a4prCa5d7O4SVPm9d2X23dCbnwKfcQyO1V1gOu%2FchY78TglZPuk%3D%7Ctkp%3ABk9SR_DdgPPAZw,single,False,True
BMW F30 LCI LED headlights,BMW 3 Series F30 F31 LCI LED Headlight Light Lamp 2015-19 O/S Drivers 7471308-03,110.49,2026-04-18,Pre-owned,False,False,https://www.ebay.co.uk/itm/227254357669?_skw=BMW+F30+LCI+adaptive+LED+headlights&itmmeta=01KR3K05TSZE9QWFE3C9E5D3W2&hash=item34e96a4ea5:g:bPYAAeSwJPJps~5L&itmprp=enc%3AAQALAAABAGfYFPkwiKCW4ZNSs2u11xDQ%2FjptTjhBKRjljhEoR1VDpToCkH68dYaTi%2Bbjz1TvzG5yDhO5Z3OlNfvaBuH7U8nfpU1t9b4KFFSbytmXegUc4qQDuvuOfvq6ovPpxq7WHElYAA0xGmB0ObT3sJJtuete959l1mkZgrMNDBoutELHpR8ncPyeFd78kUFGV%2F%2BZ8rESnAtvdXkFV2fzaPOtZX6cYAmtEkBpLyiQ9wp7gFt8iCSQX5mAG%2B2iCfuXE0U%2BEX4lhk89%2Fw2aSkx9kHl0GainBu8BKSd4agiWtJ%2FGYgBdwnGcKygf%2BnnOqdpWyyO%2BIvuWUqI1J3j9V0HOuddlWq0%3D%7Ctkp%3ABk9SR_DdgPPAZw,single,False,True
BMW F30 LCI LED headlights,BMW IKON HEADLIGHTS V2 LCI 4 SERIES F32 F33 F80 F82 M3 M4 WHITE YELLOW UK STOCK,649.99,2026-05-05,Brand new,False,False,https://www.ebay.co.uk/itm/198158356227?_skw=BMW+F30+LCI+adaptive+LED+headlights&itmmeta=01KR3K05TSQK4TX75B7HWF18MR&hash=item2e23288f03:g:TFIAAeSwX1Zpqgcl&itmprp=enc%3AAQALAAAA4GfYFPkwiKCW4ZNSs2u11xAqY5ddTfKScXVgrtT%2FI3HGKxggzAh1gNgPIe388T0asvghH%2BwNms47OaMl2i03L4jFArDYyBEayWbm%2BJhD410XnQclZ0INoWcyKa73JVadNVaylwgJkb0hw3RxMzq%2Fe8ib41g6Zju4GsTo%2FicFRB%2FMB62EUEr8xB2%2BkX7CPl%2B9RAoMRePauGJUPuZ58yfMAKFigISUT4bxlDxFl3%2FEwwBYg3z8WulZ9bkJ8ib2gpvptevUoPMd1djd2tZDPS4Ww6wOIa%2BxMiBRn5sBMLdqUZsE%7Ctkp%3ABk9SR_DdgPPAZw,unclear,False,True
BMW F30 LCI LED headlights,BMW GENUINE 3 SERIES F30 F31 LCI LEFT SIDE LED HEADLIGHT 2015-2019 7471307,363.7,2026-04-12,Pre-owned,False,False,https://www.ebay.co.uk/itm/267629548206?_skw=BMW+F30+LCI+adaptive+LED+headlights&epid=27034005394&itmmeta=01KR3K05TSTYR6ABBHTHM0DNYV&hash=item3e4ff6d2ae:g:YrkAAeSw0SNp0P7K&itmprp=enc%3AAQALAAAA4GfYFPkwiKCW4ZNSs2u11xCIojjBH0rKuRDloM3Wex%2BIQ5262UQuoXC%2BMQg0u%2FJe6S%2Bt7v4HpbJ4bd%2F%2By%2BNqnhbhL90kvvgPqsSsRlpHB6jdPZIV%2BW6xGfDsUs%2F30Kx9VpqbK2FCIgLPfheXT3Vn0ZyQgM9bKluT8s25bb4CbuKimSacR9WPRAGhVWwqQebDtu14MSRjsKyknU%2B3zz78L7EqI7xxKDAMAlKsCON7CYXLY7c5WkURWFI1nG0MW0KgAvfB7Kildaam%2BeT158OIfyU45Bu7iyb9SF%2BEvNktrBQD%7Ctkp%3ABk9SR_DdgPPAZw,single,False,True
BMW F30 LCI LED headlights,BMW 3 SERIES DRIVERS SIDE RIGHT HALOGEN HEADLIGHT F30 LCI 2012 2015,31.9,2026-05-03,Pre-owned,False,False,https://www.ebay.co.uk/itm/366364703395?_skw=BMW+F30+LCI+adaptive+LED+headlights&itmmeta=01KR3K05TSXWQYBPCRHK4YXSPF&hash=item554d09baa3:g:QqEAAeSwWxpp6hM2&itmprp=enc%3AAQALAAABAGfYFPkwiKCW4ZNSs2u11xCRluY%2BDKsx8JoEzbYPEAgzk8gIcQOZSPU%2BUvqB3SnwUe9Jk2vj%2FCjDVg%2Bv1GyOzqe%2FFKI1suKnFHqvANkXiZhPK0sru%2BcVjyc77e2iS9%2FOZhyJhA7eoaeUBPblfzTu%2FnOHiQQDt%2Bpjo7DA%2FjmrNigoNCBOU70GMQhGZhJc15Y7HQ%2BrCKJ8f1%2BhT7gWV98alMIGlfvIZ50aEMVP1yEvm8Ft1ZkBqbwEReKTw5VdSEFt2N3XXZbyd%2FVqrqjXj6EV2dJTt0xseFN%2F7jQj133C6ERMZp4A06arPxB8uyOdqmrkFZWixwDdwC47zEhKPvEx5kw%3D%7Ctkp%3ABk9SR_LdgPPAZw,single,False,True
BMW F30 LCI LED headlights,BMW 4 SERIES COMPLETE LED LCI HEADLIGHT LEFT PASSENGER SIDE 7498915 F36 F32 F33 (For: BMW),279.79,2026-04-20,Pre-owned,False,False,https://www.ebay.co.uk/itm/327113619414?fits=Car+Make%3ABMW&_skw=BMW+F30+LCI+adaptive+LED+headlights&epid=25023050667&itmmeta=01KR3K05TSMRTKZ3Q677XS3AX4&hash=item4c297db7d6:g:HLAAAeSwrclp4iZx&itmprp=enc%3AAQALAAABAGfYFPkwiKCW4ZNSs2u11xDJfAZT%2FU7uaogjPcx9p%2FJTApTVXiJp2uYR9fP7VZLgX51e2ccvzn7itYsgEduVPLk16g6gmKlwG%2Fcqdua7%2BGwNhqcKr9hDMXLeust8iEN9Pu%2BJDStAXcdsVf3xZKnUWfEgzHODpjuKd8d05ketZst%2F4qKlvxyv9VhR7adroa2kM%2BuTRikup3y21%2B7xVltIf%2Fu2LzkTHuLd7bWEYku%2FbfLNneXqpcFic3Jou%2BoJoV3Kn%2BJoN0PMWtJiQe9lkR3o7pAYMT1%2Bc8HWRvKB2Cx%2BxO0T3RmlGWIpdi0KGSDdLVt18EiPCprpTjSjLVu2LRAhtC0%3D%7Ctkp%3ABk9SR_LdgPPAZw,pair,False,True
BMW F30 LCI LED headlights,new F30/F31 LED DRL Projector Xenon Headlights.,271.1,2026-04-04,Pre-owned,False,False,https://www.ebay.co.uk/itm/287235023258?_skw=BMW+F30+LCI+adaptive+LED+headlights&itmmeta=01KR3K05TSPP10WHR43Z2DAQ8M&hash=item42e08aa19a:g:9msAAeSwqj5pxXea&itmprp=enc%3AAQALAAAA4GfYFPkwiKCW4ZNSs2u11xAbuJiGXwrtwwFbAmYPop1wk6laCyYujFQ8SgOv%2FdYzxr%2BzZMDg%2BOLKHaK%2BNv1j4xxYtxPZVyQfy6tDcRrPp7SbT80ATjKzcMAwJDwwTT8kaXg3wSNUaxt41NeEjfjQjOSEXu2gDZOGsAKwbrmG7IExZldlvB1tt6eiPernnoHN90GMrd%2Fpjb787a3t4l7gBviMgieROChSil9qw7ZRvEiDDX46o8%2Fy3rCW%2By4BfgZOybdHhlCwA2bAjl1dTzMnYL5uww0qyBCGJmXo0uhsHAut%7Ctkp%3ABk9SR_LdgPPAZw,unclear,True,True
BMW F30 LCI LED headlights,BMW IKON HEADLIGHTS V2 LCI 4 SERIES F32 F36 M3 M4 WHITE YELLOW,311.66,2026-04-12,New (other),False,False,https://www.ebay.co.uk/itm/147248683263?_skw=BMW+F30+LCI+adaptive+LED+headlights&itmmeta=01KR3K05TS01KS9CWJK7QSQZ0T&hash=item2248b498ff:g:FwIAAeSwMc9p1sNe&itmprp=enc%3AAQALAAAA4GfYFPkwiKCW4ZNSs2u11xAmHh8rsazUY5CKWMSC4E0kOT0IaRkf3e46C0RCF%2BTwLAB%2FZrskRCLxeU0kcT6qxDIQFno2NAw9eZaVlR5oUwZUHaVc4ZWvAL%2FGOB5SAAJB1%2FPXrDMWv9HvclccuoQx1AbqGPRpOOvcgF7gsK6WVj66tRfQ8NC6Ep01QWDVHB2GSgAtlZ1wpWXBsNJZT2XVq9JtVNrARMsViap9l9DNGYoFA5LpSKihAnWtpAlXJlLpeX3VoZgIaVhBL4tFL%2B432AJwjF1vlVDIqkZdoY1Py4hr%7Ctkp%3ABk9SR_LdgPPAZw,unclear,False,True
BMW F30 LCI LED headlights,BMW F30 31 3 SERIES LCI 2015 to 2019 FACELIFT FULL LED DRIVER SIDE HEADLIGHT,399.0,2026-02-17,Pre-owned,False,False,https://www.ebay.co.uk/itm/397541740172?_skw=BMW+F30+LCI+adaptive+LED+headlights&epid=20022456029&itmmeta=01KR3K05TSE49CZKX4V9HT1ZSS&hash=item5c8f558e8c:g:9zYAAeSwmgJpeK-X&itmprp=enc%3AAQALAAABAGfYFPkwiKCW4ZNSs2u11xBP0Nn9ZEVr25U2LkBKxkxaxF1HOp%2Bu373y9pKMBWQsqoELpZ8LCaGqJqg9yeOvNS9E4h9VxOkZ6F%2BGMZ9C4zAS9UfJnCPUVgz3ftuEQwjAMNBfeQAnfe1scQhrRo4uCOBefwqrly220tpi%2FbugUSKeTBCsw4tDPFgmJM3maD4xM4Jfooc9Bi108n1UHFaUsFDkjBuhT%2FrUkX03bTeKast3dUc%2FepPvKEFLCNPmZR2s29axrCkfCHDjdTaasxjd3wQw017KDvTZexMC0VJEwWQH1iX%2BbM8C4dY0gsHAF1IIIayUQ9KxXSz33MYzVst4V3I%3D%7Ctkp%3ABk9SR_LdgPPAZw,single,False,True
BMW F30 LCI LED headlights,2011-2019 BMW F30 F31 Halogen To Led Upgrade Modified Headlights Plug & Play (For: BMW),1199.0,2026-04-21,Brand new,False,False,https://www.ebay.co.uk/itm/366167171981?fits=Car+Make%3ABMW&_skw=BMW+F30+LCI+adaptive+LED+headlights&itmmeta=01KR3K05TS8NB872KA1AH2MMDN&hash=item554143a38d:g:4pAAAeSwgG1pCc7-&itmprp=enc%3AAQALAAAA4GfYFPkwiKCW4ZNSs2u11xAiM7gMd%2FU65DSVJ%2B3qgn17Mro2p679%2FID4GTpN4Sa4HelGYHbU9bZBoZEq5OXkoI%2FhPAJWJ6igxsHP98ZQNMVeWAah4P6PXCjoK36kydjaa139QrGhlaR%2FVKmKgxss%2FTyxacUtCVK91DAGhMCj0jU2HWLjL%2BGNDkqV07Es4GZKOURhuDhR3DHJ9fYdltaJ4Qv1WE50z27UV7NSvArfzFIzUniZiO9tQLyD6VxJRnHojvnz6yH1bc5oO77DTs4ZOuUswXuNYO0K0SvIhGnQ0lbi%7Ctkp%3ABk9SR_LdgPPAZw,unclear,False,True
BMW F30 LCI LED headlights,BMW 3 SERIES COMPLETE LED ADAPTIVE HEADLIGHT RIGHT DRIVER SIDE 7498954 LCI,450.0,2026-03-29,Pre-owned,False,False,https://www.ebay.co.uk/itm/326945544808?_skw=BMW+F30+LCI+adaptive+LED+headlights&itmmeta=01KR3K05TS097CMBKJFCG8GFZ5&hash=item4c1f791a68:g:fT0AAeSw8OtpXmLL&itmprp=enc%3AAQALAAABAGfYFPkwiKCW4ZNSs2u11xAqGG5mWsUGVICznuRq8v8EhKPfa5i6gQTUAuHl5n6SAxHPtjwfqSiHHB7kg5V4MgWVXB9lydZbUlXbTgcVDv3BW2XWkAYdEOjZ4JX%2FiGwOX8tbZ4nfrPhYxs3XxCceDCN7UY6Oh8wrb3uOjfKbrM6D8ANjQLWJ83wU3NFjG2t3bqEcDMdqQkLG%2BWr2byOly%2BHdSl7aMOEFCPHbju4rqchHwCo9EpQrUJxKmKyoVAANyBCpb70JcVMRRGz2Nog5v7WiummGwLiE0E1eH76iZt0edZDqW1F7VvvQ3EwbWQr%2FjkXEc8f29C7gvuSXEHb9ip4%3D%7Ctkp%3ABk9SR_LdgPPAZw,pair,False,True
BMW F30 LCI LED headlights,For BMW 3 SERIES F30 F31 12-15 PRE LCI O/S RIGHT DRIVER SIDE R XENON HEADLIGHT (For: BMW),249.0,2026-04-30,Pre-owned,False,False,https://www.ebay.co.uk/itm/318159102571?fits=Car+Make%3ABMW&_skw=BMW+F30+LCI+adaptive+LED+headlights&epid=15041386026&itmmeta=01KR3K05TST67BZTH5VCXZBAYV&hash=item4a13c2a26b:g:6FIAAeSwhPFp4eWQ&itmprp=enc%3AAQALAAAA4GfYFPkwiKCW4ZNSs2u11xB58TWC5O9KPi77hdasxbI2veWJy9sC6PVyU7JtxHlC9kOWY7KePV7OvqDxYrS3U3BpSC4374mO7khyclIhZMBSHRct4VX15JLpifsWlBIAtLXFaJdpmd6vVAYI8bOHheBtD%2Bixp7McmDdAHSHyMF1S8GQv5%2BasdweIwmvZaU2uOdSuQgBJhiIvviJiU907i0EtpeczeroCaKT%2BGID9Wi7oLZZLGfNyXUs6OqhhIdQjZKwePW1SNLo72yNhlN%2FP3uXd7IW4v9RfOMPauDEWoyMj%7Ctkp%3ABk9SR_LdgPPAZw,single,False,True
BMW F30 LCI LED headlights,BMW 3 Series F30/F31 HEADLIGHT FACELIFT Upgrade Dynamic Lamp Projector 2012-18 (For: BMW),587.0,2026-05-05,Brand new,False,False,https://www.ebay.co.uk/itm/406887352055?fits=Car+Make%3ABMW&_skw=BMW+F30+LCI+adaptive+LED+headlights&itmmeta=01KR3K05TSBXSRJ8JPJ009XBMF&hash=item5ebc6046f7:g:JuoAAeSwutNpuYPF&itmprp=enc%3AAQALAAAA4GfYFPkwiKCW4ZNSs2u11xD016tS%2F057LnK5YiLV4kJhzQwT7g%2FaDl6CBLnz%2FMW45p2%2FUYw5sNJPsVYL3x8E3Mx1Y1e%2BBaV%2FIzr0Bss%2BL2d94Xli7VuicgbAVyoGoa51scM8r067gfwn95Gpgmh5Bwoc2ldbDWBchwr0E5De1WQAHeYIes00G8Xqr5Ksi%2FG%2BtvIrhwDh6gXCpM0Dxz42M6RFWZWJX7XhSVY9YbyIRbXjrhLIj6MyPDTzeFjYGlT4Xk91%2Bcmj7a0dFYGDcyaxs8hj9j9KVj8pwKJlWe2rSwc8%7Ctkp%3ABk9SR_LdgPPAZw,unclear,False,True
BMW F30 LCI LED headlights,GENUINE BMW 3 SERIES F34 GT LCI 2016-2020 LED ADAPTIVE HEADLIGHT 7470443 UK CARS,588.88,2026-03-05,Pre-owned,False,False,https://www.ebay.co.uk/itm/277532878644?_skw=BMW+F30+LCI+adaptive+LED+headlights&itmmeta=01KR3K05TSA2TATW3535RG0SWX&hash=item409e3fa734:g:McoAAeSwyf9o7g57&itmprp=enc%3AAQALAAAA4GfYFPkwiKCW4ZNSs2u11xACJiD1C3bcXWSOAgjlXVzxDPaGgRACCYhVCCje5KBZRw9UusNKkjylW874jqj6D2SGFa5k4giPKBB8S366qxDqqJg4HxWPCydgavNKc2MoiHrzTX2RYpRQ7sBmCk07FHl%2B3CeUTnJRigh%2B6Piuih2suksGhvMJJnWeISuVWFkeALJMb%2Fh3oTRxj9bRWAm1bDikIHx2L119GhYLd2v9TtUImwbxnEvoeoVelMx3%2FjoVbyjFFuA69eSx4%2Fqj8cbimJpr43udzKD9V2CuiOj7WiUZ%7Ctkp%3ABk9SR_LdgPPAZw,unclear,False,True
BMW F30 LCI LED headlights,BMW OEM LED Headlight Assembly Adaptive Headlamp Complete Unit Used F30 F31 F32,100.0,2026-04-23,Pre-owned,False,False,https://www.ebay.co.uk/itm/137177902761?_skw=BMW+F30+LCI+adaptive+LED+headlights&itmmeta=01KR3K05TS25W5029FJKWQ3W4X&hash=item1ff070aea9:g:NwgAAeSwxbxpyUJH&itmprp=enc%3AAQALAAAA4GfYFPkwiKCW4ZNSs2u11xDv%2Bvi5cVW5QlSDuMdfQRtGRVMMoq9VZyOqjeugsC%2F0V124%2FJnq6YbmWxsl2BZKB9J38iey5MYmqd0vb9Hz6PyX%2FUW%2F5AjnqaEe6Xv6YayMKwGXaSjps6xymoYfA5bMiCmvHyebljj4o5I%2F4DlPwLiLC7VbAd9kWm2OjK5SaOCjNI3HoNKBwCWMKp2iJX5QtTczv5qvI0SOPK5%2F6SXcDMMDVgRvNHimOiF0J7Aiv3WIDxTM8Qg9cDjsrfiTtNGJlJw06s30%2FQuMntwEhNxdSjGR%7Ctkp%3ABk9SR_LdgPPAZw,pair,False,True
BMW F30 LCI LED headlights,BMW 3 Series F30 F31 LCI Halogen Headlight Driver O/s Right 7365598,99.0,2026-02-27,Pre-owned,False,False,https://www.ebay.co.uk/itm/157707354022?_skw=BMW+F30+LCI+adaptive+LED+headlights&epid=8007670353&itmmeta=01KR3K05TTMTTPYW14MAX338KD&hash=item24b8173fa6:g:xEAAAeSwmxlpnq8P&itmprp=enc%3AAQALAAAA4GfYFPkwiKCW4ZNSs2u11xC%2BeMq4UzNnIXtqM3dIq2UJKDIiE9BgL76KsskdP3vv78Pj8jDzSqf5gB%2Fm037xlfie0FfWkgUQErngaX0Mnsmgr14650WnEFjVTOew4d20sjnp44J1i3nI6R9utG20kun28WNZSA1y951e0fH67n1S8uCCArGGb4wpbQZXucxXSKDMoN59Bm44zJyEqfcx04flja%2BMEHaKNLWx5IYSRbSIg9fJFtTJkYxW7%2BRPBvkuR1IjKzGVm%2B2Ms5ukWbqsJr7Ds5O3TOenpSzhycwjoTM1%7Ctkp%3ABk9SR_LdgPPAZw,single,False,True
BMW F30 LCI LED headlights,Genuine BMW 3 Series F30 F35 Driver Headlight Right LCI LED 2013-2018,280.0,2026-03-31,New (other),False,False,https://www.ebay.co.uk/itm/147081113248?_skw=BMW+F30+LCI+adaptive+LED+headlights&itmmeta=01KR3K05TT1FV4YRB6SCF0FR2S&hash=item223eb7aea0:g:ZO4AAeSwzqlpVGAe&itmprp=enc%3AAQALAAABAGfYFPkwiKCW4ZNSs2u11xBaJ01fy7lBo4YvuCp%2BqdqLF5f1u7tkkFZTPOkgiYc5J66zWRSS%2F5uT%2BG2N8rZ3S%2B9fWCKFbBnrZn7niZhB9zFSRc3KQLZM1FTMjUlM91FxLvNvaSNmd7wZt%2FsjquRZdNj6BRHvXXgiy1ufTEyJ9ZMG465bOlFl%2BvceiK9Khyj8b2TD77%2F8%2BEILLpP0%2BxxIlFgcK%2FLN37%2BGu86ScNMi7pRhs2UvMa%2F96bCVWLYKSTdIIElqFLa1cBtytO78rQp%2FGdYZ8aLGiXFz%2Fh8YNEqnKOcGwKJSVl1vnacSZGWrZMhaPZGRQucySct6rq6lx8ECkzQ%3D%7Ctkp%3ABk9SR_LdgPPAZw,single,False,True
BMW F30 LCI LED headlights,BMW 3 SERIES F30 F31 LCI PASSENGER SIDE LED HEADLIGHT 7377847 (26),669.7,2026-03-22,Pre-owned,False,False,https://www.ebay.co.uk/itm/286863082902?_skw=BMW+F30+LCI+adaptive+LED+headlights&itmmeta=01KR3K05TTCZHNA7NNWGQKN22B&hash=item42ca5f4596:g:izkAAeSwtvdo5PlM&itmprp=enc%3AAQALAAABAGfYFPkwiKCW4ZNSs2u11xC3AIcX6zLk7Ewt78m6vkAxaifxA6Q%2Fgk8zj4FVw0lya%2BGdCxSUx1vfKjhwa0oEzv%2FWmiGC70zfXrKys2mWIGqyr4WjyORoDvJkIHqNWQOG2O3uePA9nSn33Lm7qja5aotrWJNHW8km06p26RxjQ%2F75MY%2B%2BdlaFwTWvu1%2BURV8pSqdWhmRUrnf5HPWrtSXS4zZa6EDTtupPxky7QxFboA2shVokKmg%2F86rZxClAxapMwuxIHOY4HTt1ulLQaWEBz9DDXApqyh5hk73Sv0P%2B5qg%2F4qE6022ArMiIRnlmZSRtdPiUpXMF0Ewms%2FQPcbJ8nLM%3D%7Ctkp%3ABk9SR_LdgPPAZw,single,False,True
BMW F30 LCI LED headlights,Genuine BMW 3 Series F30 F35 Passenger Headlight Left LCI LED 2013-2018,125.5,2026-03-02,Pre-owned,False,False,https://www.ebay.co.uk/itm/168173038628?_skw=BMW+F30+LCI+adaptive+LED+headlights&itmmeta=01KR3K05TTVCYB6CZFCCKGJ3VA&hash=item2727e4ec24:g:1ZAAAeSwP9hpmEPs&itmprp=enc%3AAQALAAABAGfYFPkwiKCW4ZNSs2u11xClm9N55RSTMHnxxVa8%2FCVdGYFFJ6%2FtTiMHCXpgdo7KDY5XfNF%2FcLywXjMyTLYxZ8WIQ0YPg5gw%2F2gYtkwUkTp5neFxswtZIxIflNIdE%2BJDR10%2BcKpx6axgC3x4XBnWGD8fBrgEY7PaZ4Psis%2B4%2F5VITiEaAszJ%2Bc2uef66gVztIFPMWbNREIq%2FKSR2WMVLGGr21TBMnbQyX15mwiVr%2FZsP3e%2FZuHifELqcGKpcBK1jSSzX0aGCCjCkbyNQjNIJKErApXmsCCOAIOlVxIaAspdyo9Aer4vl9o1UFqaSom6kB2rIiLcLGNdG6hneHrAlpFA%3D%7Ctkp%3ABk9SR_LdgPPAZw,single,False,True
BMW F30 LCI LED headlights,Genuine OEM Hella BMW 3 Series F30 F31 LCI Halogen Headlight LED DRL Left 15-18,177.5,2026-05-08,Pre-owned,False,False,https://www.ebay.co.uk/itm/406877987465?_skw=BMW+F30+LCI+adaptive+LED+headlights&epid=14016361240&itmmeta=01KR3K05TT9QE8JRRE9C50H45W&hash=item5ebbd16289:g:erAAAeSwZK1p6L94&itmprp=enc%3AAQALAAABAGfYFPkwiKCW4ZNSs2u11xBA3bZ%2FTqmg0NDuWO7nWW1rAGuBHxRDO1ZQ378XSQMHPNpQRM4MUFGnJP6OJuFAaGp%2B1Cxc1As9AdrbJ5vr2aym%2FVP9l60d63mslMQvIOIq3PPQmp08kNlh%2FlHTlapVEufnf%2BpzK2ArtvquZXOXfAZb61yMwWrFJDC%2BiqUFQlleB7q3Xlu9%2FKPfj6suqk8REAmjRepwE0VCD2YDW6eBOtyw1jcUuQyNHNAU%2BjWAKcJw7yOAe0yi6UsPsf34Jd60HXTUa%2FkK37eWfoCDA50aZD4yYbTGvB6ty4pU%2FhQBGbCq6e9Ko2pQT2a9SSSsJyprf3A%3D%7Ctkp%3ABk9SR_LdgPPAZw,single,False,True
BMW F30 LCI LED headlights,BMW 3 SERIES F30 F31 LCI FACELIFT FRONT LEFT HALOGEN HEADLIGHT 7365597,265.0,2026-02-12,New (other),False,False,https://www.ebay.co.uk/itm/168147943022?_skw=BMW+F30+LCI+adaptive+LED+headlights&itmmeta=01KR3K05TTZSVXAE7TMS94JT41&hash=item272665fe6e:g:1lkAAeSwaJVpilCU&itmprp=enc%3AAQALAAABAGfYFPkwiKCW4ZNSs2u11xAZXJFxHCZMPHeJ5TtPMy8IBxB025ceEkKqFEfL%2F2m0FsOFu9o9cuBTvVDZLybXyHhHqRwg2VpWJESSszLKzcHxGL5cx56TwutvDq%2FjCpA%2FBjYjzHuA4dEjz7x1L5S3OGhNo6%2FqNfaNIRacfA8O1kifeRlaQ%2BkNB%2BfI7yPzaO6St89XhhhXI8W6alVeO%2B5JVsWFjwoXOQS45DAPrw0JpjoXmmii4hL0Z%2Fl%2Fg3dBF49igsxjtV0JRM6qMg%2FiNtiNj30g3ZBvi%2BbQuKNdyBoHqmUt9lNkBOu2SJKkdDPt%2FGe%2BftX0k96mLxfy2QoawGDABY4%3D%7Ctkp%3ABk9SR_LdgPPAZw,single,False,True
BMW F30 LCI LED headlights,BMW 3 Series F30 F31 LCI Halogen Headlight Driver O/s Right 7365598,95.0,2026-03-24,Pre-owned,False,False,https://www.ebay.co.uk/itm/206162050662?_skw=BMW+F30+LCI+adaptive+LED+headlights&epid=8007670353&itmmeta=01KR3K05TT2P4CC3695NKMFB7N&hash=item3000373e66:g:McQAAeSwzadpwbAw&itmprp=enc%3AAQALAAAA4GfYFPkwiKCW4ZNSs2u11xD1N6Sh7G04UHviAkM9Ezv6rCs%2BkKwgqD7yGJUzkLkhtsdIEKyIa%2BHGGQdE8b2Qlm1iv1q9U0x6oS6c5aRQAc0jgxatM0XRYhmhgQSzgVY09oRBrMpLA4hUSrsm981dZVx5sEHiUVTykgUlDcDmL7XoU6Gvam%2BMN7JHsOiwa6B5eVnEaX38PjDVuIfvi%2BPInG8ImX55WxRJ1t3UC1NEOsQ5uYa5YFZialDqk85AlQDPJPAU8wAX2uXzwD6JV6wMED85rPxu5MkKGnXVOHnwvT4I%7Ctkp%3ABk9SR_LdgPPAZw,single,False,True
BMW F30 LCI LED headlights,BMW 3 SERIES F30 F31 PRE LCI XENON HEADLIGHT RIGHT DRIVER SIDE 7259544,99.5,2026-04-07,Pre-owned,False,False,https://www.ebay.co.uk/itm/397796896974?_skw=BMW+F30+LCI+adaptive+LED+headlights&itmmeta=01KR3K05TTWFCGTM3QETS2GKBD&hash=item5c9e8af0ce:g:O1sAAeSwhFFpz6y4&itmprp=enc%3AAQALAAAA4GfYFPkwiKCW4ZNSs2u11xDK%2B0IyYzDQ6oPR4fXPJXAzN02XwkHqV8lZNX%2BJluBb4aScQHf5b21uhlXhKEH7S5siom7dry2w%2BBONV4ZQzAHIdcmHPwNbZRt59SlTmghBC%2Btvac29VUMiZ9IZdw75%2BL86IiVPPlBa7nbELBlu5eB%2BM7Uc3ZfTW%2FSJ8fDr3HuWDtsKchiFtzVFR5NMD7Gt0ICtNueepNUuxiwlPn%2BBoUZQI%2FGQfUbeAK9%2FnwgJNaIfGvfQFi7PCSRyn4BH8clBDqAB%2BoZ9v%2FFITJBOoB9322PA%7Ctkp%3ABk9SR_LdgPPAZw,single,False,True
BMW F30 LCI LED headlights,BMW F30 3 Series Headlights 2012-2015 (Pre LCI Halogen) OEM (read description),160.0,2026-05-02,Pre-owned,False,False,https://www.ebay.co.uk/itm/198300209018?_skw=BMW+F30+LCI+adaptive+LED+headlights&itmmeta=01KR3K05TT1VBRM3GQK8MVKZAD&hash=item2e2b9d0f7a:g:ez8AAeSw1rlp576j&itmprp=enc%3AAQALAAAA4GfYFPkwiKCW4ZNSs2u11xANOgkz0UoYzNiQ0hMhQacaZhZ%2Fffyal1crkol9vhWIdel5nbljiCHJ6IbLedz0JufmPAPBTLZizwnoZGeOd27EoLN9t0pUkS%2Fet%2B43Skcd21okRrs7%2FHpHDOcKbVdW2R6XzKznzDvnZWLbSnlFO5QeFuNAIB6xGOo%2FrUZuYdYJAnFOhTxuun6XwX%2F1BEe2HSmfpi%2BhQ9Nw3%2BU00%2FR5v8%2FyhZzH6%2FtBBoAkoReFm6DywqldQIDmZGfUhtwJ1Fr7Wa91YtgboUcggnzqWt7xyIlM%7Ctkp%3ABk9SR_TdgPPAZw,unclear,False,True
BMW F30 LCI LED headlights,LED Headlight BMW 3 Series F30 LCI 2015-2019 Daytime Running Lamp Passenger Left (For: BMW),369.95,2026-02-12,Brand new,False,False,https://www.ebay.co.uk/itm/386326313343?fits=Car+Make%3ABMW&_skw=BMW+F30+LCI+adaptive+LED+headlights&itmmeta=01KR3K05TTVEVBZRD7HMQ7D3YD&hash=item59f2d7b97f:g:k6oAAOSwpzRlZ02k&itmprp=enc%3AAQALAAABAGfYFPkwiKCW4ZNSs2u11xBTncWyUugFgQ7Obi0MOV6gc%2Fbswyyo%2F9bKGB9Ta%2Furr04YMx12mzwKsRFySog40F%2FNtsVd%2FLm7eHfs12S%2FKAlWjJTND1OKugrfH1uSGevuYqUBMtSKzsmuM%2F6KPtiTLzaIF%2FJ%2FnCDjfBFzMsTU%2FBBT4EMgGKPHtfCq1tycAaJ%2BQRNXsvYxlztgfAAJFJkU7EaYG8wvzwKewzhH7fNIks1h9SaJAv1GWObMa4cm2TFyCQHNwH5YPUanqF6UfPB7QDifvwpAUgqc1yl1Rt7LKCWPmvjb6lkLTjrR%2F2qVoHQOa2TD7RoGO3dTznibUo8My1Q%3D%7Ctkp%3ABk9SR_TdgPPAZw,single,False,True
BMW F30 LCI LED headlights,Headlights For BMW F30 F31 11-15 Black Light Bar U LED DRL Daylight Running (For: BMW),449.99,2026-04-25,Brand new,False,False,https://www.ebay.co.uk/itm/156129392298?fits=Car+Make%3ABMW&_skw=BMW+F30+LCI+adaptive+LED+headlights&epid=24033525531&itmmeta=01KR3K05TT0APXG2Z5PH5CQ881&hash=item245a0976aa:g:fqIAAeSwrXFo2mf-&itmprp=enc%3AAQALAAAA4GfYFPkwiKCW4ZNSs2u11xDWnAWLgosodl8%2FNzVVF3gZtEuIbhpv2t7Dorb0%2BU6Qm%2Bp6fH0bdJzwMOzEWZQsquRTr4U3b1efbpxDGCv1AboNDO8ITB4J%2BW4kXYGCV76LdUd%2Fp6om3wfIHupFfxfBw83aKtgcLxSP3%2FE7JbSNsW0m5wYoWh6jHWYc0PlPHBvtvtc11WfGo%2B68pQe57eR1aIl9loZfhlmXay512J3OSb%2F9LT1nQyrcHWX9OvbxeRiVcl43w5vbdb10YCS7hf%2BTto%2BkJOCuRWkigVZlXw1Wl3I%2F%7Ctkp%3ABk9SR_TdgPPAZw,unclear,False,True
BMW F30 LCI LED headlights,Headlight BMW 1 Series F20 LCI 2015-2020 Halogen With LED DRL Passenger Left LH (For: BMW),189.95,2026-05-06,Brand new,False,False,https://www.ebay.co.uk/itm/296862918672?fits=Car+Make%3ABMW&_skw=BMW+F30+LCI+adaptive+LED+headlights&epid=12093226909&itmmeta=01KR3K05TTJMPW19NEM6M1NTYX&hash=item451e68a810:g:C0gAAeSwdkZo9j2b&itmprp=enc%3AAQALAAAA4GfYFPkwiKCW4ZNSs2u11xBRnDU7w0JL32BC%2FbMLFVU6D%2Btbk9xaJIGju0vgxxW%2Fw7gx3fTOGPg27eNUT56hf5x4o5%2BlnIejk%2FQ7Avsk6XQLrxarWNibAClO41XyVH8bILTFYWcmgVroPQK7SZ5N33sTNvvtV76KXC7JDAkvXQkfTXQ973anEFlC7dDDU9YOdwZ1WqZOQr9P%2FJnmcHwJxUlGQIMJN0ZUcKzg1FGFHUcyzFqm0A7aFdGxvvSQJckn96AJm0G5YZL7MvJ7KMIZvWbvEzMWI6Nyuz2KLE3Jm4MP%7Ctkp%3ABk9SR_TdgPPAZw,single,False,True
BMW F30 LCI LED headlights,BMW 4 SERIES F32 F33 F36 LCI LED HEADLIGHT LEFT PASSENGER SIDE 7498915,320.0,2026-04-27,Pre-owned,False,False,https://www.ebay.co.uk/itm/156808706747?_skw=BMW+F30+LCI+adaptive+LED+headlights&epid=25023050667&itmmeta=01KR3K05TTHG0D41Q85GNPBXQ2&hash=item248286fabb:g:08YAAOSwOGBn0~hG&itmprp=enc%3AAQALAAABAGfYFPkwiKCW4ZNSs2u11xA7tP1INm%2BpF96UGOzM6du3ifCfWridmg8anUuRChblbOm2bNpAicUuThXyQEEt8J77jtVM%2BMH5hdQFQj0OJ7fg%2B7HU%2ByXj7NvRTu0Bq9tX6k%2FN8vxoRgl%2B%2BnKO35dff6Ljaz0%2FFk6%2Fz4hv986b%2FBbaBCmO6ygVNi7v8BfQUdzedfmYif10WsRoMP163qWIgmgAAsmQVVm6oqBQWwtcZgFMUtA5PXZ7FKkgCwGba6OpWWKs9hpN2b%2FzmK8ygQBPaZ4CuKxge2NasQQr1BtUXjg3b2TtmxS5cVEUaC9mBpXqGl7zlTCM7K9qq%2BA%2F0xbpz04%3D%7Ctkp%3ABk9SR_TdgPPAZw,single,False,True
BMW F30 LCI LED headlights,Headlight BMW 1 Series F20 LCI 2015-2020 Halogen With LED DRL Drivers Side Right (For: BMW),189.95,2026-05-06,Brand new,False,False,https://www.ebay.co.uk/itm/386427753891?fits=Car+Make%3ABMW&_skw=BMW+F30+LCI+adaptive+LED+headlights&itmmeta=01KR3K05TT3F1E47854FXXDSCD&hash=item59f8e395a3:g:oT8AAeSwFWxo9j2N&itmprp=enc%3AAQALAAABAGfYFPkwiKCW4ZNSs2u11xCMvUgJbBUiGWYZHkBEj8ZXLB64hcyKJW%2B29depuqpmX08Mq6AUHHDT5KtSlp1fyq7jGSZpaFaY1uJYL%2F4IcPoJyWn9vTK72AIisoVVwvv1QHjKMeJKzKbhLgY1HfWRFZjkWTMfnZq6XPGQ0LXP9u%2BB7l4mm3TxnNjbRyQLTCRcUzUxz347%2BlrtFWFu0unldSsgPUQeeBFGz2qHdr2rp%2Fr2ZgE40SpkUqArn%2BEN1d8MHWprjOYi4lPmFGS3DlrVO%2Bh8cMOF9jkeQEL2L%2FFG4yBoPyR82Mpo7awmwvk3BV%2B55qUkkJ3gc%2BJCRR6rTDWt7Q0%3D%7Ctkp%3ABk9SR_TdgPPAZw,single,False,True
BMW F30 LCI LED headlights,BMW 3 Series F30 F31 LCI Halogen Headlight Passenger Left Side 7365597,199.99,2026-02-25,Pre-owned,False,False,https://www.ebay.co.uk/itm/157707354543?_skw=BMW+F30+LCI+adaptive+LED+headlights&epid=10006040495&itmmeta=01KR3K05TTJ1XCW6EN588M2333&hash=item24b81741af:g:CvEAAeSwe81pnq9M&itmprp=enc%3AAQALAAAA4GfYFPkwiKCW4ZNSs2u11xDdGJON7HhKC7m%2FZFkBsHcDcSw9ZJOFl8QITrxXOJn4VLMB2P6n08bFSEnGcG2G9iy5KGr7UWPQCbG9fZoA%2F6%2FSFzmSAbIy0d4qI7k6SD9VAO1HF4AlwWWdVg2I2EPqiUdxvO6zPZ%2F3aA3MK8L%2BH2FaIuGk%2Fq2hwzfXuWVKqi%2B0Rla9ujMLp1ZZSM%2FBfoezUbEz9S2LAUV%2BY9DimpWhezmtDR0qFmxDgXx7wOvya72t3K%2FHET1PjV1y0mSf%2F1HpIKBqvNPO2ZQBEoTUZoK7t0xM%7Ctkp%3ABk9SR_TdgPPAZw,single,False,True
BMW F30 LCI LED headlights,BMW 3 SERIES F30 F31 PASSENGER LEFT FRONT HEADLIGHT PRE LCI 7259539,99.0,2026-02-09,Pre-owned,False,False,https://www.ebay.co.uk/itm/157643150924?_skw=BMW+F30+LCI+adaptive+LED+headlights&itmmeta=01KR3K05TT2JXS5H487TKZ0ZNC&hash=item24b443964c:g:IAkAAeSw0MNpeeOR&itmprp=enc%3AAQALAAAA4GfYFPkwiKCW4ZNSs2u11xBLiqUFDZzBsGdXfytdBGqNJaRsooSJMT1WK7EFBq2ar1OsgDMf8iqc7REyoWvu4iQFh8W71uqVnp8D7NStjvDYEvgeVF0wmmzdILzaz8lBIZt5AaVGVQoFzX1m4zlZYp1ZhrwzAeQtVW2tIy3r2B4pJwVpi5rFZ5bF520%2BKgviiA%2FZLljVKoTWGXfD%2BKO1RX3kec5MzPtiH1kPJrS5pLetgtnehZ9eHFncveGYwFVfulCKJfNnN5aJ%2FZvltxq37K2oMUfTCFTNszBGPIpjsuXJ%7Ctkp%3ABk9SR_TdgPPAZw,single,False,True
BMW F30 LCI LED headlights,Black LED Light Bar DRL headlights for BMW 3-Series F30/F31 Saloon/Touring 12-15 (For: BMW),449.95,2026-04-02,Brand new,False,False,https://www.ebay.co.uk/itm/374066766853?fits=Car+Make%3ABMW&_skw=BMW+F30+LCI+adaptive+LED+headlights&itmmeta=01KR3K05TT7F0KGME44FAZ7WTR&hash=item57181de405:g:~3QAAeSwdj5pzF2P&itmprp=enc%3AAQALAAAA4GfYFPkwiKCW4ZNSs2u11xC%2Fn7h4k6q0kAFGNlP%2FkHeIKvlAKl40ELUBK3TUmMTUFUue4%2FUH8iqUtyi2s3F68OuGBAgVEHDpdF9Hkzum3lIER%2F2jTN2HK1nbl4NGL%2Fo%2FlPbsq0E76Uo%2BA%2B%2FL98Ell2qNqp23gZaxtN6bkA8KotGa2BAGCXpelvD%2F4d90nLHvMjNtpDAUmIoz%2BK0WzQHbtLk7Ex%2FMa1k9Fj897MrRbc%2FeJVX2EGquo%2BnG%2FVk55IAQC52txvdbCOIRWMh7lUeXvgRDJ0DAj9n3BvJyNJm7kPoY%7Ctkp%3ABk9SR_TdgPPAZw,unclear,False,True
BMW F30 LCI LED headlights,GENUINE BMW 3 SERIES F30 F31 LCI RIGHT DRIVER LED HEADLIGHT 7453484 2016-19,333.1,2026-03-21,Pre-owned,False,False,https://www.ebay.co.uk/itm/267607851242?_skw=BMW+F30+LCI+adaptive+LED+headlights&epid=910723417&itmmeta=01KR3K05TTKJEMX4ZD7AK212FQ&hash=item3e4eabc0ea:g:tm0AAeSw6lxptscU&itmprp=enc%3AAQALAAABAGfYFPkwiKCW4ZNSs2u11xBMpbfQ6%2F9x4x6HbVCfdbpd3FXdzMzP50zWeEZGfIZ%2BaLNOlWcZXuqho3jmdLACiDcN4jEk2MMsfdl%2Fdub8z3Ao4R7pfzFRgGmexuAeU%2FOtN2AK0iwN63PNTt7AMPXwewAOP7hvSlnMmFAgFAkPNF2clJdCeUtCzEzSphjI24ybhx1adbJqDEj1CglgcsRdZWwYlHxfyCzWVcxmZXZsY6P%2BMoBVEsbz2f%2BEzblzmtmXDgFaq6FT99ObE4%2FNlfxh%2BOPF9z6H5SwlxA4XrcMKDbZdcfkhcO--bRTBqPQzkc9mvScSDaUFqOrod4SYMGt4o80%3D%7Ctkp%3ABk9SR_TdgPPAZw,single,False,True
BMW F30 LCI LED headlights,BMW 3 SERIES F30 F31 F80 LCI LED HEADLIGHT RIGHT/DRIVER/OFF SIDE GENUINE 7498948,400.0,2026-05-04,New (other),False,False,https://www.ebay.co.uk/itm/306915292329?_skw=BMW+F30+LCI+adaptive+LED+headlights&itmmeta=01KR3K05TTN5R9M3Z4D9HQDHEE&hash=item477593b4a9:g:FyUAAeSwmH9p8ec4&itmprp=enc%3AAQALAAAA4GfYFPkwiKCW4ZNSs2u11xDXmhilmoc%2BzsY1B2txUnaWZtgVV2JXeI%2FsoOHZg0atUw%2FIG31pnpbbpClnOf1Kdi85GAHXjLjnTHKCWa4CeUt%2BO3PoKiLEAJeVYcbGI%2BXTgU84NTi8MHBAhbE0MORhLKREQZM5ujzQ27ujfR0GHpgfLA0ivygq75jwwlp%2Fg%2FZFpxVmx4sU%2BuDscRi2CSz94oOdj44uhQutiVsrDVl%2B9GM0DhSuKCJUIzmtnIzj8%2Fb%2Bom3V8o4XVJOyW4ssuZt9Q3Y0EYlin%2Fi58zro7fHaVxYx%7Ctkp%3ABk9SR_TdgPPAZw,single,False,True
BMW F30 LCI LED headlights,BMW 3 Series F30 F31 LCI Headlight Lens Replacement 2016-2019 RIGHT DRIVERS SIDE (For: BMW),45.99,2026-04-08,Brand new,False,False,https://www.ebay.co.uk/itm/185535715871?fits=Car+Make%3ABMW&_skw=BMW+F30+LCI+adaptive+LED+headlights&itmmeta=01KR3K05TV6RN7YM76BPJ5943F&hash=item2b32ca5a1f:g:ngoAAeSwKsNpgXrs&itmprp=enc%3AAQALAAABAGfYFPkwiKCW4ZNSs2u11xAA4itgWswH92oeIF9NygVlw%2BUA13w3Zt7tgXhvE7CqOb%2Fh%2BYloyK%2FWLv5%2Fbrz7Wins0uHxuKR9XVbhJtZ6qMBru6WEo%2FLJWTL6rA9L0BRClHBluZ5zVW%2BGnrrYoLC2TCa1fZ0mHvnv0FCi%2FF8AmoUm5I7CFE%2F8nnYZ9bbOVk4TjnMEy1jrIpVd%2B%2FBold6minKZks9ea4byICY%2FSLnT7sot3Vd1LSghJWs0bXUzVNFzBZYDN6kglm5xv2dbNJTw3U4vMBuFy48xdQFRqsImor3VQYUlAE%2B6y18Z9ptlq6tsd8ySPgiNl5Y0S%2B%2FKdjIS%2BcY%3D%7Ctkp%3ABk9SR_TdgPPAZw,single,False,True
BMW F30 LCI LED headlights,GENUINE BMW 3 Series F30 F31 LED Headlight Left Passenger Side 7492611,350.0,2026-03-23,Brand new,False,False,https://www.ebay.co.uk/itm/397716215308?_skw=BMW+F30+LCI+adaptive+LED+headlights&itmmeta=01KR3K05TVWWQJ6HK14ZF1D9PW&hash=item5c99bbd60c:g:QYIAAeSwIXlpmII9&itmprp=enc%3AAQALAAABAGfYFPkwiKCW4ZNSs2u11xAwo1w%2FMXo1IvG0UOfNPgYZMWvWPv7MMtgluUrxCTNpt3kppQvsJPvnhVdTfuBvDRc%2BbblFY83iwPJ3GDLb146yoH3ugQBIrd8q20v0OLFF1LdAWCspt01FPhh6wW07VABersEI1xEOsNKNCnnSdbAQiEdrdVGAStarwYK0uSZliFF3y3XdiCUsaJbwYd86uvRE2FwVoIGNYeLHjfKE6rCfX%2B5uZ%2BKCNF9U0h55qWBWjupKMaG8%2FTd2Vfwol2ZqccbibegtRBONBIB8TU16BL8WIzMgfSq%2F7yQLUCwzRHcXnibXNAvDWxHCvFpxnLeLQZk%3D%7Ctkp%3ABk9SR_TdgPPAZw,single,False,True
BMW F30 LCI LED headlights,BMW 3 Series F30 F31 LCI LED Headlight Light Lamp 2015-18 N/S Passenger 7492611,300.0,2026-02-20,Pre-owned,False,False,https://www.ebay.co.uk/itm/168155579009?_skw=BMW+F30+LCI+adaptive+LED+headlights&itmmeta=01KR3K05TV03RDW4C3R8CNM8PA&hash=item2726da8281:g:zikAAeSwvmdpjlZg&itmprp=enc%3AAQALAAABAGfYFPkwiKCW4ZNSs2u11xD6KsZvQGi0hf4y36EpykOFeX0VErdnKJzgbGppq96D7hfma9E%2FyD7ijwUpg2DHeFD4D7zNjb%2FqnCOo8%2BNge0g3iTuOUGnJzFihkEzF8%2BRJibgArt3nu7awhW8i8hTRh4IR%2BvMVkhmE9KkmUbfX0%2BzbllRzSryvzXthd8haguIx8PtLtrz7l6D5R3gYfV8fAvVKuVIUfAqwi0ZIBQ2EPeoQGptTUhVLr%2Bz%2BicchEqK%2Fg%2Fsx6YovsGuHczHr0mly4pBSKoGtN70HW72djqVfXUGNvqTWMaSsHQwlynujtcWxALAhKL5nBZrMgkFrqNJ9SQI%3D%7Ctkp%3ABk9SR_TdgPPAZw,single,False,True
BMW F30 LCI LED headlights,BMW 3 SERIES F30 F31 PRE LCI DRIVER RIGHT HALOGEN HEADLIGHT 12-15,69.99,2026-04-20,Pre-owned,False,False,https://www.ebay.co.uk/itm/157835240032?_skw=BMW+F30+LCI+adaptive+LED+headlights&epid=2093198872&itmmeta=01KR3K05TVWGZXXPY96ZHTHDV7&hash=item24bfb6a260:g:mvYAAeSw7kpp32cR&itmprp=enc%3AAQALAAABAGfYFPkwiKCW4ZNSs2u11xDO2O%2BvyDjX7Iw42P20RFxtMk2rwdbf7VuF%2FUmCyyfZ5gt%2BHXfUW1BXNtpZ%2B2aCPY3IHVByUxFCo0h0d3Q58mdTGF0ttAbHtdOmxHcGZ6IKZYyZOc0w7nXDn4xJMJu1qKP4YPUK6HuYv4Pp4JCD4ej3nQXbtoISCUYdAi9AiZYWzYdMoShgfXGuTd9YI86k6Fm%2FNtqnU94fQH%2F8evO3igR0HcXrZ%2BJiAopiOS2Ef%2FzS0v32qzf0P5XmAyS3nY7TUljKSBSc3W1nVuG1Tq8gXkYBgayTgYgqKszKZZBXqi%2FWgI%2FfTwwTOlSXqTzoZTohrrk%3D%7Ctkp%3ABk9SR_TdgPPAZw,single,False,True
BMW F30 LCI LED headlights,BMW 3 SERIES F30 F31 PASSENGER LEFT FRONT HEADLIGHT PRE LCI 7259539,89.1,2026-04-13,Pre-owned,False,False,https://www.ebay.co.uk/itm/157790718282?_skw=BMW+F30+LCI+adaptive+LED+headlights&epid=838132545&itmmeta=01KR3K05TVS9TDV98S7YK74TXZ&hash=item24bd0f494a:g:IqAAAeSwJQ1pxoyM&itmprp=enc%3AAQALAAABAGfYFPkwiKCW4ZNSs2u11xD5BDxGd6O2XNbMzYNu9hmaUU5c50YK%2FlJMKTWM2D%2BmR4J%2Fz0MgAXgK4S9Gk75DsugeqXWUb0QQ5HYcR1k8GQd9rmdLt5NHMCfx%2BaPuZcC3lcMm584Yp%2FedBOxOjIE1QKfsanj%2FZS%2B%2Bf3IbVx8bm3mXeCkKCh3RmACeDNzD6Z5uFso8HcAC8YoiOH2NVltNCbbToSrJYMA%2BcsgGkI3woWY3N%2F4RUMzZPzoADgHp6A27Ob%2FpboEw0Se5b9fbUoLXX69RLo0eOlGpTdbOJFOe%2FiIGbCcqRkSUAxcnotDmNqSWUKdAihJeGSP8WqT%2BUMjJkCo%3D%7Ctkp%3ABk9SR_TdgPPAZw,single,False,True
BMW F30 LCI LED headlights,3X For BMW 3 Series F30 F31 LCI LED Headlight DRL Module Set 63117419610 7419610 (For: BMW),28.19,2026-05-02,Brand new,False,False,https://www.ebay.co.uk/itm/317774031982?fits=Car+Make%3ABMW&_skw=BMW+F30+LCI+adaptive+LED+headlights&itmmeta=01KR3K05TVHNXKBSQE2BR2WGMG&hash=item49fcceec6e:g:VQkAAeSwyw5pa5Ku&itmprp=enc%3AAQALAAABAGfYFPkwiKCW4ZNSs2u11xD0yTlV3YaFclVX4A%2BBItwl27W%2BqJd%2FeTjrpADsxLC0yJfZ91AxzB8ZtLo7aeUYEE75IiG08PTaCKss1OTty4RMLVAnEKRD3JGlcYUGf8a1xNqUkNloM2mg5i4eiDfWPm%2FGkxRAoGZYWkN1koBzbXwXbfsK9j6EJavMwWYRf5SzNJlE7wj3kgEIvSK%2BDAMzllEod8MuxKNyMLQiXojlKeete7etkO3uRtWfGPQ9%2FNyRT1P00CcfqSKmRIr85PuzXKmeoCi7JEIGzyK7Au7u69WgHNqgScAiggvcHlPckEd5Cl3Nbxn5xT%2Fi9YfJbjn%2FCtM%3D%7Ctkp%3ABk9SR_TdgPPAZw,pair,False,True
BMW F30 LCI LED headlights,BMW 3 SERIES F30 F31 F80 2015-2019 ADAPTIVE LED HEADLIGHT LEFT SIDE 7419631,400.0,2026-02-20,Pre-owned,False,False,https://www.ebay.co.uk/itm/257308445611?_skw=BMW+F30+LCI+adaptive+LED+headlights&epid=764892295&itmmeta=01KR3K05TV44HYCRA838H9SJYA&hash=item3be8c74bab:g:wfoAAeSwVd9pZ5mr&itmprp=enc%3AAQALAAABAGfYFPkwiKCW4ZNSs2u11xBJgCYIYDcFOj7pDrnHhoyt4BIvkRoooTsSfEqt05H8NLIee2mmCEB%2F0ly3Gwb4gBkHYYHDEESsJ4UXNuKzB25MMDF2vFklfI%2FjG84soltdYfoo8kvQWjiZ2WosAE%2FI%2FgShiF2LhgrGrF%2B97LFflVQz9kEy%2FhpMkLuB0TfP%2BucJroCrwQExeFsmtdf%2F3FsAzrMuiWlQN8qdTW7A8yESe--rengFZ2vS45SxaPEBT%2Bcl4fMOBNglvhAqnDah%2FWFMOyKBo%2BK8oNx1PbVSNdL8hEvZzU4B0KxKXh%2BuTAU0gwYDn6A6Qz%2BbI7WoIA1G7BESzQ4%3D%7Ctkp%3ABk9SR_TdgPPAZw,single,False,True
BMW F30 LCI LED headlights,BMW 3 Series F30 F31 LCI Halogen Headlight Passenger Left Side 7365597,199.99,2026-04-03,Pre-owned,False,False,https://www.ebay.co.uk/itm/157745148152?_skw=BMW+F30+LCI+adaptive+LED+headlights&epid=10006040495&itmmeta=01KR3K05TVGB7TCRD364SNHCCY&hash=item24ba57f0f8:g:vQIAAeSwtwtpspyV&itmprp=enc%3AAQALAAAA4GfYFPkwiKCW4ZNSs2u11xD09jl%2Bobip%2FJnVMkG5ok2%2BszzLIIcH6qgANownqN78VmcOV%2FfqVd1DIqSex5cybGpywhEfNAI2aLfzgxH5YZSK5UZAkY2hBBlQaCjkMuzKvUhuZIl9vHV37x4tq9of%2Fzkukjc64ReH3%2B7W5kGVfGWa2otu%2FAYIZUrpFs8qglYlONpAoEWdEetqnAU0B8N7J6jbIBUU8aId0ud3vGH2Rzid--I3TTYSsXYhIknoUWWOHLrdMfBRs465%2F77Sd977V6UcL%2Bc6F2q6GNntEh004s5y%7Ctkp%3ABk9SR_bdgPPAZw,single,False,True
BMW F30 LCI LED headlights,BMW F30 F31 Pre LCI HeadLight Halogen Passenger Side Nearside 7259539,100.0,2026-05-05,Pre-owned,False,False,https://www.ebay.co.uk/itm/147270174591?_skw=BMW+F30+LCI+adaptive+LED+headlights&itmmeta=01KR3K05TV2CZXMQ8KKCV2VY36&hash=item2249fc877f:g:10gAAeSwSihp504~&itmprp=enc%3AAQALAAABAGfYFPkwiKCW4ZNSs2u11xAVuLi1Ptp7AAy73xWyzQmNAFFzGENsQpU4xooFlafpqaDFCgCozgMYOXRiDLL0dFx43%2Btv57jpMytVQMdraWLdUGNvYgu7Mlmf6196ihIaiGQl6PM789%2B%2FTwEpOpn6CBIn5pMz7tnuviMsB%2BXVeqBzD4V%2BB7fmYsf5bZwrxGIZfInRLQhgeyyVG83QKJ%2B2LJ83RGnjgM%2F0PRiL2GCb%2BvsRiSKPx2nnN9r41S4253cYi%2FsoNO8Jc1IkKEIRKmG2U%2Fit8bjSlZqbn4w0cvdv10Sj3wDlkiumHSZqV0vz6EXuLIxNRSdcP12QSP8Mcwj0rLw%3D%7Ctkp%3ABk9SR_bdgPPAZw,single,False,True
BMW F30 LCI LED headlights,BMW 3 SERIES RIGHT DRIVER SIDE LED HEADLIGHT 2016 2019 F30 F31 LCI GENUINE 320,170.0,2026-04-16,Parts only,False,False,https://www.ebay.co.uk/itm/178028164751?_skw=BMW+F30+LCI+adaptive+LED+headlights&epid=12023316024&itmmeta=01KR3K05TVW6KETDNSWA8764M5&hash=item29734e368f:g:T9gAAeSwHHhp0-0s&itmprp=enc%3AAQALAAABAGfYFPkwiKCW4ZNSs2u11xCrs%2FE%2FBdLZZE0owjWhGrNQRs4T7GHtvtgSEAMPh5mNJnLSnj4i1Rwdkjsf0He%2FfxBH%2Brx5OCizZZbcIS8XPaOG9PbUJmdYnFrA%2FX6KWJiGTonUGBvx7VbAhwmvbL%2FQ%2BIWfIiu8MpOqBT378V%2FKOGlOsnUZvDbcXCrSAP1s%2F4R%2F8pSsWMdkSO%2BQvIQCYNtXZBq5hmS4pVlHa6CqZbMtsRAUmASKsRDNQE8ISLDLc%2FUQ0XtBG1UAlLN1M0XDLrwpnKlU6PpXZHSI6Ej5RsC%2F1yS%2FUdrxUxNs3gtfVlD1yV8YmLzrr4HTTzUtjB4mSQBz3us%3D%7Ctkp%3ABk9SR_bdgPPAZw,single,False,True
BMW F30 LCI LED headlights,Headlight Full LED Headlamp Right For 2015-2019 BMW 3 Series F30 F31 63117419632 (For: BMW),177.0,2026-05-06,Brand new,False,False,https://www.ebay.co.uk/itm/196292931836?fits=Car+Make%3ABMW&_skw=BMW+F30+LCI+adaptive+LED+headlights&itmmeta=01KR3K05TVTM6N1G0N6SV22ZAT&hash=item2db3f870fc:g:XJkAAOSwq8Nm88RZ&itmprp=enc%3AAQALAAABAGfYFPkwiKCW4ZNSs2u11xDOo79wd%2FchrT4XNFos58p5JJL3YirWqsYuLvdGcePOd85Gey90iH3tOYsAPTmr6JvEUl2P8bVJM14zSSv5VqxhibVYtyQZNaXh%2FKjyDR0YsrAUucVAaQUASGlCw%2FHK5WJ8gvGMvV0P0kXxNLfYNjcGEs%2FFPSvmkhuE%2BKIs8YxV9WFwJ%2Bjs6CiJf1%2BwWJMJ9AW5MJtR0HwyzgWNPNG5DNWdE9H4gmCLhhHNbVMWuhaQ356QLT%2BxfyG%2BLic2CaFz9Wok8tiMgYMjVdy1jftHjs4UOVwszkiJ4ebGBgEkum7lj%2FbvQtwVz7LFXM00rG7%2BAOE%3D%7Ctkp%3ABk9SR_bdgPPAZw,single,False,True
BMW F30 LCI LED headlights,Headlight BMW 1 Series F21 LCI 2015-2020 Halogen With LED DRL Drivers Side Right (For: BMW),189.95,2026-05-03,Brand new,False,False,https://www.ebay.co.uk/itm/296698160988?fits=Car+Make%3ABMW&_skw=BMW+F30+LCI+adaptive+LED+headlights&itmmeta=01KR3K05TV55TNWXN5VWYSJKZ6&hash=item451496a75c:g:FToAAeSwEk1o9j0P&itmprp=enc%3AAQALAAAA4GfYFPkwiKCW4ZNSs2u11xCUZsrTlqapOI186eGGzpDwnegz5CTi8CJnSCP%2FYQHT9kF2NvQEX6EG6MDIIEzMRMmE1xe0Mg0Oi0VcpUxYImOhCWMEleRya3csIcGGE52KpytXKqFOJjSg2UrBNVMCdt4Xb0Lr2grQbDJC6e0nxbxVn%2FQa91sU0rChnHLSOFaJHJ%2Bpqd6hmURtNBvBqlcmcfM8rzCMbXZ9okWF4OHpSEI7beX%2BSqtVjyRUfE%2F0VN4j1kOIr%2FBV04%2FPfXhMUEBqdQmFZ0ojiv5W4w963E2rP0eE%7Ctkp%3ABk9SR_bdgPPAZw,single,False,True
BMW F30 LCI LED headlights,GENUINE BMW 3 SERIES F30 F31 LCI 2015-2018 DRIVER SIDE LED HEADLIGHT P/N 7214798,345.0,2026-04-08,Pre-owned,False,False,https://www.ebay.co.uk/itm/298156961194?_skw=BMW+F30+LCI+adaptive+LED+headlights&epid=11043420037&itmmeta=01KR3K05TVX7PG07NGKVZ201SX&hash=item456b8a2daa:g:u34AAeSwvqRpwsnF&itmprp=enc%3AAQALAAAA4GfYFPkwiKCW4ZNSs2u11xAaGEkLW4sVU--Bu0aiQyyfegsWU6wKNgIhTfR8CVQW2kFrteRkOjF4M6HGtRy9DRvnkiFA0qDkklh90P4p64neTs6k5HBTE7L8ISzPzSJKMtIWsOFoU5raV64RDBxgBgqr%2FNwvVIdHPpOLune5yhZCfZRv9E6S5k4Cc3EiKC678uOiP4newI872fzP27TTMN3rMi7RhdUIJ00wQYL5dvPZcli7WWE7p4oejOS2NnUY1soD2i%2B8tvYniyrj%2BS8GQmduLTM5B%2B7BRK7IvSabQDrF%7Ctkp%3ABk9SR_bdgPPAZw,single,False,True
BMW F30 LCI LED headlights,BMW 3 SERIES F30 F31 PRE LCI BI XENON DRIVER RIGHT S HEADLIGHT 7259548,249.0,2026-02-13,Pre-owned,False,False,https://www.ebay.co.uk/itm/157663422404?_skw=BMW+F30+LCI+adaptive+LED+headlights&itmmeta=01KR3K05TV9HMC5Q67GZD6A4PV&hash=item24b578e7c4:g:x0YAAeSw~hhphC90&itmprp=enc%3AAQALAAAA4GfYFPkwiKCW4ZNSs2u11xCCRKq0SaY8t1545o9HSnMjj%2FfXbOpaEB84N%2F0Ya3gUgBnZdf1VxsuTW8cnZcLXqRRKgF%2FujiRHCE%2BvhlBY0asqywDxmT4Iy4C3qVuQbEaFAZkRhy%2FcsJpKqag%2BGhmujy6BIhbdwSFmOx6%2B0N6zec8mSLly8hq4FQgk9f3vLmEaKrYKWK6LNe75SIue4WBRym4QZ0bhdiBpwirtNSbvUEbknK94h2ctbney6fnPzLs02vF0VwkNdB8ww4Li24OW1AKaLKdFD9YiIKlrX2rCVEYc%7Ctkp%3ABk9SR_bdgPPAZw,single,False,True
BMW F30 LCI LED headlights,BMW 3 SERIES PASSENGER SIDE LEFT HALOGEN HEADLIGHT F30 LCI 2012 2015 GENUINE,90.0,2026-03-06,Pre-owned,False,False,https://www.ebay.co.uk/itm/177788348724?_skw=BMW+F30+LCI+adaptive+LED+headlights&epid=20026008376&itmmeta=01KR3K05TVSJCZV08FWY1KCX24&hash=item296502e934:g:m-UAAeSwPjVpaV5T&itmprp=enc%3AAQALAAABAGfYFPkwiKCW4ZNSs2u11xBiBOKYIHUISFVaoPT8q%2F730kjXhZsRfeszrfxeFfoNJ%2BssPINsz%2BfdwChtEV8OqTJVCw4ajUE%2BDhNtZYoCN3md%2BuDKEc%2FrgQZEzXKZbB1cTD23tPVc1OYx1uNJwypVkWvu224tLZrmZeVhraSMQ73%2FXW7goTMSmy3hU6K5toeF9UAiuu8I53oSCPOr0EhhlUEH4Mk3bw0%2BvAEXxwuBMiM4T9vYLvYgh%2BqeE3hC%2FQ66ILwiP9sHEVpDtwYBNlOppy%2FWNnhGIdjfI%2FGyh5MB7xpEeugMjp5czkm%2FYPliJq6nI21BvW1uNQOXt5m10RmjblE%3D%7Ctkp%3ABk9SR_bdgPPAZw,single,False,True
BMW F30 LCI LED headlights,BMW 3 SERIES Headlight O/S Drivers Right F30 F31 Pre LCI 63117259540 (For: BMW),129.95,2026-04-24,Pre-owned,False,False,https://www.ebay.co.uk/itm/206195234556?fits=Car+Make%3ABMW&_skw=BMW+F30+LCI+adaptive+LED+headlights&itmmeta=01KR3K05TW19XJ83WCSAQDKCB7&hash=item30023196fc:g:PO8AAeSwJ-5p1N6s&itmprp=enc%3AAQALAAAA4GfYFPkwiKCW4ZNSs2u11xAqlFP8uPyHt2rVF1GXvFT6itucjti%2BSYV2EvN66Oq3TfNqfYA3Aqg1BsQfqhYmngztoTjH8xiUn1hCl3mVLOXnFux%2FAXgWAtZaw%2BRnB3fBOG0J05zrjo2mfbFMV1hyGxzWumQNCwgUzuFSPVFWlPsGLlipyan6G%2FSXt1tzCC4K7svx4n4j3mP7gc%2BZ%2BPtMP1QCDgx12Z2tiieY88LyTzITnEp2jYszMsirKSExxrn2KmlVNJyRMkheiMQLnp4T6bOSMqgRYZA7eh0lC%2BGJ458y%7Ctkp%3ABk9SR_bdgPPAZw,single,False,True
BMW F30 LCI LED headlights,BMW 3 SERIES F30 F31 PRE LCI BI XENON DRIVER RIGHT S HEADLIGHT 7259548,155.4,2026-03-12,Pre-owned,False,False,https://www.ebay.co.uk/itm/156152065124?_skw=BMW+F30+LCI+adaptive+LED+headlights&itmmeta=01KR3K05TWXAYKF7QN1DE53MVY&hash=item245b636c64:g:bxgAAOSwqbNmDlvL&itmprp=enc%3AAQALAAABAGfYFPkwiKCW4ZNSs2u11xCj2gos8rk2BRh4L4lqmJfdrdOvx6HZlfb--IAOz2XNGRJRKTmYO0BYNXHFZVyHlWvl5v5ITCXZwDaQkGmHBwPlS6bq%2BufVzCRc3BeMZTNPnFe83Q5WhboQxAnLxQ3YE9BQd7Tu9zy%2FSc9LfvAnFultWdXgjLXyZZcrXz%2FrJL3tV47uVZcowsvIyPwrDfOniBh8EJiXinSFlibPPbKBqQOAwGKJxQr9E6Ru%2BQF3UkPDCL4ZUxjWINFvw5DWgQUk631HcAEwbmvILlW5%2BRR%2BPp0Kk49Ks%2BAvKDqaygVCV2fXmDNpes3ccXSmLqOwMChJqgc%3D%7Ctkp%3ABk9SR_bdgPPAZw,single,False,True
BMW F30 LCI LED headlights,BMW 1 SERIES F20 F21 LCI RIGHT DRIVER SIDE ADAPTIVE LED HEADLIGHT 2015-2019,535.0,2026-03-11,Pre-owned,False,False,https://www.ebay.co.uk/itm/406678972190?_skw=BMW+F30+LCI+adaptive+LED+headlights&itmmeta=01KR3K05TW03NBACY6BRANM0RE&hash=item5eaff4a71e:g:KhwAAeSw45Bph1zA&itmprp=enc%3AAQALAAAA4GfYFPkwiKCW4ZNSs2u11xAVAtxv5kq4db3z9dAEyUt9UXtMwInLfFffcnVQ6F%2Bq9vlXWyqY4aKL4YVo1FaYbIHWbvcfUZJrgPlDUjJaEjb5JLOlfOEaF1a8iUnCQTgXASlIzpKtkVbHD2ITnvVJOZlW4UXVLvZc8CuaHk3NPAxHuSIexvim3%2BcKtGP78PMbWPRYa3tR5s6r7HOPEp1Kia1vPMsNbGQmBvmcEL0Fio--ZMuc0ajvol8%2BA19ZuY8yJI9pr82Ol0Jpqf%2FxcpGaQ300SarKrsRPtLBUA2c%2FOsBN%7Ctkp%3ABk9SR_bdgPPAZw,single,False,True
BMW F30 LCI LED headlights,6x Yellow DRL LED Boards For BMW F30 F31 LCI 320ix 328d 330ix 15 - 2019 4302016 (For: BMW),36.99,2026-05-06,Brand new,False,False,https://www.ebay.co.uk/itm/206028155655?fits=Car+Make%3ABMW&_skw=BMW+F30+LCI+adaptive+LED+headlights&itmmeta=01KR3K05TWBZKZ3THZ9XXSEKVB&hash=item2ff83c2b07:g:FUwAAeSwIidpd8Ei&itmprp=enc%3AAQALAAAA4GfYFPkwiKCW4ZNSs2u11xBSC4sIre6jWbbpyB1VWfTLpdnEFO2MVz7ALhzYLakGQb23RhyZaps3BnlUAdRTf%2F05rTm7tgPSCgcUZpgu4sV1EAm1Olc6OI%2By3jWZPCcy7L7VKkDjKeq6lybfZZPnsW9E0pOlkEJxmqgfOwOHRLy17rzQ8jVbyYOHlgoy9QVcaOIzZ9XnTl5RGXul42E62Y2BVvQIgYmrz6RjmhT4kofrRHlRkxRLxwXYyY5xGMzNAcFrWQ4c%2FDSQlERolSC%2B1%2BHIhtyrwAhcgh2PQ1F%2BEodh%7Ctkp%3ABk9SR_bdgPPAZw,unclear,False,False
BMW F30 LCI LED headlights,BMW 4 SERIES DRIVERS SIDE RIGHT LED HEADLIGHT GENUINE 8738702 F32 LCI 2018 2020,250.0,2026-04-27,Pre-owned,False,False,https://www.ebay.co.uk/itm/178065703281?_skw=BMW+F30+LCI+adaptive+LED+headlights&epid=18034807601&itmmeta=01KR3K05TW41BMJD3J1CB0T4TM&hash=item29758b0171:g:MikAAeSwiJ5p5Uyy&itmprp=enc%3AAQALAAABAGfYFPkwiKCW4ZNSs2u11xB41MXD%2B9hplkPiAl9JGCyifjmm8xTiABJMV61IFkPqoSRU7J9Y0mJ7gWMVOMVySRrbpp3PNvTCZGy%2BSZb%2F%2BtTCpvu5o4oyXq0aH7Y51epsmq%2Ba6k1oqMsUaW3qa0rxiPMGkhjbTgcHUAAPdINV2%2Bxnqp4d6k302oqw%2BzLhQqRL%2Fr0ApOM2OFvPpQKjXntdvd5H8kspsb1Z9mWXH1LJQRomemymAqmV0eBvWAimHmyEYjka4T4dAy4sPqBToHkP8Ufc2NEEFOyqYanq%2Blb1oTSByfYiLXBwpUdqf9xEV26cLmMoVtMFRB%2B0PzhKU%2BMybWI%3D%7Ctkp%3ABk9SR_bdgPPAZw,single,False,True
BMW F30 LCI LED headlights,For BMW F30 F31 Pre-LCI 3 Series Yellow DRL LED Board 2012 - 2015 63117398766 Uk (For: BMW),32.99,2026-04-30,Brand new,False,False,https://www.ebay.co.uk/itm/188029090294?fits=Car+Make%3ABMW&_skw=BMW+F30+LCI+adaptive+LED+headlights&itmmeta=01KR3K05TWJQXDR26V56V6GXH6&hash=item2bc76839f6:g:zMoAAeSw-M9phNIW&itmprp=enc%3AAQALAAAA4GfYFPkwiKCW4ZNSs2u11xAP6bBDoV%2Fsk%2F5M4Dy0Opu%2BKUqFaSggYSf4YpRuHgWs0tdLTwQtJwtMil%2Bz16s9xKKmJnHOPwrvBep7ki9%2FGgDub9Ia2Pr2MQ6TynaHNmQETkn%2B9OXe4Ip54IvgE7zF7puTq%2Bd5H6WmHtabEvfeqCNdztT8TQBhIBCXR2%2Fi5tBcL0k%2B6jZp59Cu%2BWc5BLjL4NuX1FY7fqHM13I0chPjL5hG47OwIuxoODCBtP7VrMQKusxtBnT1RIbYmdK1Tq7CvRzM1stKK5tcvDPDlCjXuvlF%7Ctkp%3ABk9SR_bdgPPAZw,unclear,False,False
BMW F30 LCI LED headlights,Headlight BMW 1 Series F20 LCI 2015-19 Left Passenger Side Halogen with LED DRL (For: BMW),204.99,2026-05-07,Brand new,False,False,https://www.ebay.co.uk/itm/146184016026?fits=Car+Make%3ABMW&_skw=BMW+F30+LCI+adaptive+LED+headlights&itmmeta=01KR3K05TWY8B5MH5NJT70TC16&hash=item22093f109a:g:WocAAeSwCsFopFLz&itmprp=enc%3AAQALAAAA4GfYFPkwiKCW4ZNSs2u11xDrZinpCr7dL1bdlFIHenrWnZwymqSndFCQOO01lfg6QWv5GKGewsDoCWNXP7BwKoqms7mkoUZ76ZrApzSXeywpO6sNgn3wlh5sH6NMUWXQ378B3xOLTNUtnGTqZyyp7N5yee1Ev%2BCEV9D0LH%2FannppYaJuBU7B26ZnKy5RhQE8yn3t7TWcjPb0YTWFjVl9Ee1KW7awBGmtL9JB7xmsmXs9xLH4qJFpXszfgGrRRwsZMyghsML7USyZnJNyKPQWoe9YiDzXPMjyrQYNHq16irFS%7Ctkp%3ABk9SR_bdgPPAZw,single,False,True
BMW F30 LCI LED headlights,GENUINE BMW F30 3 SERIES FULL LED DRIVER SIDE HEADLIGHT 2016-ON P/N 8738714-02,291.9,2026-03-31,Pre-owned,False,False,https://www.ebay.co.uk/itm/389668752192?_skw=BMW+F30+LCI+adaptive+LED+headlights&itmmeta=01KR3K05TWYR15Y6APVM2NH0DA&hash=item5aba114b40:g:HU0AAeSw0oxpnyh3&itmprp=enc%3AAQALAAABAGfYFPkwiKCW4ZNSs2u11xBZ5FGsVe8qPUWDvMMoPlc3fFEEs955g%2BCRYJVy1nUwMcJIHRrSVPR9KuODbQff3H%2Fe6mmmp0t7cjGVqqbVtJOY90XFO5nY54mo%2BwT0RsoywHtr2BQbrJ9XbKlSYAJtzJLbqSFOogfKYYnV143C05ENjE2UCpwnp5LcRp1I3h%2F3claDj%2B9kGnn5JJbwA%2BwowpO789Lb4pu9zZSFLWtBZ0vuXrCcSlKGlxmhg7zAohOZBYgdvS0w72Ujg7z6Hkac9LwX7Am0S2h3nRHgROkI8F2whPY5rGtMD%2FYr36ITG2ZgHYH34OKI%2FHlsHVPWcDYyw1E%3D%7Ctkp%3ABk9SR_jdgPPAZw,single,False,True
BMW F30 LCI LED headlights,Headlights For BMW F30 F31 2011-15 Xenon Black Light Bar DRL Daylight Running (For: BMW),499.99,2026-03-24,Brand new,False,False,https://www.ebay.co.uk/itm/406647420404?fits=Car+Make%3ABMW&_skw=BMW+F30+LCI+adaptive+LED+headlights&itmmeta=01KR3K05TWNKG20P41PH9BT9DB&hash=item5eae1335f4:g:fqIAAeSwrXFo2mf-&itmprp=enc%3AAQALAAAA4GfYFPkwiKCW4ZNSs2u11xB2wMbm5pSLmxLhE4zxqCbuMpViiG6NThb1HKN5p7cw4epfw6P8LuuYfRy%2BhnxtV7GIDaiL9TMdVigqGofmchOUNyZVVt4uqmTspyBpXVZ1nI0k9DXi5pVtaEwuYH%2BnLPpKuA6i3xRn03FgBlmILFW8es3s%2FA7vGpYLuNf83Vou6uWPtt4MyFzu95jpvb5NbS5mACpfVvA4jhRDLVgZaWYp3R27BmWinkRt4N9IKPp9YiOv56PC2QKOb%2Bnz2ujwowocBxNOnz%2FUWAydqHox7%2FKN%7Ctkp%3ABk9SR_jdgPPAZw,unclear,False,True
BMW F30 LCI LED headlights,BMW F30 F31 LCI Headlight Headlamp Lamp Light Front Left N/S 7365597 (For: BMW),249.95,2026-04-28,Pre-owned,False,False,https://www.ebay.co.uk/itm/267648168025?fits=Car+Make%3ABMW&_skw=BMW+F30+LCI+adaptive+LED+headlights&epid=10006040495&itmmeta=01KR3K05TW6S4DGAN9HFE5MZCT&hash=item3e5112f059:g:BqIAAeSwZeRp6c8T&itmprp=enc%3AAQALAAAA4GfYFPkwiKCW4ZNSs2u11xBSV0ZbOaY6wjt%2B6Tlq3oaoEDyYc%2Ft0NNxtjY%2B%2FmnfocikgyEYLDBhLQRwVqOeGh%2FWXh%2Bn3FKoMIy3BIylgyaoaTFmLr%2BhA6Z0z7nRmIuKrBMB1qj7LGkXJt8ya6s4lrstehhvOnmJBCSmnlftUNAc3UIZbO6Nh15o204QVAV0wZmBe84LgrGZqfnHy3jG0bfMVZsrTr3ACcRnInwm2aEFFUAwGbisTN%2B35M5DlTrvOdSys3Vu5IWiDvcf%2Bkred%2FHdFY5iqRllXtzc%2FTPjuLWLq%7Ctkp%3ABk9SR_jdgPPAZw,single,False,True
BMW F30 LCI LED headlights,Headlamp BMW 1 Series F20 LCI 2015-20 Headlight Halogen LED DRL Passenger Side (For: BMW),204.99,2026-04-30,Brand new,False,False,https://www.ebay.co.uk/itm/126772126183?fits=Car+Make%3ABMW&_skw=BMW+F30+LCI+adaptive+LED+headlights&itmmeta=01KR3K05TWQYP1YFXGTB978YWE&hash=item1d843521e7:g:0t4AAeSwzPxoyV-o&itmprp=enc%3AAQALAAABAGfYFPkwiKCW4ZNSs2u11xDZkYJ89n430TDF9W1JZDtywa112RGzC55ScKnHU%2F%2BvKWa7%2F9Ubvn0y1vS8nx2JDvCA5ksSzYVMFhvMRamVqhn2CmWzcsZk%2BWdpEbPluICsBhoV1qCzdwGDgg7aXFpyDD6vTsvj7XgPaYyVtImPjkb2vf%2BFyxrqMgunN3XXLbtN%2BVE5J6pr3Je85p55IgaNQkTE7RrnMYOzS1%2Bpp%2FOBWx2rLJnrWvIRSImxQZKRYwTm64pAd73HtTWHfE5uurY5CEtkpzxZ4rRMJcv%2FLNREY5oHK2k5cCxpE40kH%2FWxNNOYkPkVh%2F35kxGY3HKC4HVvUxo%3D%7Ctkp%3ABk9SR_jdgPPAZw,single,False,True
BMW F30 LCI LED headlights,BMW 3 SERIES F30 F31 PRE LCI XENON HEADLIGHT RIGHT DRIVER SIDE 7259544,260.7,2026-02-27,Pre-owned,False,False,https://www.ebay.co.uk/itm/227190279304?_skw=BMW+F30+LCI+adaptive+LED+headlights&itmmeta=01KR3K05TWQ7NFPD73DMH42C2N&hash=item34e5988c88:g:CEUAAeSweW9pd9s4&itmprp=enc%3AAQALAAABAGfYFPkwiKCW4ZNSs2u11xBO%2FSgt%2B4Bflbs6l5k3Ej3iOb%2FVxfRRg5%2FmDXIMj%2Fo5KE4A8ioGmi0hsGj8pciRCyYrg8Dxakz9pGaYSmtUVVBdT4DG85%2BTme5tZI81qzxBs06UIXRD5S5MJkQT0xjs1kCAVDuBlPAdwyNqH8GRC3hv9NBF5fvEFAB6y0d3jLzj6c2i7XWHf8da4pS1ei3IE34rsnUCUHzFhLsYPw6ngCjiDuKNorYNp%2FM50LT%2FClM5Txu6XjaWHGW6lpYJQ4%2FJDBHWTC0g2nM2i%2FTUejdj9l2OKRWxAvBczlcCCFpUHUys3PpyC0X5Swm2P0cJV3sAcKY%3D%7Ctkp%3ABk9SR_jdgPPAZw,single,False,True
BMW F30 LCI LED headlights,For 2016-2019 BMW 3 Series LCI F30 F31 Headlight Lens Replacement Headlamp Cover (For: BMW),49.99,2026-05-07,Brand new,False,False,https://www.ebay.co.uk/itm/285150323639?fits=Car+Make%3ABMW&_skw=BMW+F30+LCI+adaptive+LED+headlights&itmmeta=01KR3K05TWF3571ZWRDXQSWFV3&hash=item426448a3b7:g:JqQAAOSwwhZj7zM8&itmprp=enc%3AAQALAAABAGfYFPkwiKCW4ZNSs2u11xApEjH6Mrwz4qy6izvSa9aJr%2FUKkHLVVzxO2NmogwAeE9sjitUnIZi9i0DxAe6gjt3tUdMw%2BD2pOCivHIYfB2%2FTFrQqGsQT7cQePan7zAkr4oOqPZ%2FhygABqBs2iVAotiNnVmnQy%2FznFMOJnz3J6b%2FJRqyUPTtnM7p%2F3X3sECdnXio7KuQHmDo6rdtHZ%2Bj0gKDxvfL04FPNy9I8u9B866VldOz69ZsbMt8cG23RSEFZF6euyrrdQRFRdqZgTEbPVu9AkiwidDFpJ8Mn1Jns8HCh6hbBJCXdnGB8aUVVNPOF1sBEjvKgbnXZVRPc%2FmEaSjg%3D%7Ctkp%3ABk9SR_jdgPPAZw,unclear,False,True
BMW F30 LCI LED headlights,BMW 3 SERIES F30 F31 PRE LCI DRIVER SIDE RIGHT HALOGEN HEADLIGHT 7259540,84.99,2026-03-10,Pre-owned,False,False,https://www.ebay.co.uk/itm/227246762703?_skw=BMW+F30+LCI+adaptive+LED+headlights&epid=2093198872&itmmeta=01KR3K05TWV1BASZJ1KMFS9NYR&hash=item34e8f66acf:g:W9UAAeSwmeNpqW6m&itmprp=enc%3AAQALAAAA4GfYFPkwiKCW4ZNSs2u11xC5jxOAFrpF1NeHPtSa%2F8%2Bmw2o5STKxioOf4816aALfeECA%2BDPGkpAsYWGREhMzvqXd6vqnXD7wUQ7YssCrPyFp7y4gameKz17FFO0UOlV%2FIfV2XoE4C7bMgxFIJhwYp7gitGXUVY6STSPeDJpXBXbYZettTp7XFMoxFU2nrZIMvX0Qu0jI%2BajArJy2ZSVS5NHh7a466g8iQKc892t7iIyZWwr0tynmV0YvYZjsOb%2BbrkM8v4Yxa0tAfXshoEg%2BepXK%2FbUVNkEJBeSuksMUbuxI%7Ctkp%3ABk9SR_jdgPPAZw,single,False,True
BMW F30 LCI LED headlights,BMW 1 Series Headlight Passenger Left N/S LED F20 F21 LCI 2015-2019 8739573,410.0,2026-03-19,Pre-owned,False,False,https://www.ebay.co.uk/itm/397727762408?_skw=BMW+F30+LCI+adaptive+LED+headlights&itmmeta=01KR3K05TW1WJFFQSNKRWGDTJQ&hash=item5c9a6c07e8:g:ek8AAeSwO6xpucVj&itmprp=enc%3AAQALAAABAGfYFPkwiKCW4ZNSs2u11xAeIrWEEw47kC4PVEck9y7WplD6k7b3vC7qz6EeRM5yYKzZMmIPuhF6od37zFZt%2BDA2iALiYy8NufoEiGd2SabosY5udiHZYMPCVMcFraXchaI8EHdzRGnKLWA17Maw8kqB6tg01IW2S7u5Wtk%2Bzf6fmKJrhFS4PRFdfaW0f%2Bz6M%2F2ZqND5sn%2BRBxxh72vqo6oe6Dvl7HFfIL6Sthf%2F8dgNp6l%2FUTbQ4FQBoNQx2TdGUfrs%2FswtDbvfbzBSLy8HkiQxixV0fvLivPBUAnQLpqX5qoCA%2Bp3qvVMwAoSZ2NiDr5Jh50s39%2BzGgm3xj0l8sY4%3D%7Ctkp%3ABk9SR_jdgPPAZw,single,False,True
BMW F30 LCI LED headlights,BMW 3 SERIES XENON HEADLIGHT COMPLETE PRE LCI PASSENGER SIDE 7259543 F30 F31 (For: BMW),429.99,2026-03-08,Pre-owned,False,False,https://www.ebay.co.uk/itm/327028552367?fits=Car+Make%3ABMW&_skw=BMW+F30+LCI+adaptive+LED+headlights&epid=9014855692&itmmeta=01KR3K05TWZPSBPQJRRF63NJXY&hash=item4c246bb2af:g:--sAAeSwR51ppw7E&itmprp=enc%3AAQALAAAA4GfYFPkwiKCW4ZNSs2u11xC2HNOxcotGqsZkQOuI%2FOyoF18SIrBZPYIXgjvKSHJ3xlCwllN%2B4UU6cS9PPfCT7Pg0Q4GPhaPcLbLnIWrR%2Bxy7QJqwJOiOAiE%2Fg87%2B6kNvUD6TiHkOTlLfUGS2x%2BkCqxb38YKo3KfADgXBXsaUo4lcHRB9rZ3cwwMCNlIIKeCcQzGfM7tl8NXUuWrYPBwSPgYnvCeYHMB0%2BjBgMMWiZ4Ug84%2BEa7wDApbRHX%2FiGe%2FYjaRczARtv%2BUoxfdL2J8clfTbAACj6egRgQBE8tq8NneS%7Ctkp%3ABk9SR_jdgPPAZw,pair,False,True
BMW F30 LCI LED headlights,GENUINE HEADLIGHT FULL LED BMW 3 F30 F31 LEFT SIDE 1LX.012.120-43 COMPLETE,260.7,2026-04-13,Pre-owned,False,False,https://www.ebay.co.uk/itm/188243995249?_skw=BMW+F30+LCI+adaptive+LED+headlights&itmmeta=01KR3K05TW8511STFG4PNF3NGR&hash=item2bd4376a71:g:VFkAAeSwebtp0Rnz&itmprp=enc%3AAQALAAAA4GfYFPkwiKCW4ZNSs2u11xC33B%2FEm%2FF68aw1w3WHk%2FMQOmzjZuSrjy9nfC70rRthI5BIB6vOj%2FycLSZuzqHecON%2BPgNxa%2BSRkYQa6TLfOIPNALt6O3RBeoLTRDG7d3zuQlBqKLAeZDCvEBl0c%2FKQ7wTf1%2F4f1KbaipC4zqlKtzV3LI6Txnf52Iipk4f2wJvdAl7%2F6kcJQXXO6S%2BOMr5OqJLMDYcy5JT9FuLhEOnLGqAS8q6ifhZx9tMrjkNUIEgA9af7UPMP70cJB5Rej9Qs6OP4XcIg7xbFtCdvJgHav0WC%7Ctkp%3ABk9SR_jdgPPAZw,pair,False,True
BMW F30 LCI LED headlights,BMW 3 SERIES PASSENGER SIDE LEFT HALOGEN HEADLIGHT F30 LCI 2015 2018 GENUINE,155.0,2026-03-05,Pre-owned,False,False,https://www.ebay.co.uk/itm/177914210531?_skw=BMW+F30+LCI+adaptive+LED+headlights&itmmeta=01KR3K05TW731KJKHXFCJBCM9D&hash=item296c8368e3:g:~n4AAeSwyZxpoMUQ&itmprp=enc%3AAQALAAABAGfYFPkwiKCW4ZNSs2u11xBzVwZe2WdIVsKb8kg505dckCMdoUAMBnKvXxsnFfcq1WgL4mWriG0%2FXT5Q09iVzeLAytIh7Jc4AaExu1iXWwZB7QI4TlS%2BYKRT%2FMwShbOvS%2FWYPJ4CItZvllqI3TEMx6BPSoHxDEU1cFreH1IhCMCUp%2BMXnxhTo4QJxnYejM04ByH3KAv1ezZtGVzr4LsW3OXBwUaDGx1miYYfjuLrTix7R84tmslBA21FWHstbUgwCqPvDwDO6lu91G5lzKmYfdS4p8074%2FdhN6jVqf80qhtjGmd7BULsTi0ogMmcrjrn17n3KgEFEE7ibr0DIhN2bvU%3D%7Ctkp%3ABk9SR_jdgPPAZw,single,False,True
BMW F30 LCI LED headlights,Headlight BMW 1 Series F20 LCI 2015-2019 Right Drivers Side Halogen with LED DRL (For: BMW),204.99,2026-05-04,Brand new,False,False,https://www.ebay.co.uk/itm/146006437153?fits=Car+Make%3ABMW&_skw=BMW+F30+LCI+adaptive+LED+headlights&itmmeta=01KR3K05TWX9TFQ08QGJQNVFA6&hash=item21fea96d21:g:IB4AAeSwB9NopFI9&itmprp=enc%3AAQALAAABAGfYFPkwiKCW4ZNSs2u11xB5ABLoLKK9A708kMb3TTLlQ5YqozQfqf%2FeHtkTOs8Zx%2FpG%2Fk3tO%2FODMEl9wh0Vbmds%2FMY48GVuvIgN467u%2BEQbr%2FBxoQxHvv0XnxWNuZzvuU%2FzfIi1JBV0EAYxL%2FMLY%2BmY0biio7QvP7up9NJskGLd2cVJaZ0MTTV8KE%2FCZ2wTo5p5Fte3qbz2wsE6nBq%2BqjtoI5tQpqmmGvR3bBCCdKrM%2FhM94z43DKcXN3KTilW2ewSe5VA8mv4G4ZjNiJ%2FJ3dfI6rkGAQSGUKdONxgHwF6BMjiDBs3dFfNGSicbZ84DaXvJPC80C51oA482Z7iL4yg%3D%7Ctkp%3ABk9SR_jdgPPAZw,single,False,True
BMW F30 LCI LED headlights,BMW Genuine Headlight Headlamp LED Modules Set Fits F30 LCI F31 LCI 63117419615 (For: BMW),100.99,2026-03-26,Brand new,False,False,https://www.ebay.co.uk/itm/185591971478?fits=Car+Make%3ABMW&_skw=BMW+F30+LCI+adaptive+LED+headlights&epid=10056683322&itmmeta=01KR3K05TW92SP9N0W7B3PNYN0&hash=item2b3624be96:g:iw0AAOSwWvBk42~j&itmprp=enc%3AAQALAAABAGfYFPkwiKCW4ZNSs2u11xA1euuyj12515IyNCDvlkBo7WMsIJIlxSjrERnSFlNCL7I9srQH00KyDqJqf1H0cTx8Pat8lpGIuCvoJsMXvPdS%2FGL6S9MojrqSIp0YC7QvzrTvaD0BmNdmUxbaFOODr7lEwzSXQ8qaKj9HPo0PfjNV8jzK92Z0onFA8Pkzzta%2BtjTjhFrO6Hr3DA93wwYprFxlqb1DompJrSZ4riX0CGVDX4CMD6LE3Qv7zTHKlfQyYwopF0%2Fpnkbl8JCDS6a4hwxPYDhhKKtn%2BC22Gf2uUGRidbJmoNUoK6ePkCvUXpY1AvhtGgQKmEW0HRklX8nDcws%3D%7Ctkp%3ABk9SR_jdgPPAZw,pair,False,True
BMW F30 LCI LED headlights,For 2016-2019 BMW 3 Series F30 F31 F80 LCI LED Headlight No AFS Left Passenger (For: BMW),358.8,2026-03-23,Brand new,False,False,https://www.ebay.co.uk/itm/389484946998?fits=Car+Make%3ABMW&_skw=BMW+F30+LCI+adaptive+LED+headlights&itmmeta=01KR3K05TXDRME4MY67S3SHD6S&hash=item5aaf1ca636:g:LxoAAeSwNaJpZKbe&itmprp=enc%3AAQALAAABAGfYFPkwiKCW4ZNSs2u11xChXX0TsbSbFP1HiH9t0SGs1a23EIInSpQx5jb5z%2BmGXMLxUPffJNffVCrCGJ5ZW9Y35eliwRvr2bL%2Bi9vAYY5GRj70IyrNwPROwX8J2UkollXFUk31s1bKjxGy3xxO5mDUuImnEghsOfZSAXduEjq6ZaOXdcDTqYJzjpbT9VklWLLVB%2Fq7kB63fUsV7B13omV7VTF4WMdfqNg3BCTVDC6HmZbEEesoSVt4hTKJg0%2BkoNjwDpH%2BCWJUeSCJrkKhJfMvZ68gGjMzPfJr98g3T7qRYkbwtnOOVZYhYxphO1VJys2aYOACd3OiG54DO4onXYg%3D%7Ctkp%3ABk9SR_jdgPPAZw,single,False,True
BMW F30 LCI LED headlights,For 15-19 BMW 3 Series F30 F31 Headlamp Full LED RH Right Driver Side Offside (For: BMW),183.0,2026-04-21,Brand new,False,False,https://www.ebay.co.uk/itm/314152694079?fits=Car+Make%3ABMW&_skw=BMW+F30+LCI+adaptive+LED+headlights&itmmeta=01KR3K05TX7173MW6CDEFK2H8H&hash=item4924f5b13f:g:O0QAAeSwxahp4a1X&itmprp=enc%3AAQALAAABAGfYFPkwiKCW4ZNSs2u11xA4pKhC1Fjf4%2BfA1WkM3hu7TgPufsDczu%2FN8hkmh5J0s5Pk6%2BZsGIG4M10qkxO6DDrKsF7JfDg8vLTr3NzF5taMeOn9GDBGSBKQl0L1UDT1jCFe%2BsIErdnKlAT%2BYshZ7lQ9W05RcP6dxCjpgV5GVRvgLo6%2Fn2AvNexWnrobaPnMbY0i4kvS%2FbwjM83hZom6kD3z9znA3LiIiBosyaWre%2BjuY%2BPm19%2Fb1Mygy2ujvuvtWVcznIRosmNT9SwuyVYE21FHRoSUwxXgkokAbwPLVQat1rfg2qNpILixEfqrGIz%2FV9wJzB54VIG3JAOx1AKLNws%3D%7Ctkp%3ABk9SR_rdgPPAZw,single,False,True
BMW F30 LCI LED headlights,BMW 3 SERIES F30 F31 PRE LCI DRIVER RIGHT HALOGEN HEADLIGHT 7259540 12-15,89.1,2026-04-15,Pre-owned,False,False,https://www.ebay.co.uk/itm/157790545075?_skw=BMW+F30+LCI+adaptive+LED+headlights&itmmeta=01KR3K05TXQWPFRTRXXK3NVPNQ&hash=item24bd0ca4b3:g:9WAAAeSwfbVpxnlt&itmprp=enc%3AAQALAAABAGfYFPkwiKCW4ZNSs2u11xAIgrrOaBo0mP8ZsPect5RFVkK%2BVGBzgG%2B3%2FkR5nhe1cmmEDGLfaUlrdfdxdgnQHefxZ0IQEQQGr%2FOgbdzbUe%2BWoMUERtOykCi95HhDSoXQlv1hN68zN%2FnZC9P%2BZegqCJgyHXrXJleVfs0Sy3cTIKoQkojTCRnP5J8yHTLKcr%2Fhm3hi%2B8XbuQ5YWsKniYcJ4YUwhhvdidpdByHu36Ft%2FTdNKoXLWEXxzMTXp4nlCJz2PlC5KwRLZt0gOlA75D08ZCIytbMkngm9foXmrCpSc%2ByfKaepxveI%2FI3gMX%2BpXR52%2FjVOe0VAf6LXqw7Xgd1qTaQ%3D%7Ctkp%3ABk9SR_rdgPPAZw,single,False,True
BMW F30 LCI LED headlights,FOR BMW 3 Series F30 F31 LCI LED Passenger Headlight Lens 2016-2019 LEFT (For: BMW),41.97,2026-05-05,Brand new,False,False,https://www.ebay.co.uk/itm/306868343554?fits=Car+Make%3ABMW&_skw=BMW+F30+LCI+adaptive+LED+headlights&itmmeta=01KR3K05TXVS7QYFSWJPMHP1DX&hash=item4772c75302:g:1uoAAeSwkJNp1ijO&itmprp=enc%3AAQALAAABAGfYFPkwiKCW4ZNSs2u11xC0r4PrWsTR%2B8GJ34ZsaMJkX2FM0XqLfXmGMzh9Lizx0oU0DsCLA6A70ZfUfa34IiNUJDgxfxv7q3JPLpRpP8nY8CNTkWcChyMgIpPcbtHebXaS7qX1NxR28Xr%2FFil4QMjlSczQ%2FAj4KFOO%2BinYPYwaH4bq060LNC9aw73RbcK%2B0HFYc3P8NgOjpfIVkILR5bCoubOSQ3J03W49euZaiHcHeRb%2F4KTcaCE1NeY%2FGkL1eiFxqQMVj283qdxKzmlCy%2FaV6tLZ5vHXyewOLY%2FmI9HsJ8U4ayR4MXqXtViTpbXnZz1pEjI44eHQO%2F1RR%2FMngW0%3D%7Ctkp%3ABk9SR_rdgPPAZw,single,False,True
BMW F30 LCI LED headlights,GENUINE BMW 3 SERIES F30 F31 2015+ LED HEADLIGHT LEFT PASSENGER SIDE 8738713-02,185.0,2026-03-13,Pre-owned,False,False,https://www.ebay.co.uk/itm/267544614058?_skw=BMW+F30+LCI+adaptive+LED+headlights&itmmeta=01KR3K05TXFBCC3Q1BS2RRRJMB&hash=item3e4ae6d4aa:g:~UYAAeSwvltpZ5Tn&itmprp=enc%3AAQALAAAA4GfYFPkwiKCW4ZNSs2u11xBClxuP7SFReWJ4QnmK1oIuMndn0%2F6HOJcarkO--8n%2B9K5Hn6d6I%2BnfTqWctOPU%2BEaBp831HlxxE9Rr9B4Ys%2BHAyIdxq6s2IQjLKEGvI66mCZUdN61yMjedl0bvU7aam4L9zKLQLvIx5yLGiX8gb4KljV%2B1CMmTi6gcX1xzwWcjMZctbdMsep7stNag1I5TVIQF129tWU%2B5pLVq%2BP11vf8pazO3dKBSHmNIuPrZWRUhJdVbd%2F7tnLD%2FrEf6lYfQZQmTfnfmQEJgafnYat7lvsKo%7Ctkp%3ABk9SR_rdgPPAZw,single,False,True
BMW F30 LCI LED headlights,BMW 1 Series F20 LCI 2015-2019 LED Passenger side Headlights,156.7,2026-05-06,Parts only,False,False,https://www.ebay.co.uk/itm/298274116780?_skw=BMW+F30+LCI+adaptive+LED+headlights&itmmeta=01KR3K05TXJN8H75VXDJ8852W9&hash=item457285d4ac:g:~NQAAeSwRxtp8n3A&itmprp=enc%3AAQALAAABAGfYFPkwiKCW4ZNSs2u11xDRzHEk8xBKdbX3LHDFSvbppy58RizAneNZVDTT6i6AfT1dlIJfXdCSlTfbNJUmz5X1jyjmuns9ocqGyLxvheORHiEie0SQ5iZpIeuKDghnrt9t8hjkuWO6wAPU1rXrEpKQq2lDq7vNoTqGSujewr%2BK0R%2F6pSoXF4wci61F%2BNfl1b2EF799QhjKir%2BRjimz%2BAob4IlpYVw1m8KLdy4M156705%2FsyJ9fSADUyFeEb0vgaBGltz%2BI%2FT%2BNcfLtwKNwzup8AoFh7hE4z1DC4926Qr%2Bd%2B7KtFNuRje8c%2FaThcsaVe8ckukQeAsC6yEkEy1vrYTQ%3D%7Ctkp%3ABk9SR_rdgPPAZw,single,False,True
BMW F30 LCI LED headlights,BMW F30 F31 LCI Headlamp Headlight LED Lamp Light Front Right O/S 7419632,499.95,2026-02-19,Pre-owned,False,False,https://www.ebay.co.uk/itm/267569767867?_skw=BMW+F30+LCI+adaptive+LED+headlights&itmmeta=01KR3K05TXGTWBWEXC623D20BN&hash=item3e4c66a5bb:g:EHEAAeSwgXdpy07B&itmprp=enc%3AAQALAAAA4GfYFPkwiKCW4ZNSs2u11xDNKnLs9CdTeElUXa6SQBbfn3W55VUwH5zYvTEcAqcGu0sjVfM7BZdYb9yR3QDtuLEFWhOnRlDVFKaA8msYBjmgYd7cTo9fD5VPH5UXYOd6mmlwp04ncxUlsHmYXptbJqJ8lkOlIE7uYla7yeWw8HCMGle23TZ3r1CWPxixJ9FdLsi5IRCNDfTJvNVB2LsuE7wkNKsuHaFuWSsyslzrBrItmOXrJNzjUVsKvgY%2BSucygG8g0qwmhNgLtxKmdfOi05M%2B5T85TB9p72lC9iNf3kqu%7Ctkp%3ABk9SR_rdgPPAZw,single,False,True
BMW F30 LCI LED headlights,BMW F30 F31 LCI LED Headlight Wire Plug Headlamp Light Wiring 7453483 (For: BMW),14.95,2026-03-02,Pre-owned,False,False,https://www.ebay.co.uk/itm/276602764715?fits=Car+Make%3ABMW&_skw=BMW+F30+LCI+adaptive+LED+headlights&itmmeta=01KR3K05TX3APGXEKJRDPFS99D&hash=item4066cf3dab:g:kBYAAOSwit1mxEfF&itmprp=enc%3AAQALAAAA4GfYFPkwiKCW4ZNSs2u11xDjyA%2FY%2BhZN9OFVJjm7mpE7yPOp0Kw%2FdqJMUcDefp0g4s3LVbxC8aXrOsBgxsE3QtoTmM%2BmmiXfN2EhJJ9%2FHyCx3FgPtBGQazeORKvSGTO1i31cN5TjjozMXpdF0XMe%2F2ak75bAiSUGMk%2BflZccNtv32aqcxvKObOx84O20hDBoUhvU2ZCYQnKxNgYcCFlbWEayJhy428GfwIyBtrX%2Bk%2FBJbUcS17OE0GmF57R%2FmP0%2FvkzPfKtjpU4wfa6JwvaKUUqtQ78CiHDammvH9HqMHBFz%7Ctkp%3ABk9SR_rdgPPAZw,unclear,False,True
BMW F30 LCI LED headlights,BMW 3 SERIES F30 F31 LED SHADOW EDITION HEADLIGHT DRIVER RIGHT SIDE 8739562,499.0,2026-04-17,Pre-owned,False,False,https://www.ebay.co.uk/itm/157721737562?_skw=BMW+F30+LCI+adaptive+LED+headlights&epid=17030011164&itmmeta=01KR3K05TX3S8S31FVZ0ATYAZ1&hash=item24b8f2b95a:g:JFkAAeSwb25ppcuN&itmprp=enc%3AAQALAAABAGfYFPkwiKCW4ZNSs2u11xCPgqlwhfPfZ7IJtNtwu8TeXVCHFjhHICmi7XkvCQJce%2FYbG7LTtI1QO8CWYIKrxoHYU02oRna84%2Bn%2BExyFcpe6XnzGTfPkuYPRSrm3zQGdHeT2b1DF0XG76pElB7%2BUkXx50KnbavrvOe3PypNOd6oTHdYZ1dyRCEMWFEbMQf9UlKQ00XRqxz5haXARaIn38mQndKn%2BIMOIed1z6ZT%2BCSjZ%2BXwVZLDIL1Dd7eF%2FsRcHUk60egBI5Sfy5zOcxnSEGCYdVgeustgt9Kz4uXVAdKLAq%2FzjdQkiinnSN6ECTOkLFODfaIidOPi98AEp44rEKHQ%3D%7Ctkp%3ABk9SR_rdgPPAZw,single,False,True
BMW F30 LCI LED headlights,For BMW 3 F30 F31 Front Right LED Headlight Head Lamp 084441183R 2012-2015,179.99,2026-05-06,Brand new,False,False,https://www.ebay.co.uk/itm/168311812746?_skw=BMW+F30+LCI+adaptive+LED+headlights&itmmeta=01KR3K05TXVQ5F720TGFJSK8T0&hash=item27302a728a:g:tBcAAeSwo41p2Wj1&itmprp=enc%3AAQALAAAA4GfYFPkwiKCW4ZNSs2u11xA4nKxN1z33nOty8iIm47MsoS45qSgKVfVg%2BNpVYrZ1zcT5JdiKPaSacX8KvuluJ32uDUi4I8%2Fcr3GbGTf78r76h7Wkwv7pmYmjxdOiIBX0VwfgFg8L0xy0fSBDjTBVQRtcHnCd0Is7N8o%2B0t217oP%2FkAwnSUf4T3F2WUDkT%2F9HgpIlL7ySKdQmrC9LFUEJW%2FwwrSxAjoWwOekAc9ckeivuy2GJ2b%2FS0yC2AKp3iPki8gqecDs4jIgq87LiWEwi6U1XMAgVR%2BPUredXaCZu%2BZ95%7Ctkp%3ABk9SR_rdgPPAZw,single,False,True
BMW F30 LCI LED headlights,BMW 1 SERIES F20 F21 LCI RIGHT DRIVER SIDE LED HEADLIGHT 2015-2019 LCI,415.0,2026-04-25,Pre-owned,False,False,https://www.ebay.co.uk/itm/406879961246?_skw=BMW+F30+LCI+adaptive+LED+headlights&epid=9013570161&itmmeta=01KR3K05TX12Q5DHNESCQS866Q&hash=item5ebbef809e:g:mAsAAeSwldpp6cPC&itmprp=enc%3AAQALAAAA4GfYFPkwiKCW4ZNSs2u11xA3WDROihKp4qnR2JFk13CLcYbYzeK1CNBfokoes5j3GIlSBxi96hoP1rapWwh7vdcIpcNlw2l0qR6qcJdnq3DBc1cnAJQTb%2BKtzC7T316K7%2BalWZMSV%2B0hUOyOsBlvAdv%2BAWCEHLT%2FzxDN%2BqzrQdqjkfbnrSR2JSlwWDnGbUmM1IYqjrBBFiCmlCdDaKHbvWMlefQDr7CdelPgxxGVONICP6JW%2BHuDgHRH0lWotfKWUg3PMIsx%2B01nb1QN0sR13M4y4qfG0nq%2FD8buWvmhOTg2%7Ctkp%3ABk9SR_rdgPPAZw,single,False,True
BMW F30 LCI LED headlights,BMW 2 SERIES COMPLETE XENON ADAPTIVE HEADLIGHT RIGHT DRIVER SIDE 7304472 F22 F23 (For: BMW),649.49,2026-03-24,Pre-owned,False,False,https://www.ebay.co.uk/itm/326987398475?fits=Car+Make%3ABMW&_skw=BMW+F30+LCI+adaptive+LED+headlights&itmmeta=01KR3K05TXCVGDVZX37Y3K9Y4Z&hash=item4c21f7bd4b:g:T6gAAeSw9oJpZMBA&itmprp=enc%3AAQALAAAA4GfYFPkwiKCW4ZNSs2u11xAUCaHxN3gf2ym%2BW7SBUcku9ojLIZF4oxlD2Ar3DNHy5qqDL8qiPdLsHowma0tx2hHJBMOskgan7Xj%2BVLienW%2F9I4t47%2BTQATuu%2B%2FK7Esi%2BaXFA3iQmUv3%2BVAgJkhY3S8Y%2Bk%2FAMJsMPfSB76tKx3qqRLbsSuFflSMk6v4AGKwR%2BuUy4DMwSQPIwxU62CbdP%2FQX9DGZp1Pb7Xu%2BcoNhXdKFJaR0qaCEKyzHcZOeob5WXPpK5yj4uXebRp%2FNdFLw37T%2BFWKybTYqKdEL1gfPW5IOs%7Ctkp%3ABk9SR_rdgPPAZw,pair,False,True
BMW F30 LCI LED headlights,BMW 3 SERIES F30 F31 PASSENGER LEFT FRONT HEADLIGHT PRE LCI 7259539,110.0,2026-03-03,Pre-owned,False,False,https://www.ebay.co.uk/itm/205909784491?_skw=BMW+F30+LCI+adaptive+LED+headlights&itmmeta=01KR3K05TXNQYB1AYP0NGGF8VS&hash=item2ff12df7ab:g:sYgAAeSwWfppOJuW&itmprp=enc%3AAQALAAABAGfYFPkwiKCW4ZNSs2u11xDydo7dnWzOcbOOrIhMZ2lke6TCfeM4%2BrCcAeLWrkVDOXmFWUTYU4lSxtRCXh9Z11tZ0MquiOz7eBkDbdNj0LzSBALk%2F5pWlvzUwJbJ6YaSLYVJaKewl%2BN3ZVXtXbq%2BgF75hYxgrpjix91c%2BVRUFnubyJH%2FxQ%2Fw7xPOM06ddDPzgNasCQTBoWCGcfM%2F9kHno0qk1KMcPFIXvhik8djTTKcVGzb4YBGwQkID7lbVnNzn%2F59b%2FHNV4ukzH8Wg1GR%2FEp0W2F4EC1InJCQL8We08LA%2FycGwgP%2FMMv3xPspriFZqfSSPXTC5nu3Je%2B%2BNJbD6%2BZQ%3D%7Ctkp%3ABk9SR_rdgPPAZw,single,False,True
BMW F30 LCI LED headlights,Bmw 4 Series F32 LCI Right Driver Side LED Headlight 63.11-8738702 Genuine,300.0,2026-04-23,Pre-owned,False,False,https://www.ebay.co.uk/itm/336529101607?_skw=BMW+F30+LCI+adaptive+LED+headlights&itmmeta=01KR3K05TXAFB0WYTDYCBW2X70&hash=item4e5ab29327:g:qDMAAeSwzJ1p2jFE&itmprp=enc%3AAQALAAAA4GfYFPkwiKCW4ZNSs2u11xBfcc8%2F01FOPfkJGm2Heu5jPEeKP5QzWEgrSqxoNh72KVVj1B8Yldv2pnLTAInRaGZcuz5HmXrShgXCYUIM84k7BFJZ6pjPG2bD0GwdhvQBn0hzldBu71lhe3z3bniRTFxdnuxOOxnEIhcaMcQuFot7F7Ua8kLXt96ugHTd%2Bs0QlxOUXK2Qm98mVFkX750TaWffzHx1qkGqf75Xyy9hNBlVrPnc9T2zMNZ6slV7o%2BGlVSsuLveDcQ5n1gKBtLNu%2B2MwkrEhnVNbSweYUZrMUyNP%7Ctkp%3ABk9SR_rdgPPAZw,single,False,True
BMW F30 LCI LED headlights,BMW 1 Series F21 LCI 2015-2020 Driver Side Right Halogen Headlight With LED DRL,174.95,2026-04-21,New (other),False,False,https://www.ebay.co.uk/itm/397864216931?_skw=BMW+F30+LCI+adaptive+LED+headlights&itmmeta=01KR3K05TX0M4MKDATT3NHXFGQ&hash=item5ca28e2963:g:JSYAAeSw7LFp51u0&itmprp=enc%3AAQALAAABAGfYFPkwiKCW4ZNSs2u11xAC9jUn8DlaOa3PeGx%2FzJuTG7fpQs%2F508XlmP6Qx%2BEodjluDg1pJjxwue0yF90sGuVkDuCtNZYbgbIWmlc0WJY2krQbaRSer6LYRO%2BDgqVT7rjrhZWFsRh%2BCb%2BIZ3pRm278o%2FBQAA9s76HcEXkb0O8JvBbj82b7O3WfHAq4cGO1nSD4sVf2CjBfxp6wnN5XYHmL7F%2F4vk%2BavdwI1E%2FhkUnjMeqIFQSaSnd69TygeE6pgfuUb8ph9EVPjx4Eo0JWlHHAVW1UlmffeT9oQrqn6Gy57NwMtqoXiHF2DDRY3qOOOAwYPxzTEoKCjQi5bUBFpWQ%3D%7Ctkp%3ABk9SR_rdgPPAZw,single,False,True
BMW F30 LCI LED headlights,For BMW 1 Series F20 F21 LCI LED Headlight DRL Modules Set 7428425 63117428425 (For: BMW),19.78,2026-05-05,Brand new,False,False,https://www.ebay.co.uk/itm/126987369496?fits=Car+Make%3ABMW&_skw=BMW+F30+LCI+adaptive+LED+headlights&itmmeta=01KR3K05TXVF7EXP1HZ6DF26P7&hash=item1d91097c18:g:O1EAAOSwJiJn0AEA&itmprp=enc%3AAQALAAAA4GfYFPkwiKCW4ZNSs2u11xA5wcZfnzliHL6dbl40K5lK0lFljL9eyToInppvElq2000EbyZAvr5ijPzqCD18aTidepKn6VpzLlliUFJ7JCNv8bOcaVVDAkXHTuvoSRkGuJugxadvXTyjSwLU97n1tLagX21TqsXPJ0rR%2Fv7PdJ2LSxvLrYsl3JZ%2BsNgALQ3%2F68Ft%2FxzAbuoKUdK0S1lO4afRny6nhLdz%2Bi8cH3a9IxQ8njwvjyfZ0V5aqkWqLkmVwcx4ftRfR1F71RhyD1eRJoNuap0C%2FtODzvSSqiAjvmmd%7Ctkp%3ABk9SR_rdgPPAZw,pair,False,True
BMW F30 LCI LED headlights,BMW 2 Series F22 F23 M2 F87 LCI Front Left Adaptive Icon Headlight & Modules,899.9,2026-04-09,Pre-owned,False,False,https://www.ebay.co.uk/itm/406760708834?_skw=BMW+F30+LCI+adaptive+LED+headlights&itmmeta=01KR3K05TXJK8N05RM0JGH8VD0&hash=item5eb4d3dae2:g:XaUAAeSwO1hpsxQu&itmprp=enc%3AAQALAAABAGfYFPkwiKCW4ZNSs2u11xC60uP%2F60We%2Fb7az%2BB8qGF%2Fjgiw8N4pSn59SDeyfaIDf4bLxgJwb%2FPryRqURKh70PitW%2B8NeiaDMvGDo3SqS65Gt5UQ0PZUxnGNZZ9ZEf3wG1EA4HiEfpdnMhl1lSPbOVnOWflBWR1dA4RAO%2BOzZsN7b6Mb9WzFt9tEWIUplIC9MSIW1V3ZC4tFyqO%2Bg9YfHNJtQXhSIAzlANE7dv5BVaAGa2YSD0j5KroBlt5rPx1xN9sgSw0lvr4QG697sHJnPiTP%2FC0W%2Bvg9gDKzqwQ4mPp5xPsQaDARVDZI%2FXCDiIZlBsl%2BGA2pKUY7gu%2BXHzLxziY%3D%7Ctkp%3ABk9SR_rdgPPAZw,single,False,True
BMW F30 LCI LED headlights,BMW 4 SERIES LED HEADLIGHT COMPLETE LCI RIGHT SIDE 7478154 F32 F33 F36 (For: BMW),529.98,2026-04-29,Pre-owned,False,False,https://www.ebay.co.uk/itm/327079545622?fits=Car+Make%3ABMW&_skw=BMW+F30+LCI+adaptive+LED+headlights&itmmeta=01KR3K05TXAGM7JA8B07NKP0GH&hash=item4c2775cb16:g:bn8AAeSwgV5pyqWG&itmprp=enc%3AAQALAAABAGfYFPkwiKCW4ZNSs2u11xCXs86521DRMX6WS20RHMcyJEhi8cy0EYnUoUWxFAMoqIFVKo1JgGnTfLReEPFpr9--IwkXtza6%2F%2BSxAECyekf%2FIoaIRyrePT034ZHhQPeJ%2FnHeieTzAvkTN8ju4%2FoJDB8nTVYftkkJIgz6gvA9uM4FMJwcUqyMQ%2Bj8dA8p8oXjjB5FKt5ciXu%2FpH%2BKRWoNYK49azvLxXvnzc2zXjUR3NQLhKfXuJHtV2naaqGUMk6D9a0ajiP4MdGidOGHB%2F%2BHqZytqUnQNtOlJLnQfMVsDCjxV6mMJZ3AAVurpIG3Jh8edPmmjDOPEsttG6SMlvxunSI%3D%7Ctkp%3ABk9SR_rdgPPAZw,pair,False,True
BMW F30 LCI LED headlights,GENUINE BMW M3 M4 4 SERIES LCI RIGHT LED HEADLIGHT F32 F33 F36 F80 F82,311.66,2026-04-06,Pre-owned,False,False,https://www.ebay.co.uk/itm/157764188628?_skw=BMW+F30+LCI+adaptive+LED+headlights&itmmeta=01KR3K05TXZ0HCR6YCE8AKDJC0&hash=item24bb7a79d4:g:HO8AAeSwc-Bpuc8E&itmprp=enc%3AAQALAAABAGfYFPkwiKCW4ZNSs2u11xDXaIqexEmyzaef%2Bze%2BqqroUUZdcbZkoTbatTAscyjD3zOc0YzJ5TjHLM1%2FkqKoDhO9W6gZPcflpzKruGJEt%2BKHVfMH60%2F3OiMXqw6leKgo2qwGNd3KM6Nae97nTaIXqxMjKQXompOeo%2F1bn1y%2F5b4FmNvQHoA5fVK8tiFKkDk8H5GRfq29G9EeoLvO53qu8%2F4orWDIwd8Ml2fVfxqS9aiWro5I3aJeAf2un3RTjGO00m3G7hQPqkEHrN5r5rdvCr%2B1oBegQoXXzAvobQR56tAmYHxqG0om18PQi4J8Ld76BCrOINCj4EgMrkgoQ9MmNTQ%3D%7Ctkp%3ABk9SR_rdgPPAZw,single,False,True
BMW F30 LCI LED headlights,BMW 1 SERIES F20 F21 LCI SHADOW EDITION LED HEADLIGHT LEFT PASENGER SIDE 7492623,320.0,2026-05-04,Pre-owned,False,False,https://www.ebay.co.uk/itm/157872048063?_skw=BMW+F30+LCI+adaptive+LED+headlights&itmmeta=01KR3K05TYXT4MWE0WYXDQ5ZBE&hash=item24c1e847bf:g:K08AAeSw9fpp8hzd&itmprp=enc%3AAQALAAAA4GfYFPkwiKCW4ZNSs2u11xArbhxRbXkBwWY2FSgv3V7OQZg%2FgdIArU69iZ13052J8AxynbxY%2FivYPJh%2BTdFSo3JQolX%2BTz3bgc2YUkXJJwvt0miwgIPMYYpqtMCipgefXyMu9rgYW0W01UpvqdKk5naD%2BiJwucov%2B6I45a%2BxVNoDPtHvWGpjPVCLXQ7hZo4y28ksV8sTS%2BfnK6VeCEEoLwt3MCgx2bjXzd%2BPlf4ul4ZRU5j91NlQ4PEXQZb03kM3i83mQVdTvpDIdg3KrQc4P%2FYT8T7aRtdGM9ugWTpitXIg%7Ctkp%3ABk9SR_rdgPPAZw,single,False,True
BMW F30 LCI LED headlights,"BMW 3 Series F30,f31 2018 Lci Left Side Shadow Edition Complete Headlight",486.1,2026-03-17,Pre-owned,False,False,https://www.ebay.co.uk/itm/117088080028?_skw=BMW+F30+LCI+adaptive+LED+headlights&epid=18066615356&itmmeta=01KR3K05TYBAKEEVZESRNQHVA1&hash=item1b42fe509c:g:WUAAAeSwjlJptcs5&itmprp=enc%3AAQALAAAA4GfYFPkwiKCW4ZNSs2u11xDJYG2ikVWJXuSPSUovutClM645nSOFXDZtgz70WTx%2FJhgsWU77YdRDuk7Rl18Adc1a%2B53u6OVmZMtq2E560osrxNOyNjeZGt6%2Fz%2B9D%2Bdr6WeWF%2BiHVwlou1MVepXN0d9osEP7cOPZCvQairuQvgpk0e8uKQDgefN3wXk%2BKJavorgqt60QHhN22mXWkc%2FnYBw7lfyiErjf118rM3V97xdjQqtdvE%2BpT4YQoWEGSNB8Ub1FJ%2B1%2BdW%2Bi3GEb2VEjEEOQrklm2KfNlnTDeNx6t0GsQ%7Ctkp%3ABk9SR_zdgPPAZw,pair,False,True
BMW F30 LCI LED headlights,BMW 3 SERIES F30 2015-2019 GENUINE LED HEADLIGHT DRIVER RIGHT SIDE 8739562-02,349.99,2026-02-17,Pre-owned,False,False,https://www.ebay.co.uk/itm/306618670234?_skw=BMW+F30+LCI+adaptive+LED+headlights&itmmeta=01KR3K05TY2WVAWMYXC7YR7BRV&hash=item4763e59c9a:g:~vcAAeSw6U5pIFq7&itmprp=enc%3AAQALAAABAGfYFPkwiKCW4ZNSs2u11xC07zP9TCx0%2BLddV%2BCb0qJB2%2FVHvakyVKsl77n4GfdMx6%2Fmf1W4roWKNixEDim5ezwSwLwyGF4cqTHb7jI9arqZVr8ee6kjcU9zgbgFyZmUITGcQ1s52jDqx%2BQrksgL1ghurEDQqLtXtshZNDTiARey6zygZvw0MfDwu0khYl9sTUa0ZqJyMH98Zl%2B%2FfUAuhcztC%2FjnIeoK4sS1%2FVYx77dW8cTlN0QPKOcNmUA7RmqJxmCD7tk6dRhFKZkgoWFXe9E%2BWjZfG9CvUBn95Z6TKpxfBrHRnNBEXPBtFZOvvK%2FkwJGuMgUIkNMFRz7lYLmIbwA%3D%7Ctkp%3ABk9SR_zdgPPAZw,single,False,True
BMW F30 LCI LED headlights,GENUINE OEM HELLA BMW 1 Series F20 F21 LCI LED Headlight Left Passenger 2015-19,435.0,2026-05-05,Brand new,False,False,https://www.ebay.co.uk/itm/236776359880?_skw=BMW+F30+LCI+adaptive+LED+headlights&itmmeta=01KR3K05TY5E2N3H23MPYQY26G&hash=item3720f887c8:g:cPsAAeSwl2hpwECd&itmprp=enc%3AAQALAAABAGfYFPkwiKCW4ZNSs2u11xCQfdztntOEKrUSqBsDyoALbGDeMHIlq0jsquZt%2BB6llO%2BYfpttc8B%2BWWnwsv4u%2F4uTU13mC%2BhcB%2B99R6Gs35SVd4JuzZPteNi5Dg5JIGDll4jimtBtCTe59U6Nf0Fog21XsYWxuKSu%2FtRkRgeAlTuT3WLnR3B05iZnoEu2ab00cQjLHsrQjpGC2ive73pq5H2DhjMTyvScB19mcz1TWiUYUoVzZk5ukaut0eYx2WS2LRkrxn93zMuY1wswiPqtkulK6iGSC0hqrMoGdiCsHZQegMiTqLiP%2Bjh0Ln3Ve4j4KgSdDqsCsi6%2Fs1a8hiU9yvA%3D%7Ctkp%3ABk9SR_zdgPPAZw,single,False,True
BMW F30 LCI LED headlights,BMW 3 SERIES F30 F31 F80 LCI SHADOW EDITION LED HEADLIGHT LEFT SIDE OEM 7492611 (For: BMW),475.0,2026-03-12,Pre-owned,False,False,https://www.ebay.co.uk/itm/366167172157?fits=Car+Make%3ABMW&_skw=BMW+F30+LCI+adaptive+LED+headlights&itmmeta=01KR3K05TY4XDD2HPZB3999YDA&hash=item554143a43d:g:K0kAAeSwjPVpCCOl&itmprp=enc%3AAQALAAAA4GfYFPkwiKCW4ZNSs2u11xDo0HrBuWIX48j5%2FZNGzB1iqAbZ4HYocv4ujo6h%2FqyT8FyABqV0xaXUYObhSt6Qnggr3i8i6jjDhxYug3GzRS59VGPqP8YXuHGd2NG7XElvuR06KcZR82qzAtOtll1tFjaDV2Dm7LlOeNJPxY1SCEF22AM7k2NsDnmd8EQQi5oCAfQyJhHcsOfkDLhbc436mQ4dWoplxjIBOpeRFKa8kxTf33PRtEwfhF5WWak5RHgE4odsPom9PSMrc9tFU6LjB8Gi2BrJDIcR99dbWhNfSEsa%7Ctkp%3ABk9SR_zdgPPAZw,single,False,True
BMW F30 LCI LED headlights,Left Headlamp Full LED Headlight 63117419631 for BMW 3er F30 F31 2015-2019 New (For: BMW),185.99,2026-02-26,Brand new,False,False,https://www.ebay.co.uk/itm/317922643410?fits=Car+Make%3ABMW&_skw=BMW+F30+LCI+adaptive+LED+headlights&itmmeta=01KR3K05TYPBHACT7FDZ3DHKNS&hash=item4a05aa8dd2:g:g0cAAeSwoPdpnsp1&itmprp=enc%3AAQALAAABAGfYFPkwiKCW4ZNSs2u11xABZtIsRjA0%2BILbF2RsWcne1w1D%2BAsBLwvtWowCLk0DeIyrD1b9h9qGhYuXXtM0iKn11Z6E2cvLG0hYAQlptXnYSMHONxvc%2BlD5ceJ5j4Gsp4j0a6hxHx%2B9WTyFjE%2F98CV80wTiVg2Hr3WRROR7WuLr46a9StGx97LHPdPzIPS%2B5ljdFa3NzBLsyboCpx8mQorqg%2FHMcrHrNiY%2Bg%2FUIDf4NHWVUPrtw78aWLTIYboBNFcGPpZNTY9hONyy5Ik4M5TBZ5d2IriPxcIJc2uE63DA8dSPYJFaGIqZZi4CbVEFGobnnnWqXpPxm%2FNkrWhewUKk%3D%7Ctkp%3ABk9SR_zdgPPAZw,single,True,True
BMW F30 LCI LED headlights,BMW F20 F21 Pre LCI HeadLight Adaptive Xenon Passenger Side Nearside 7296907,475.0,2026-02-24,Pre-owned,False,False,https://www.ebay.co.uk/itm/147025075602?_skw=BMW+F30+LCI+adaptive+LED+headlights&itmmeta=01KR3K05TYKABEAZ9MSPTMMQKS&hash=item223b609d92:g:Bq4AAeSw9NNpOxhb&itmprp=enc%3AAQALAAAA4GfYFPkwiKCW4ZNSs2u11xDPgL4Ov%2Fs6qp2qaHQxFQ1vq%2FhOQAdBdLEsYIlnXqFf2geZA9OOJnJvW1by6D8cVzTVsVEu0XSeE5aeR6KioZfAXtqgh2Pw2B7f%2Bj5tZB274Z3ZNyZH718Sz4T2DspUCFrje1%2FI7WCfduNjm6LNX%2Br9Z8v3CzAfblHt4k4kbblgP12BEh3sl%2BLaLmKkpiszVaWE8KivF3eOoyyOfgHCT%2B1pdFvmAcGwQk3vU5%2FHnq0jv3sZmOHC7w5Abmkb%2FsWgADrXrhTNCfrzAaTemNMenhWD%7Ctkp%3ABk9SR_zdgPPAZw,single,False,True
BMW F30 LCI LED headlights,GENUINE BMW 1 SERIES F20 F21 LCI AHL ADAPTIVE LED HEADLIGHT 7453525 7414145,516.69,2026-04-08,Pre-owned,False,False,https://www.ebay.co.uk/itm/157764228995?_skw=BMW+F30+LCI+adaptive+LED+headlights&itmmeta=01KR3K05TYKTND2A7YJ11JPAB6&hash=item24bb7b1783:g:iYIAAeSwIQVpudJS&itmprp=enc%3AAQALAAABAGfYFPkwiKCW4ZNSs2u11xAg9GBLzU1vfpNbzE65lNkVUKAIRWfgwx2mPjAmMB0u79CCb5zMOk4jRDaXaKRFcz%2FH2qNtNRa%2Fy%2Bem8gPkjDOHId9gJJzK4xDRYAuONOpcFKJYIaP41ttPFFkYLa2hFt7U3lBiqDdWeChBRIVz%2FQ7Uf25W%2FIIPZYGDyDsXM4vYY07sMFx%2FLDUffMCX2H2u4XG1fVkPFeNuhQqEkEmLhEHCbEVaexJ5bv5Oo5AIFzNMJFVfkIwqiDtcf0QdBoLhDMN%2FQCsKtfubaDsuvyuCcurZaRun6AATRbSeXD3fUSol0p%2F6Z9YoEvUk%2FkS7pv0uaEM%3D%7Ctkp%3ABk9SR_zdgPPAZw,unclear,False,True
BMW F30 LCI LED headlights,BMW 3 SERIES F30 F31 PASSENGER SIDE LED HEADLIGHT 7498947 2015-2019,250.29,2026-05-05,Pre-owned,False,False,https://www.ebay.co.uk/itm/198274057079?_skw=BMW+F30+LCI+adaptive+LED+headlights&itmmeta=01KR3K05TY2B82F2K1GRZCD9FW&hash=item2e2a0e0377:g:SpkAAeSw7ztp2rwf&itmprp=enc%3AAQALAAAA4GfYFPkwiKCW4ZNSs2u11xCpwMSMOEXczorXlIgTq4XUJycOQhQul%2BKbDgQoNFw2nU%2BXqoaAjVvfz%2BJbJT9QfCLn85QA3U38E8D0%2BuiHQzX4gixOTlfeWRMPWjP%2Bs7fct7tZ4BZ3%2FPaWRVN3ry10RXxrcaeTC8FpNXcw%2BLNUnTArdm%2B0JxkGsWEUQvR0qE%2B5sp6Cn5jr07SjHm2bNqkvxoPCnd8mApsXeq%2Bj%2FfDavn9hiBI3HxuMeYkBTDDxq6Xl%2BAR%2BpsYgRdQIAUF0DfCRPCmW0lHPmcCnQlnpCcnI9nY9%7Ctkp%3ABk9SR_zdgPPAZw,single,False,True
BMW F30 LCI LED headlights,BMW 1 SERIES F20 F21 LCI LED COMPLETE HEADLIGHT LEFT PASSENGER RHD,449.1,2026-05-07,Pre-owned,False,False,https://www.ebay.co.uk/itm/157792299436?_skw=BMW+F30+LCI+adaptive+LED+headlights&itmmeta=01KR3K05TYZ2CD4G57K10TDKHW&hash=item24bd2769ac:g:cbEAAeSwzyppxuIF&itmprp=enc%3AAQALAAAA4GfYFPkwiKCW4ZNSs2u11xAw1C8S%2FYs%2FBUGncdIAmOi7v%2FJgc%2FP6NLurhVxu%2BTEfLmNyQfXGBt32hWO1SKyt4i856%2FkftW1I80JmltkA%2FniucH%2BWQMea64gQ3M8CBTCHhKZxGwUsaASu%2FinUd4o%2B30Zo%2FUB7sFr5siv%2FlA7AQw3GVRwhWq3ZIsF30Xf9iOVrmXaIyDrwZ1EOzRb6y5vpEbjc3r0K0jeo1Es3oNR4WUEyCEzG4GvZjVVQPeVbX%2B%2BrYxNAtu%2BbmDWkLsQE8giorBXZgBi4BHP9b2lYHlk%2F5tVh%7Ctkp%3ABk9SR_zdgPPAZw,pair,False,True
BMW F30 LCI LED headlights,BMW 5 SERIES ADAPTIVE LED HEADLIGHT Front RIGHT DRIVER G30 G31 F90,291.9,2026-04-07,Pre-owned,False,False,https://www.ebay.co.uk/itm/267629540886?_skw=BMW+F30+LCI+adaptive+LED+headlights&itmmeta=01KR3K05TYWHV08BP3ZVTGWHM6&hash=item3e4ff6b616:g:qQEAAeSw6spp0Py2&itmprp=enc%3AAQALAAAA4GfYFPkwiKCW4ZNSs2u11xBOsJA3nUMHeV4kS3lRDeR3mkHybQbTYZJ6fuFtEk5L0jjIQd5riTR0Icdj1CtbrvtyCQLg7P5Hq8LeLSfOMAkWZhOmd7Zqd5gQUy%2F4z6hQnftZzI4MWMp%2FL5SSGiJfk%2FeUJZDqLD3pncwdgNRg4DLl3YGIIhJozaB20Xts--7ZEPJNgUTh7Asc0NmWwyfHQ6ni0wKwFOM%2BaFS35hOZsQzHtsA4CFxMyd5LlGiJ8qBsTqvJsiZzdcHswBb2kNBucfhVKVMO8q6C0WRI1KKthBuG%7Ctkp%3ABk9SR_zdgPPAZw,single,False,True
BMW F30 LCI LED headlights,GENUINE OEM HELLA BMW 1 Series F20 F21 LCI LED Headlight Right Driver 2015-19,405.0,2026-05-05,Brand new,False,False,https://www.ebay.co.uk/itm/236776361742?_skw=BMW+F30+LCI+adaptive+LED+headlights&itmmeta=01KR3K05TYG28MPA1DPXJ8Z6VX&hash=item3720f88f0e:g:swkAAeSwdr5pwD8i&itmprp=enc%3AAQALAAABAGfYFPkwiKCW4ZNSs2u11xBvx4tbCUowtLpzxfDadsgN7yRhrSesOpjUdfHd022XY9R8oE6e2KGNGK6UwROwKF%2BBoDlPI3enmFt6vPh1CE%2B6QdjharfflEwZS3HknEtTY5YCT7GP6G5RLssnQLIXWUSF2PP2KRQ30VH30ng5kzEGOOy86S%2BFHGT1TQWxJ--2LoHT03eduKxByQkUkodDdCHapX8AiKKvuv8vlugJXVJfFxKpEI2yMQ9TdMGlFv6Fypx3ujHInq2yerYFwcm5X%2FAztP6ZaTDVClYBideRppBAir1jY2K6z84YtuBwPTRrSCBRW6WmW%2FrWLGn83bxWAA8%3D%7Ctkp%3ABk9SR_zdgPPAZw,single,False,True
BMW F30 LCI LED headlights,BMW F82 M4 LCI Headlight Headlight Assembly Lamp Adaptive LED Right O/S 7476213 (For: BMW),299.95,2026-03-31,Parts only,False,False,https://www.ebay.co.uk/itm/318084203471?fits=Car+Make%3ABMW&_skw=BMW+F30+LCI+adaptive+LED+headlights&itmmeta=01KR3K05TY9H3C189PH5AZE5CH&hash=item4a0f4bc3cf:g:iQoAAeSwfDRpy216&itmprp=enc%3AAQALAAABAGfYFPkwiKCW4ZNSs2u11xCa09Sl%2F1JxckWJpbPRNuP4dJ2mt4jRQZrrwRMV9KjNWkNtc6aIbnQ0JtNwPAcCcDaJSVqKlsPiGJYBfRbQRmXrdI8EhvI00oXRSEO%2FEcxmBbVni7hEQIGKymymoqnDrOu3Ehyc0ADZkCfPLZtCu1ENuPmF0nHaphtzfbpJlHnDbzXHqdFzUbHQkeQFLXn83mfcJmBfTa81s3ErzcFvmYt2M9mZuGKf81HMa8G9Ec0YLg43hxzmBmiYBsF1Wu9zKelgGHXwb4KpkVoxFskRggPAmkdMthyF%2BduxB7zSOu9l2xNGdpDiThi1rzDiZgiP2Dw%3D%7Ctkp%3ABk9SR_zdgPPAZw,single,False,True
BMW F30 LCI LED headlights,BMW F30 F31 pre-LCI Bi Xenon Right Headlight Complete 7338700,299.0,2026-04-13,Pre-owned,False,False,https://www.ebay.co.uk/itm/317763970510?_skw=BMW+F30+LCI+adaptive+LED+headlights&itmmeta=01KR3K05TYNG89JANPYG7FTCKS&hash=item49fc3565ce:g:ZdoAAeSwuvJpZ9WT&itmprp=enc%3AAQALAAABAGfYFPkwiKCW4ZNSs2u11xByvZ4aGiOLiyt27tkiXl0D3kjX%2FocfW0s33u5nmPCYX1bQOHu1iKGWfdliXghd2eAbHxLn%2Fz0TWVTSTevNUuv7CIOWhU1ti9HZG%2BY1%2FduLWQ5EWXiaZGEsv%2FKmJbZ29Y1F5pW5i%2FnlZiRNt6ZYmMv9XH%2Bm198Nj2u%2Bw%2B5pvLSl50VAb5ModmIhu%2F36f4SlSyF69tRRfwhufF3McUP%2Fa%2F8Vteb105ZIQGxxQ9A4rQWdnz8JTqZ8U%2B2G59UvAWXbPh%2FVpj8fcCrFEXSN68ntLKwItMP%2Ba6g80SHfPng7i1ADRCE%2Bt9Sl8U1q1zXMwE6Slpc%3D%7Ctkp%3ABk9SR_zdgPPAZw,pair,False,True
BMW F30 LCI LED headlights,4X YELLOW LIGHTS LED BOARD DRL FOR BMW F30 F31 PRE-LCI 3 SERIES CSL 2012 - 2015 (For: BMW),31.34,2026-04-28,Brand new,False,False,https://www.ebay.co.uk/itm/177913756496?fits=Car+Make%3ABMW&_skw=BMW+F30+LCI+adaptive+LED+headlights&itmmeta=01KR3K05TYX730G5NDH3H5ZDSZ&hash=item296c7c7b50:g:~cEAAeSwfqVp4ZeV&itmprp=enc%3AAQALAAAA4GfYFPkwiKCW4ZNSs2u11xAQ9bBATxbfkqHrXmwtYhUGKNmH5%2BfwCVCsSn5rQOswDxWmwMAOmFVeO2fUcGH0v%2B1hDGEQ4FbqUMoBgzx0CCpvGM3FJDU6wh4uLteGgVv5QwRfH20WwNt3yESM0TMe%2BzsHvZWLUXC72Mv4ZRgwWbUkGbH%2FrdFTtpMa5tCDsOQLjw4f2CR0pvS8o%2BGuI7IX87jlnh1U9FgJhw1WjwzTm9ktRbI8w3J%2F0qLXCj5ZzBlUDH7mE83hAHym5QeQNpJZ7VrJzYf7AZkxMX33Ni5W6dY3%7Ctkp%3ABk9SR_zdgPPAZw,unclear,False,False
BMW F30 LCI LED headlights,BMW 3 SERIES F30 F31 PRE LCI COMPLETE LEFT SIDE HALOGEN HEADLIGHT 7259539,150.0,2026-02-21,Pre-owned,False,False,https://www.ebay.co.uk/itm/327005638482?_skw=BMW+F30+LCI+adaptive+LED+headlights&itmmeta=01KR3K05TY66VDCTT9ZEC9PEAZ&hash=item4c230e0f52:g:MsEAAeSw7RtplD8W&itmprp=enc%3AAQALAAABAGfYFPkwiKCW4ZNSs2u11xD4xx1Pv2PiTfS6kzSKYML6whJIXQpytJN3q2hs%2FqPfsmdtD6buo876RTkJ4dmSVMLyHg2xYxBYSlJM2z4dI8HKLkpq4CHFnh6N5rJnZnLE%2FF8088OVQ3LY4vtcxp%2F8JiXRN%2FxO205THXbFAJ3d%2FNS9TyvTJevXZT9kAj4BMHz8%2BafliWy53anbG2i9LWx7ItPIKbgTDKaO9RqD5wd%2BG905rxg0pteOn%2BWmCD%2BoEXFCrfxs%2FMADWL8c0ijXM1FEvG4QSvnBeeTDd696XdSCz4ARE18TIJuTe1IrEjtKHGbZNED0yVcBnDdQ%2FAC%2FzPWPhBA%3D%7Ctkp%3ABk9SR_zdgPPAZw,pair,False,True
BMW F30 LCI LED headlights,BMW 3 SERIES F30 F31 2012-15 PRE LCI BI XENON DRIVER HEADLIGHT COMPLETE 7259548,299.99,2026-04-08,Pre-owned,False,False,https://www.ebay.co.uk/itm/277860785051?_skw=BMW+F30+LCI+adaptive+LED+headlights&epid=624218477&itmmeta=01KR3K05TYBAXCG6PWW92NEVMB&hash=item40b1cb1b9b:g:AwsAAeSwgGNpz6Ef&itmprp=enc%3AAQALAAABAGfYFPkwiKCW4ZNSs2u11xAorPrmvDyt%2BNny24rcEKvOvbmnhF4AH0TPdUfRxsh0fJYeo49S4vBfwPv77Fhwp%2Bu%2Fra3lKO%2BudNKCnTnvwEy4dLGuSORLY9yIhe7R0e4%2B6GH7vXNDDOR4%2BM30CHJTcBWjIQFEnjdEnurLosmhGLnNbY9CTdos3AgcfeSrnL%2FhqX3aWNCrw9iZNVfyDJsBD%2F0bROUgpMvrdR8bPHXAJi4sJB8J37M%2Fz%2Fk8Uk1saj%2FaEUqKTPLLdGHxW76XWwZ1OYqtXGNHi5S56x6gzXwfhe0BcKPzqLaWQ0fWIcp3l89jazNJzDQGVSGM%2FkPTX52xGmQ%3D%7Ctkp%3ABk9SR_zdgPPAZw,pair,False,True
BMW F30 LCI LED headlights,2016 BMW 3 SERIES F30 M-SPORT LCi FRONT RIGHT DRIVER SIDE LED HEADLIGHT 7419632,680.0,2026-04-13,Pre-owned,False,False,https://www.ebay.co.uk/itm/326313300253?_skw=BMW+F30+LCI+adaptive+LED+headlights&itmmeta=01KR3K05TYWJSMEQBE3N38C75Y&hash=item4bf9c9d11d:g:EhQAAOSwAMhnGPw7&itmprp=enc%3AAQALAAABAGfYFPkwiKCW4ZNSs2u11xBybHyH8AFG51jSpn17ocGNnF3XTRkPWalMIW9ye1WkR8eEMvoqxCNWOsIZWHlhZStID9kggiNyhr9ac16Jo2jnTDnR%2FQ0WPyScUrFHqUkEiZGm9x%2FJzpBfDoQuiHHpGgNT%2B1cG8cC9pjJMIeFgImyW3JkIwM0pO3XKfbLVhZYckPP2e7VEGsECt3Ji9ALS9%2B7DObDi8ZmJWeoql1jqTqME7OxEJEEGDi0t9Lt5XqyT9H%2Bi635HtXa30Lt1tO9jnKdwCyRL3Bh55N1kVtuWRlEqax3mz7ePLwaWScXFAkjVYXnu0ykCDi0Zj%2FFLtIj6gxk%3D%7Ctkp%3ABk9SR_zdgPPAZw,single,False,True
BMW F30 LCI LED headlights,BMW 3 SERIES F30 F31 F80 LCI SHADOW LED COMPLETE HEADLIGHTS LEFT AND RIGHT SIDE (For: BMW),1199.0,2026-04-13,Pre-owned,False,False,https://www.ebay.co.uk/itm/366167172113?fits=Car+Make%3ABMW&_skw=BMW+F30+LCI+adaptive+LED+headlights&itmmeta=01KR3K05TYF2SFH96T72P2EZK7&hash=item554143a411:g:s2QAAeSwZNxpCA5e&itmprp=enc%3AAQALAAAA4GfYFPkwiKCW4ZNSs2u11xAlwZmsH1jPLW22F%2FWY4ZQQeUT%2FSbayUTVrQXn1EoVhfFYrmpxrmNYMNgIqPSi0VW0EQQVwRt7Va9zUBBFLG8KqalvOZ%2F1IIUDr8k%2FG%2BiY%2F1SzXDUzN%2BZejfdX82G76Z23%2FoLkBnfFJ7eBcqnyLFRehk29qkS0tHjQ5FtyE5oEU6%2Fxx7iR5XoTeWbc3nN2awCBEdDY3MmN3b9ITTlPeyGPETWFDtK6tdX5izJRT%2F0KAchbp7h%2BeD8QOjJKPQCt441KHnFZeVEjK3ZrzdC3umPoM%7Ctkp%3ABk9SR_zdgPPAZw,pair,False,True
BMW F30 LCI LED headlights,BMW Led Headlights - BMW 3 Series F30 F31 LED 2011-2015,399.4,2026-05-01,Brand new,False,False,https://www.ebay.co.uk/itm/198139197525?_skw=BMW+F30+LCI+adaptive+LED+headlights&itmmeta=01KR3K05TZT90ZNS4J608HPE54&hash=item2e22043855:g:buAAAeSwcEdplFGa&itmprp=enc%3AAQALAAABAGfYFPkwiKCW4ZNSs2u11xCNMBmxo79JzxQB3pg%2BBCU39XSxMrllcjfCCj%2B9eNoGlfjf5oyjfrOWeetpLyKslAzp8BEbnKC3b%2FEvrZ1iBT8e65JXoVx87pVVjBsJ4pebh4unZvDX7w%2B45g%2FzZ%2Fk0a%2FOwxB%2BPQha7Zpqhv22Z3FrZHe6aWcGxbg8B3gYwPoO%2FBw48LJcPbauR8JS06iRcNVKN%2Fakn3tRP4AkMPJ%2FRu72xbbQe5qOPP3b9HdzFJIubvDcpSOFRBh5pKm45lKsk%2BVyolpSaPfKhL0C6Falsf0vi4Xdce1OYSeqhBF7hqRnGBKD%2BIzWw0D5XEyc7l3Bm4JY%3D%7Ctkp%3ABk9SR_zdgPPAZw,unclear,False,True
BMW F30 LCI LED headlights,BMW 4 SERIES F32 F33 LCi 2014-2021 LED OFFSIDE RIGHT HEADLIGHT- GENUINE,295.0,2026-03-14,Pre-owned,False,False,https://www.ebay.co.uk/itm/287192746158?_skw=BMW+F30+LCI+adaptive+LED+headlights&itmmeta=01KR3K05TZ4YYWGE0NEX33R4ZD&hash=item42de0588ae:g:vbUAAeSwjLdpr~2E&itmprp=enc%3AAQALAAABAGfYFPkwiKCW4ZNSs2u11xAXxONvO8RSM8QLCARpsvN5dDVn4ZD8n36AS45cjclRcLJB0%2BJldK2LJ2iGr1V2%2FBNAsya%2BZ5M7pUrzRSQj2Rk0zRn%2FUUuCLitxiW5oUQnwezOHMDZaqcjokbUiA8L1we8Ux0r9updUEq6cMAN8lnAQMDagM0uSzKZzhIySzc6TZQwIvLLCia7ncQwUAWRxUz31HQ8sid%2F09TEF9h507cgRQhkbovVB7lBwlj7niFIEgV3E6zwOH8O2Wq2PGTrBnb9PILexc67HPGN31tQ2t4OJ8117kumbNnDkxKu01MgcYNRSJbXmCdnzCzXqVDaIH0k%3D%7Ctkp%3ABk9SR_7dgPPAZw,single,False,True
BMW F30 LCI LED headlights,BMW 2 SERIES F22 F23 F87 LCI FRONT LEFT PASSENGER SIDE LED HEADLIGHT 8738681,399.0,2026-02-09,Pre-owned,False,False,https://www.ebay.co.uk/itm/157244478677?_skw=BMW+F30+LCI+adaptive+LED+headlights&epid=9052130486&itmmeta=01KR3K05TZT2RYDR8FFZ43KM5E&hash=item249c8054d5:g:Q9cAAOSwBMloIvBq&itmprp=enc%3AAQALAAABAGfYFPkwiKCW4ZNSs2u11xAyt62mdXm7J77K87Z0P3IUlJo1eQGipevIsB%2FwzYOufLlRKmFoHmvB4QLy9X3Y3Xa5l1SLtfK1fmN3df1l7mUsMwFcQxEzGz1XxQhejCF6J9duCkywC%2BUeVNi6dVutC%2Bcg%2FkBcWt5S2AOJYJOR9qBoU0YsAUcU2b9m2Qy9DVhxMmkHQWHuMYkKdbzsGTxUPWt5d9UsjH4WI6iLA8myFKgesEaP%2B9pimVzdqXiFiBZEZ%2FU%2FfU5tYLBpDrg4%2FNeOB%2B7TqeHav568ZYaBBrp%2BnN5LUyIFaMx5PlkUSkOC7zxveJfPKS9pO1%2FojX1V1iKQKpA%3D%7Ctkp%3ABk9SR_7dgPPAZw,single,False,True
BMW F30 LCI LED headlights,BMW 3 Series F30 F31 LCI Halogen Headlight Driver O/s Right 7365598,99.14,2026-04-20,Pre-owned,False,False,https://www.ebay.co.uk/itm/267618335368?_skw=BMW+F30+LCI+adaptive+LED+headlights&itmmeta=01KR3K05TZDDVW7CTY148CRST1&hash=item3e4f4bba88:g:8fIAAeSw7rhpwlpn&itmprp=enc%3AAQALAAABAGfYFPkwiKCW4ZNSs2u11xD1owO4HX19zy3Ba25vGL7QIAeFgNtHxQA%2BKssasFa%2F0t%2BwjgbHZGQ1h3ER58cGFF%2FXsGShFtr5pYOOLtFxy%2BD%2B1uiKpA8ny05Nqaua%2FMOUrviNZNvkxJnQBeje4%2Bbhy3nbtzaLNoGcjQXcAMq37HipE%2FHOSPql5H%2BjEBvd6%2FHcaG0JltFjitQvNVHOKJlwJMkv45TEOZxIQIt67sBijFBp6uH%2F1FCMJ3tKneoNzmS4sFIYCdIxFUFWgyghbwNjBrepLNT712x4lI6fSl%2Bofqxg%2Byrvx7YvFte8vZBwHalQdXpOto3KWZ5saMBnLcuzAVo%3D%7Ctkp%3ABk9SR_7dgPPAZw,single,False,True
BMW F30 LCI LED headlights,BMW 1 SERIES LCI F20 F21 DRIVERS RIGHT OS HEADLIGHT LED SHADOW EDITION 7492624,449.49,2026-04-04,Pre-owned,False,False,https://www.ebay.co.uk/itm/257394168464?_skw=BMW+F30+LCI+adaptive+LED+headlights&itmmeta=01KR3K05TZ8H9XTABG5QCM5S39&hash=item3bede35290:g:wGwAAeSw8jppq19r&itmprp=enc%3AAQALAAAA4GfYFPkwiKCW4ZNSs2u11xDUHzaZuWAMCtmmTR4S99l5Lj6%2BXpu3TPTkWI6FKpD1T7T6ub8xMXWZIMCkHIXV87ViTuK%2B1cLvvSh3OjIHE%2Fq7hTeFh9Kd2RpKYYSKu%2B9qPNNlay9CwVIilmonyvxRRb9ZddyDfACW%2B3c932EeZ0%2FDa8qRCHrmjdZNGv%2BgH3SH9BLI2hTI31%2B4U73NYVpnY6aBzxw%2BrusnKeuNvNvZOkB%2Fspu1xRMmRr1VgTLf6n%2BTWyb8vbWaPjSDmsESkZftF%2B4JZqMO7S1Y2IEAleZlDxmv%7Ctkp%3ABk9SR_7dgPPAZw,single,False,True
BMW F30 LCI LED headlights,BMW 3 Series F30 F31 2012-2015 Halo LED Angel Eyes Headlights Xenon Look Upgrade,444.95,2026-04-04,Brand new,False,False,https://www.ebay.co.uk/itm/383651194789?_skw=BMW+F30+LCI+adaptive+LED+headlights&itmmeta=01KR3K05TZ2GWTAZSY32XGTED1&hash=item595364a7a5:g:nAcAAeSwPbVpEbzM&itmprp=enc%3AAQALAAAA4GfYFPkwiKCW4ZNSs2u11xBDfoFthB%2B9tMOMlAqPLLw6zHQbtqz6xNifLHHw6Q4VtqcKtWWJDPvuOXpCmGeCwVA2tm5030z39Mul3%2BYvRcQP6ingQ9cLEKDNV%2BgumLQiK99SIw6hAkBLtIBGNzGCKoBW23%2BMMhTefnaWyenOZVeT8XxEetvnJp1qR3fRYsgWlUDp9bEVrg4aErr410aOJelaRs7UHHUYZvSSpV7ijJ%2FFYxdelA%2BOmtJ%2BOqEDKb6h6ymancouWPY8zdWT8ZW%2BlU9Se%2B6MQaunvtXOYLNsiZVl%7Ctkp%3ABk9SR_7dgPPAZw,unclear,False,True
BMW F30 LCI LED headlights,BMW 3 SERIES DRIVERS SIDE RIGHT HALOGEN HEADLIGHT F30 LCI 2012 2015 GENUINE,65.0,2026-03-14,Parts only,False,False,https://www.ebay.co.uk/itm/188151856355?_skw=BMW+F30+LCI+adaptive+LED+headlights&epid=2093198872&itmmeta=01KR3K05TZ5RVK94NW3YAP3MQ6&hash=item2bceb97ce3:g:YTMAAeSwYOVpsIx3&itmprp=enc%3AAQALAAAA4GfYFPkwiKCW4ZNSs2u11xBjwagRt0KTQueVrDIG0BpmN4s%2BiNYQGh%2FPAU0VlbyvprctvKvmUo6BEszGzYVONGveYgQX%2Flbjd3BmjMwaWhpmG0x%2BUHkavO3Pc0GL3W34zbzOE7EzczKSNaD5PQK4goYAnbAgMvEYbiyBsyfci0vRf%2FYLKkiJu0vCH1efQSEUPTiepw7qmgLY8WTVubjLH8ptLfhKYVMcJST%2FUgvP2e5GmYxBhB%2BmM3Bui7HUQCG8KTVQ0js4iEl5iVPOPsP2hVJOptWND6q9Mx3wbpqFSDn7%7Ctkp%3ABk9SR_7dgPPAZw,single,False,True
BMW F30 LCI LED headlights,BMW IKON HEADLIGHTS 3 SERIES F30 F31 F35 WHITE YELLOW UK STOCK,549.99,2026-05-07,Brand new,False,False,https://www.ebay.co.uk/itm/198263288894?_skw=BMW+F30+LCI+adaptive+LED+headlights&itmmeta=01KR3K05TZH8ABHNNZEY1C7MG2&hash=item2e2969b43e:g:XPwAAeSwQM1p1WjS&itmprp=enc%3AAQALAAAA4GfYFPkwiKCW4ZNSs2u11xAKY6bRJuVpHjg4IMtchp5nHIoFwWkrkOUuR2mpG9DpwliPG%2FQqM6ba37vuzDKKUfO1Cuv0g9deaGCYETq47UtR4P4g6PnQy7HbYbmouwR2wVxPhFYVQIY09mq0NAieojwpFU9eOAa9rs2xFoRWHfxLgzNdvEwuHlfUZNICOO9WzFsIKMqL2D71L7GMb6cMdf893%2BOoxld3haSWSvT4Y3oKn0yVCB5fTckRbU2LzChvzL7FovAwU2Hz93SWzSTerSVLGhK%2FzNj9IUbkRvWAinff%7Ctkp%3ABk9SR_7dgPPAZw,unclear,False,True
BMW F30 LCI LED headlights,BMW 4 SERIES F32 F33 F36 LCI LED HEADLIGHT COMPLETE LEFT PASSENGER SIDE 8738701,535.0,2026-05-05,Pre-owned,False,False,https://www.ebay.co.uk/itm/157832479834?_skw=BMW+F30+LCI+adaptive+LED+headlights&itmmeta=01KR3K05TZHN7GZNJ41BVT0B16&hash=item24bf8c845a:g:azIAAeSwnQ5p0-Y9&itmprp=enc%3AAQALAAABAGfYFPkwiKCW4ZNSs2u11xC%2BvPB%2BRfPf%2FVZBm3XFoKuWoYJrpmTSPUwT%2B990CiTd2P8J8wARpkbfE5jVjnuxQuU7eycCg%2F2kWKJ1pITMuXUzvG3qs6OxwLk1k05FQJQEn2L5UyqKPCi3%2BDMEIIZznKApspVr1TAVVUYFom%2B8tYHa%2BLuq5cnsJvCbjVapWknX%2FO8l4brAtBpl11rfTMnJS%2BpKbaUKFWY7fVoasvbUidhXwVa9s4lW8wASmOZ72Qv6I6f2tK6%2FF9tbt9aDz02tss77al38oZkjm5xaZxvZ%2B2yQjdXmc5oZtFpS8q9p9CNFUSWGgu4Ya5lnaJ5JssZPRfc%3D%7Ctkp%3ABk9SR_7dgPPAZw,pair,False,True
BMW F30 LCI LED headlights,2018 BMW 4 SERIES F36 F32 F33 LCi LEFT PASSENGER N/S LED HEADLIGHT OEM 7478153,519.85,2026-03-27,Pre-owned,False,False,https://www.ebay.co.uk/itm/327028784785?_skw=BMW+F30+LCI+adaptive+LED+headlights&epid=25047815960&itmmeta=01KR3K05TZPJQ3FQ28FS60XB8W&hash=item4c246f3e91:g:ZwUAAeSwDq5pqEpt&itmprp=enc%3AAQALAAAA4GfYFPkwiKCW4ZNSs2u11xDMZRNTM9%2Bmcz9SlkeF7DjmU9pcKh7ozpJyybCGCrr0ykTdewGgfFFws33v%2FZSErB%2FrlNJ1vNnJh2tK7s7tthbKbaWp1GHkAsWf4%2Fvv6O5V6lcgt5fPYXhrJIaJHOVBdJqgTzFQU%2FkkM%2BYuDWZiZGsu6JezzjuJdIicEgbMzTgF%2BlVyCQsyhxpdKYNdlt8AxglvIjGKz28ZEt0pkX2fmGPiaL%2FJ5vwx8%2F6OacA8XbG319pT4aqUfX3ky2ubM2y1l3wxktphfZbJxdLYQQAx92m9%7Ctkp%3ABk9SR_7dgPPAZw,single,False,True
BMW F30 LCI LED headlights,BMW F30 F31 3 SERIES 13-18 LCI FACELIFT FULL LED DRIVER SIDE HEADLIGHT COMPLETE,450.0,2026-03-31,Pre-owned,False,False,https://www.ebay.co.uk/itm/227142642254?_skw=BMW+F30+LCI+adaptive+LED+headlights&itmmeta=01KR3K05TZEE66QYBB093D6PRP&hash=item34e2c1aa4e:g:L2UAAeSwrgtpSarl&itmprp=enc%3AAQALAAABAGfYFPkwiKCW4ZNSs2u11xBrbmy6eGY7GBIHH%2Bn0S7NP596ANscgMKHJ6HQnP6QX6n4pt0nXlSi%2BncbhSJbf0xD823Jz2YMtM5MqDRGe9fMkYdfGr6bsFHH8gRpjTwS2%2BglOqoCc8mXBho6o6yLZmviFGUCe7iJOuG2WbpWgAnUlI4xwSYUWihx6ef4eZqBpraTKSv6cX7KgBd745N6FRHCk%2FnAfibIoF2J%2FbsF1X83PRD%2BR2sOB5awv%2BVUl%2FhXPMZuWyQ%2Bh8YKiDnMcFMzRBof%2B1MMgAFGTkheSGZtXh1MGBOehd94YK2E177zPgj8oPOAipU455k%2FzgQzsXeYhTdk%3D%7Ctkp%3ABk9SR_7dgPPAZw,pair,False,True
BMW F30 LCI LED headlights,BMW F30 3er 320d N47N RIGHT FRONT HEADLIGHT / 7259540,89.98,2026-04-09,Pre-owned,False,False,https://www.ebay.co.uk/itm/277817844521?_skw=BMW+F30+LCI+adaptive+LED+headlights&epid=2093198872&itmmeta=01KR3K05TZY95NESJ3RBQYTFND&hash=item40af3be329:g:odsAAeSwoTBpvGKA&itmprp=enc%3AAQALAAABAGfYFPkwiKCW4ZNSs2u11xDfhjJiRK7Zb%2F8By9I8TyURzprGbIFzQ26TZiyl7tPw%2B1Ku6MhN%2BDeOL3yFqp2PoZlMqCOkxYzlrzTu4fisFX8q68MPTZmirprZ78G%2Bz0Mz2jjtsvEp7J%2BC1d7zrP4mUnf8RS1TPqu3BByfsP95owBSwctxQh0Sw0qafd2cqstFltdkiguClbb8%2B3cnZzHBsfN6c%2F2K4hQa8mJDBn0PRR32kgJunMv%2FLydzytET4%2B78Myc5N%2B%2FzJ%2BkFwpzq%2F6VfFEgkufv77ZxBoIXslgyjQR1de0h1JG7lTKKon5p2EICz21goN7P%2FoS2GBVTZ%2BQRmNIk%3D%7Ctkp%3ABk9SR_7dgPPAZw,single,False,True
BMW F30 LCI LED headlights,BMW 3 SERIES F30 F31 PRE LCI DRIVER RIGHT HALOGEN HEADLIGHT 7259540 12-15,99.0,2026-04-30,Pre-owned,False,False,https://www.ebay.co.uk/itm/157790539396?_skw=BMW+F30+LCI+adaptive+LED+headlights&itmmeta=01KR3K05TZXZ30GE20GD59EHKQ&hash=item24bd0c8e84:g:QSEAAeSw3-dpxnhX&itmprp=enc%3AAQALAAAA4GfYFPkwiKCW4ZNSs2u11xBh0cIgGAZ5Dn705mwUI04vt20q4PvEpIww8tJqlNS7q9qlEEmbkk7U3yohogP%2BQ9KXQtxKmt5GQEI779fMODbyC8V6bV0WW15%2BE7Eeaz%2FI3Kn%2BbckDoioJ0riExQBT%2FmH%2BCc15XNJSo42Y63lZV1%2Bv%2BDlybxGDU8G9lpw%2FZd6wFWUiyHdBHMeQzt3bCfa5Z5xXqTXCpeUm%2BXS79kOwiN9N2J7%2F8%2FcimJ9MPYDXcUUuoCIl3kIFkTZLrbXpWrzuErgO6a5d8%2BwvYtLWTfCq7gT6%7Ctkp%3ABk9SR_7dgPPAZw,single,False,True
BMW F30 LCI LED headlights,GENUINE LED BMW 3 SERIES F30 F31 2015-2019 HEADLIGHT DRIVER SIDE 7471308-01,394.3,2026-05-02,Pre-owned,False,False,https://www.ebay.co.uk/itm/298243399695?_skw=BMW+F30+LCI+adaptive+LED+headlights&itmmeta=01KR3K05TZ90VPBYXSF17DAB8Y&hash=item4570b1200f:g:X6EAAeSwI-lp5Tla&itmprp=enc%3AAQALAAABAGfYFPkwiKCW4ZNSs2u11xAZXfDqnAlMS51wNDqsLCuzRQyCppGNJJnqxMfn6sjvTGzKm3KtpxuJq6V7fziAhOMqgSu%2BXH4pqMoYidhKj1DsLTtvyZhMkZ3KWXHxCMeErJ%2FzMxiAVUDylVmOlhQFv9vk7HlKKhD9Uj5NJuC6Ws0rnJCATjGT2VTTzWtF0HQqLMT%2FcJhR9cvvm1u6W6jeT%2BO9nJwK7UWXaYbirpilAkF0ZwtPoRstGywtuK3zcQsD%2BHYPX6KWGsWY%2BP7bsx9wwqNEENgnzXjdB65OcSIoZWiAnKofB3Mx4qpQWSxV0mhck2kniMlAcLTKC9AHNFhjz54%3D%7Ctkp%3ABk9SR_7dgPPAZw,single,False,True
BMW F30 LCI LED headlights,LED HEADLIGHT FRONT RIGHT DRIVER SIDE BMW 3 SERIES F30 F31 2018,404.99,2026-02-11,Pre-owned,False,False,https://www.ebay.co.uk/itm/117004276353?_skw=BMW+F30+LCI+adaptive+LED+headlights&itmmeta=01KR3K05TZY98S10XK771S6Y8M&hash=item1b3dff9281:g:PQ8AAeSwRStpJZRq&itmprp=enc%3AAQALAAAA4GfYFPkwiKCW4ZNSs2u11xBq1eAgEtPwCp7pQivNilejvGbRCrINpJ0FDlZvc9BFU0FgzSdcTLneBQTDwsN6sOdfiZDfD%2Fj7lysCEj8VW%2BaOURFp%2Bspw2Z7BpFKmQnvCtDAq2%2FBYjCtyjK6gQB8n41YqfrRnO%2FtHRaFK7l3VsEnLV%2Bs2pxglOBCKPTdFn8j1%2B0V8JIlwrR%2FbCfJAkXIki2qkUkYfzMaskiSZJVDQA2DU0SvcjFAtdB4Ap%2BsHpdcZGj9jVu9khC%2Bx1thGwI3lWQlATE1kMaIrlAgxreXYHUPZ%7Ctkp%3ABk9SR_7dgPPAZw,single,False,True
BMW F30 LCI LED headlights,Bmw 4 Series F32 Lci Left Passenger Side LED Headlight 63.11-8738701-02 Genuine,289.0,2026-02-19,Pre-owned,False,False,https://www.ebay.co.uk/itm/406697612178?_skw=BMW+F30+LCI+adaptive+LED+headlights&itmmeta=01KR3K05TZNRE4E930KG32R0A3&hash=item5eb1111392:g:uIgAAeSwy4ZpkLWG&itmprp=enc%3AAQALAAAA4GfYFPkwiKCW4ZNSs2u11xCPM3iRUWbeaiCwazz2cfZ2yiQn1eU6aGMK8%2B6yIyQ6xT1mpkpXP4TreZINVndxzG9Y34HUHO7sARSalld9Jr5%2F6UN10Ncf2czMfjfYyhIW%2FIIIFztTTVC69dBU0trdOXnJsZQnz9SSTvP4SVBFhD0eD%2FyLmqbS%2BR5q3MShfwb1bCgvfHyWi%2FADMMT0OtZFrcA1gYTsAboLSgaGdyq4yRt%2BLoEhUlpTh2o7GF0wEdaXxAQjZtwrU7yBa1h58ILqwxUZ4Kwntx5A3dlDjvAM%2B3kJ%7Ctkp%3ABk9SR_7dgPPAZw,single,False,True
BMW F30 LCI LED headlights,BMW 3 SERIES DRIVERS SIDE RIGHT HALOGEN HEADLIGHT F30 LCI 2012 2015 GENUINE,69.0,2026-02-27,Parts only,False,False,https://www.ebay.co.uk/itm/188072053721?_skw=BMW+F30+LCI+adaptive+LED+headlights&itmmeta=01KR3K05TZWB4AYQ3XAGM4PTR1&hash=item2bc9f7cbd9:g:RsEAAeSwmvdplX8C&itmprp=enc%3AAQALAAABAGfYFPkwiKCW4ZNSs2u11xB677Fl%2BNOYqKC%2Fey9ru7WecoaJkftnFD0iFT35pAgT1vvVM0rD2DHTbZ4lkzJQMCQY6nXriHuay4iZzzKhaP3m9sbqdxXfkHI%2BFZDeWSq04MOEA4aIXpD4rDc%2B3evUiZSkuak1Rir%2BBqm0K0D2WHSZ45gRBJaURAh0N38WRqEArKW2qOs2NNwoBMZAYgaxX4cRL4xqf0aR9PjylpqlfQxyBoF1%2Fs%2FaryYHDq20u%2FEBlUArcd8ST%2BqazobtScmPB1BI2hwQPlxR33wXAUjl12bqhqFxUgDXFELEVoVzQJwbDxbkVfcFafSkYa53chowie8%3D%7Ctkp%3ABk9SR_7dgPPAZw,single,False,True
BMW F30 LCI LED headlights,BMW 3 Series F30 F31 pre-LCI Bi Xenon Headlight Left NS 7259543 Complete,299.0,2026-03-17,Pre-owned,False,False,https://www.ebay.co.uk/itm/317949454895?_skw=BMW+F30+LCI+adaptive+LED+headlights&itmmeta=01KR3K05TZ0BHHVRK4HDCEVBTE&hash=item4a0743aa2f:g:3R0AAeSwDfVppveY&itmprp=enc%3AAQALAAABAGfYFPkwiKCW4ZNSs2u11xCy2EvfJhRwdRPF%2FdZN7Qe8H6nVfmlPdjF43xf3ndeeZ7ddLyJU%2Fv5ztBuP0z17%2BIgQ2JRWFbxVehHpXCSIEZMYCOZ8iA%2B%2BPID34SsXgWggfI7LUgdEClRuccyfEhKIXMmVc0oFPZsZaxq40s66f4wxs%2F6NvKzmIqxSI94u%2FWbza7n6g4EVfhLHWX8Gyukn2NQEjCkX9U44tSKlEhxb9%2BsF3dxkiZlVpK2GSMtMINZQp6Gwdd32VhIkLpIehLtled69YC4YVcTk6rpU%2Bo83wNFtImXEkCpSszkOP2Iu9anJJzO8gOLuknwwWmSTpIyr0rc%3D%7Ctkp%3ABk9SR_7dgPPAZw,pair,False,True
BMW F30 LCI LED headlights,BMW 3 SERIES F30 F31 F80 LCI SHADOW LED COMPLETE HEADLIGHT RIGHT SIDE 7492612 (For: BMW),599.0,2026-03-04,Pre-owned,False,False,https://www.ebay.co.uk/itm/366167172105?fits=Car+Make%3ABMW&_skw=BMW+F30+LCI+adaptive+LED+headlights&itmmeta=01KR3K05TZ94JV3V6QW78VNYBA&hash=item554143a409:g:W-0AAeSwMDlpCCrH&itmprp=enc%3AAQALAAAA4GfYFPkwiKCW4ZNSs2u11xAZXcThbOmIt2Jkrw3uDatn2lis3rDxl9ZR%2BUxrp3BAUYvuPcCKAGe2YuLZJgotzXAMujUHuOkEFn2tAiz55ME4mVZosKHhOEWJ4%2FXEvY%2Buxl7q4q%2B6OX7YsNfUfkzePHu0jyFHhYwOrLZlEBPl8k6STkJyqSg0zAR4JYRkynbIGy6k6e9c6o%2FEzUGKd6%2Fd2jLKf%2BF8V5Cmm1vfmQFIRTFCnSW4se74spmqLxzOhkt1H1WdmjUBn57fPb2nnIAPTDaBfo4%2FVSpiD7ZbA5M5k1kg%7Ctkp%3ABk9SR_7dgPPAZw,pair,False,True
BMW F30 LCI LED headlights,BMW 3 SERIES F30 F31 PRE-LCI 12-15 PASSENGER LEFT HEADLIGHT 7259539,85.0,2026-02-24,Pre-owned,False,False,https://www.ebay.co.uk/itm/406581127470?_skw=BMW+F30+LCI+adaptive+LED+headlights&itmmeta=01KR3K05TZ23B92BDMCWY5K22R&hash=item5eaa1fa92e:g:lh8AAeSwe95pYq3y&itmprp=enc%3AAQALAAABAGfYFPkwiKCW4ZNSs2u11xDJLgAeDrpP27vaZnDwzYobjNDsx49%2B%2FuCeJEQx%2B2pZjZk4gavnkW%2BgMDpPKICBa3o1aqNSu4HcnVi1MnIhyP4C4pPn2RJ36k38pIP%2B%2BSF5h8q2azYeO2JdHYWUPWpWvvcaWCUUIqYdHFgo5OR4ks0%2BUzUit7pQ7pgLsEe4Km1do6DLhfp0ci9EGJ0CuOWxhwauCO%2Bc5VdAg%2FVUp8mAMNdX4IkOXHHBhtIlYJXePgRWjyRy1MWtdtTqBArxt4R2QNad1wbvNcHaLXecibVyRnO1bj0w8Hl%2BN6tUYLA1X4aFwooMC4TcTq4748pTv1jj%2Flg%3D%7Ctkp%3ABk9SR_7dgPPAZw,single,False,True
BMW F30 LCI LED headlights,BMW 3 Series F30/F31 2012-2019 Halogen to LED Headlights (Brand New),338.2,2026-03-26,New (other),False,False,https://www.ebay.co.uk/itm/127762329080?_skw=BMW+F30+LCI+adaptive+LED+headlights&itmmeta=01KR3K05V00JCP6PDB9CM5E7Z6&hash=item1dbf3a6df8:g:FT8AAeSwLqFpvyrB&itmprp=enc%3AAQALAAABAGfYFPkwiKCW4ZNSs2u11xCfjI8J3du7UW8V%2BWm%2BLYAkOObsXevy8n3SaWNLs6Wq2GN1oQAGNxvzAiuATuOHn0FN1f7UI%2F4VsqNgjzQiLQUwxOMMDpZE9KmZEamBXe0VPVv2uh677yqsxiRfWN2PDapoU97Wt1uvgoYQqr4Uv4POMCDAMQaePGamyBbLk8xb3%2BFR5xfKK04pC%2BeMD3bDsutjizYa%2FVDvcEHmKUS%2BGuBuxefQDJGJSBSVkA8dfC9VwV0v%2B166p%2BRY5Yax1f73ngymhve3pZJdbHLBaf0VFgL4ve3Eo2eB2xn2KOO1N6xo%2FxFORJHM9UbXTYyp4Ku7Ca0%3D%7Ctkp%3ABk9SR_7dgPPAZw,unclear,True,True
BMW F30 LCI LED headlights,BMW 4 SERIES F32 F36 17-20 DRIVER SIDE RIGHT LED LCI FACELIFT HEADLIGHT 7498916,329.99,2026-03-30,Pre-owned,False,False,https://www.ebay.co.uk/itm/277768075179?_skw=BMW+F30+LCI+adaptive+LED+headlights&epid=2300931598&itmmeta=01KR3K05V0FCFT4N5092Z2YVC9&hash=item40ac4477ab:g:XUoAAeSwyABporti&itmprp=enc%3AAQALAAAA4GfYFPkwiKCW4ZNSs2u11xDK%2BfLySsuGTvaKUqp%2Bc1GkFUV1YMmX0%2BX2D9Rx%2FwB6zvzr9isfhNY0yPndAtG4YcQTex275m0NUDmxs0NzUqpC410GZAaPoyrKZKAqkbM5tShSNiNnXjV5iMFBLasreqA9dohbxp2uyuPHQRHWviibXwGdeFYIjXZ%2BZ%2Btvwl7a9WQUuS1%2BeabNDm%2B5iGRr%2FJf%2FphMqWg42yeTOIJ5VOE2gNeyt8%2FeaTpVFHfQGwgKYt6Q3Hl5mBNku0VcqgGXDmdMfGCChLs68wQxX5hOqUdij%7Ctkp%3ABk9SR_7dgPPAZw,single,False,True
BMW F30 LCI LED headlights,BMW 3 Series F30 F31 LCI LED Passenger Headlight Lens Replacement 2016-2019,42.41,2026-02-25,New (other),False,False,https://www.ebay.co.uk/itm/317216672872?_skw=BMW+F30+LCI+adaptive+LED+headlights&itmmeta=01KR3K05V027WB1458BYTD3Y3G&hash=item49db964c68:g:4CkAAeSweT9or00I&itmprp=enc%3AAQALAAABAGfYFPkwiKCW4ZNSs2u11xBLyftgZo5vU4OYp0wjl8%2BMGcC%2FwvfxP3gf38x4kzfXqT8uI%2B1dONskbK5EI8uHOwagVD0SDlW65aBaLU2JrpSfnzajqMojg%2BoTHwGbblqBMMFZ2b2uNSHQuSDifKYLz9AVK3HxoNJ5P1AQcJWIZUlPVPDidP2h0zZpxnnJAxkQi5Rq7tqUsSbKBYcm5Im7GSNRUspRVoh%2BDdkU3GyFDFLBtG2apQrvOU%2FQ14HTf8pXFKF4qjB9bH3ShKQvDpPsNP3sBh5Og4%2FOn9KLwRR8VFJWa7S0061pvhyroQkcl16%2FXubGt6tLj8hDUxzkP%2FIAq40%3D%7Ctkp%3ABk9SR_7dgPPAZw,unclear,False,True
BMW F30 LCI LED headlights,BMW 3 SERIES F30 F31 F80 LCI LED HEADLIGHT RIGHT/DRIVER/OFF SIDE GENUINE 7498948,475.0,2026-05-01,New (other),False,False,https://www.ebay.co.uk/itm/306911626440?_skw=BMW+F30+LCI+adaptive+LED+headlights&itmmeta=01KR3K05V0M5R4M9923HCF5YX6&hash=item47755bc4c8:g:FyUAAeSwmH9p8ec4&itmprp=enc%3AAQALAAAA4GfYFPkwiKCW4ZNSs2u11xCcJOcUTnVJdarW3WmI72zmbvk8CZxSf1ZlUSZfmW9Yybv4zaM5FRdU1a%2BHgWveJvFqwR1AqcO8MAUuzaChwujrU6u%2FPh9lsc0WW2Nyi0dh5z2guoy5NnmMUffrFxGSOVo1O%2FV4Ph7LT9rvHBX2N1WFYymZ1zNtrcB8D2dSEdRJj00LsLpBY4CDtWoK8C3sEEpf0%2F97nQhzy84v%2FbUliAxDUnGDnNgOyQ6LofWZpEd7O6%2FaESPNkJHvSKov2dxc43iQ8Bo6on3Ef4cRkMKhTk7O%7Ctkp%3ABk9SR4DegPPAZw,single,False,True
BMW F30 LCI LED headlights,GENUINE BMW 3 SERIES F30 F31 LCI RIGHT DRIVER LED HEADLIGHT 7453484 2016-19,333.1,2026-03-19,Pre-owned,False,False,https://www.ebay.co.uk/itm/267607829970?_skw=BMW+F30+LCI+adaptive+LED+headlights&epid=910723417&itmmeta=01KR3K05V0FFZTV2T62CZ9ZQQ5&hash=item3e4eab6dd2:g:eu8AAeSwDwJptr6H&itmprp=enc%3AAQALAAABAGfYFPkwiKCW4ZNSs2u11xBJxb0w6nuT7gqeS3vcz4O%2F7aKssEVYm%2Fp6fg5d%2BO6R5MnEjYwx6wVXPwb3g258H0jSiPwEwOoeN3dusdwNQ5Pn7xkG9capnVPEDN8QGbJg8LGxyQeQYXVDP%2FSx2jczjSBeIC7gGh46yWXeO0K9eYYVHyYMmwA7mYCLXZSjgoxMjAyj9%2FZTOmJNXed6YTG4lRLKlHvlKID%2FSavFPripuBZPJng%2BsxS8NCAUpBOwT8o0Ohr7UyAYJJSYDnBQkzQbE9fTKm1u3haFJtgo810go5QhYlf%2BOFTHC93nbD1x5m1jePec%2BBaJY%2BeUgKLWBun5qI0%3D%7Ctkp%3ABk9SR4DegPPAZw,single,False,True
BMW F30 LCI LED headlights,BMW 3 SERIES F30 F31 PRE LCI DRIVER RIGHT HALOGEN HEADLIGHT 12-15,99.0,2026-02-13,Pre-owned,False,False,https://www.ebay.co.uk/itm/157672568294?_skw=BMW+F30+LCI+adaptive+LED+headlights&epid=2093198872&itmmeta=01KR3K05V028PG28499HEBTH2T&hash=item24b60475e6:g:4YAAAeSwx~BpivQF&itmprp=enc%3AAQALAAAA4GfYFPkwiKCW4ZNSs2u11xBXX7OrZqE00jgUf4GpHoK0f%2BPKtGK2E84E765XK2CfvOx%2BlTAu%2FIFRykqstZ4pfqfr2GD6KzZadaWzmpcSeW4mmnVHtT24UuFL3CJvIcuKIM%2Bziv%2BcTlSIYlbMtXtQs32zVx2onUgl0gjxkX3OhOLk0Y9q4iPgRl5LjuPjDXk5dUA%2Fl0EzA5XHQFgVWrU%2FghZBCw6t3Auo1mlmBSGOJMu7p3TJPQu3VOOnGNuQFzh807%2BY1pzqWg93vZQazr7ZjVTv7xNWmFgCTixNN5TK5JOn%7Ctkp%3ABk9SR4DegPPAZw,single,False,True
BMW F30 LCI LED headlights,BMW 3 SERIES F30 F31 PASSENGER LEFT FRONT HEADLIGHT PRE LCI 7259539,99.0,2026-04-20,Pre-owned,False,False,https://www.ebay.co.uk/itm/157835190359?_skw=BMW+F30+LCI+adaptive+LED+headlights&epid=838132545&itmmeta=01KR3K05V07X9QTF43TDTB89HE&hash=item24bfb5e057:g:HpEAAeSwvuZp32Mo&itmprp=enc%3AAQALAAAA4GfYFPkwiKCW4ZNSs2u11xC0jn5DhVilk8j%2FdKNR00QHzUzeieWLq1vrIViv6%2B4nQ%2Fipc6AQFyC8wC2GZFJCXzUSJu0FYfsFF%2FAoMMRHtTtP4rSriUc95k6y74vRQ6MByom6zSPWixINzWEfXqFewvDbjy7QbVMVGX6AvtMu--Vm90rRn48FTPKovg8Cd73x9X35%2Fq901--4KpC6g6kamv6cSLNE52c4DsEt7NtDUl2GK67K6bEVQqZ3i6hCovWs021VMMlfZaCStYUUDkQZDU00YGUVl9gqWAE4%2FpRSamtM%7Ctkp%3ABk9SR4DegPPAZw,single,False,True
BMW F30 LCI LED headlights,BMW 4 SERIES DRIVERS SIDE RIGHT LED HEADLIGHT GENUINE 8738702 F32 LCI 2018 2019,349.0,2026-04-14,Pre-owned,False,False,https://www.ebay.co.uk/itm/177940769068?_skw=BMW+F30+LCI+adaptive+LED+headlights&itmmeta=01KR3K05V0E8J0BY4H2M5FEHGX&hash=item296e18a92c:g:YCkAAeSwlNtprdPe&itmprp=enc%3AAQALAAAA4GfYFPkwiKCW4ZNSs2u11xDJYdkwS9b4KSiwq6%2BgS7U5clKz%2FmiInNZkZkXD8FwxERPT1226KqF3fz%2FmTKkcFNcCPY%2BL3fiDi5cU%2FIuuGzu1HwGmBVxepBvqbUtoN2Z7z3j9NaH1AyjbdGU4vNm%2BgSO3%2Fkixd7byqsu0BbimTHX%2FMZgN22Te%2B%2BW3gxd9CwujGvQo0x2smwp2CD9mqLkm9vjbn4nlgoC6tXx2BksJ5H4YVTcUV5YBsq4hxGlgI9zV%2Fv4yIHHlZGPuz%2FFmmKtY6urh779biFo33ICRxvKJXHdL%7Ctkp%3ABk9SR4DegPPAZw,single,False,True
BMW F30 LCI LED headlights,BMW 3 SERIES F30 F31 PRE LCI DRIVER SIDE RIGHT HALOGEN HEADLIGHT 7259540,69.99,2026-03-31,Pre-owned,False,False,https://www.ebay.co.uk/itm/227275542471?_skw=BMW+F30+LCI+adaptive+LED+headlights&epid=2093198872&itmmeta=01KR3K05V0G7NG27SJYZNA8416&hash=item34eaad8fc7:g:W9UAAeSwmeNpqW6m&itmprp=enc%3AAQALAAABAGfYFPkwiKCW4ZNSs2u11xBqu7edfw5xUQYzukG9YeKbJ215tzIiLnY6VYRKSN%2BuShNIhWMh1OU2oTLxVzTV8c3Qmq%2F93%2F%2BLYHeBdCLr5xqk4%2BbGt%2Baztcy2Zqs4K9n7kJecnGHvLBZywKLwcIv08wmBL74yn8zxX833DSg03QOw4tECb3UEgh6UOm71L%2BcdX7%2B7f28xDY4Oo701cvWFNagyNUydhvGhUCgnTDS62qY4vG1NTuwMbLTvxIc%2BdqLyuZ4bs6EkfiVYB3aZm2sWe8solQM6BI2sOK0Gnlb7hD2zhuBFGOCdD6WAiSM6sJlY8dQcgZiFlRDNmoLdUggJ1Ls%3D%7Ctkp%3ABk9SR4DegPPAZw,single,False,True
BMW F30 LCI LED headlights,CSL Yellow DRL LED Board Module Unit fit for BMW F30 F31 LCI 3 Series 2016-2019 (For: BMW),36.99,2026-05-06,Brand new,False,False,https://www.ebay.co.uk/itm/397900836899?fits=Car+Make%3ABMW&_skw=BMW+F30+LCI+adaptive+LED+headlights&itmmeta=01KR3K05V0XFXFWV3M8E61JMFJ&hash=item5ca4bcf023:g:-t4AAeSwLqJp9Qfh&itmprp=enc%3AAQALAAAA4GfYFPkwiKCW4ZNSs2u11xCZ%2BOdq5a%2FDh7ZuH%2FZwso2gjmbNykyY%2F1jgnPLzZg93i8cIw1Yu61mQWqcM3GOhcfwxphACwL7NbPvpr51WfijhL3ZNIo2KirGw6CLqhzlohd2031MnZGY13mzDUXFXq7VFsyYF31f4nR7uERGdaG4r0U3kn0Wi4x0pdxBIJv9Unvl2IjsX%2F0SfMwzp1QEn%2BYuBeC4RVv1PIpjb30qHVIde66%2BDUaMuccuzy9qolGyB86yGN33yxbVyTLrtA%2BgIVKExXb6RFM%2F1%2BdxhQuWko8AQ%7Ctkp%3ABk9SR4DegPPAZw,unclear,False,False
BMW F30 LCI LED headlights,GENUINE BMW F30 3 SERIES FULL LED DRIVER SIDE HEADLIGHT 2016-ON P/N 8738714-02,271.1,2026-05-01,Pre-owned,False,False,https://www.ebay.co.uk/itm/389905032610?_skw=BMW+F30+LCI+adaptive+LED+headlights&itmmeta=01KR3K05V08X1XWW60SPEW8G6F&hash=item5ac826a5a2:g:HU0AAeSw0oxpnyh3&itmprp=enc%3AAQALAAABAGfYFPkwiKCW4ZNSs2u11xBmJUDHQqj7YCkdhJB7LpnJG13KvOdwkmezz13tTxJLnO6HT%2Fayi6WCOxK2f78Cc508M3IJIDKhteSfqvG64vqd4eCT0jLB%2FxviwBW%2BOYg7%2BFbxP7acpqMosrifoOE5LO0krnOgrrJydLIyAW3S0AZeW3%2Fb3OrCZJFQEeFtUr3ORhfuarz8ZJFoN%2BPZ8JKtUtVkaSh2HQPGyGki9pLeGCDnak4WQOLggM4yB5TB2KfLp9fz5JvZvavIYNOTWDElT0%2F%2BT62wICYsmWAooShm7ybg8OSoO13XeEVgq6gFEJ1Lv3BO0lhMsCAVFVJimS0KrLE%3D%7Ctkp%3ABk9SR4DegPPAZw,single,False,True
BMW F30 LCI LED headlights,BMW F30 F31 LCI Headlamp Headlight LED Lamp Light Front Right O/S 7471308 (For: BMW),499.99,2026-02-10,Pre-owned,False,False,https://www.ebay.co.uk/itm/316306274855?fits=Car+Make%3ABMW&_skw=BMW+F30+LCI+adaptive+LED+headlights&itmmeta=01KR3K05V0M108YG25WKDSETY0&hash=item49a552ba27:g:9S0AAOSwrIZnsvr0&itmprp=enc%3AAQALAAABAGfYFPkwiKCW4ZNSs2u11xCSml2PPknEUilHTcyMUZa9lpJT6MufePnVETE%2FQHCD6qXszC%2BGjdydmfXzpNeDjUa0Psee2l9slPnf6ABFZpbb%2B%2FA30JDSiJQlXVJlWZUKNIq6IsJdqYvCPtkSuEaZMkC4cKawxvwMT9d3CSsGAJEEP3kmKrI8YrkOjDZebyI4M%2BYCMiQszNo2BVrHQZ2SJlGVlbaEu%2B55uoKrPqy%2FUlQErMd8S7cIjFp2jqE9CX3rw9LTo2Q%2BOSz%2FIxHyIwrEuP6QLpRGapwwQH3H%2F%2BRzuVsyy7%2BLfKioJ%2Fmb6H1Elm75ZN71eNXLLIrOpULPiPUXrZI%3D%7Ctkp%3ABk9SR4DegPPAZw,single,False,True
BMW F30 LCI LED headlights,BMW 3 Series F30 F31 pre-LCI Bi Xenon Headlight Right OS 7338700 Complete,299.0,2026-03-07,Pre-owned,False,False,https://www.ebay.co.uk/itm/317949466055?_skw=BMW+F30+LCI+adaptive+LED+headlights&epid=15041386026&itmmeta=01KR3K05V0YGJFBFC2X3TZ1QSJ&hash=item4a0743d5c7:g:FD0AAeSwQvpppwDB&itmprp=enc%3AAQALAAABAGfYFPkwiKCW4ZNSs2u11xDae5OXaTJ0e6oMTYuj6BdM7TLon4xckRhrmsGb6rBQIKTyPb8ca8pjd9E1l87s%2BizrAi%2F3r6MMqCbE%2BelwV2q6H4G3yhorf4xbrdlGqbEha0jcMXvXTxTkL%2BQ8NqdW9HYzj4taEoEte9%2BUN3qO9VkjRm6Lt4BnyNVhgXByInX5yGYoZ3WV9Y31S5ctpRIV2cE9j0h7oOeU63hpYSZpwTvdoLoHmVST%2BAQ%2Blou184P9ePrVIuyYuSblmdLAAzFXOWk%2Bi8BpIRha4hBzWy%2F9OL3fbAIp5zM9EvmxLj%2Fxu%2Fd5hY0dIAVjdRzOuyN%2BtZbZjMQ%3D%7Ctkp%3ABk9SR4DegPPAZw,pair,False,True
BMW F30 LCI LED headlights,BMW 3 Series 2011 to 2018 Drivers Headlight F30 F31,199.99,2026-04-01,New (other),False,False,https://www.ebay.co.uk/itm/137127024962?_skw=BMW+F30+LCI+adaptive+LED+headlights&itmmeta=01KR3K05V0HXV8VKQANR4K7CNB&hash=item1fed685942:g:ehwAAeSwAHNps-lG&itmprp=enc%3AAQALAAABAGfYFPkwiKCW4ZNSs2u11xBmwgdUk1O%2BTnyGS7KFqNBNPNLGo%2BnV3sYv9jhSs4jxq6TZwDkMxp0c2D7LPO0dgfBkt2iQXxPHgX%2FYKBOcJvaVyYjsMfW4lFoIl%2BG7SV7d29pIn%2FQxztpjgHj2Wux5ke7PUrltRUq2i1jGhO34kQNLba7RrqY%2BVpywlZ0OPh7bDCgP5ho4O9dhlPFgM%2BCcZJC1syV7b6UdcOzC%2FNWMYX4fiu5Z4QeCC2I%2BleLPMi7NfY8p0%2BgfrfXzm2rDxabYaX6Q34NYlRyLp0FJeR2JuBBbGFX2zdlqHV5c6SwlZWMBEX%2B6Whth0eSu9xh0s7kUF1I%3D%7Ctkp%3ABk9SR4DegPPAZw,unclear,False,True
BMW F30 LCI LED headlights,BMW 3 SERIES F30 F31 RIGHT DRIVER SIDE XENON HEADLIGHT 2012-2015 PRE LCI,370.0,2026-03-08,Pre-owned,False,False,https://www.ebay.co.uk/itm/406328652210?_skw=BMW+F30+LCI+adaptive+LED+headlights&itmmeta=01KR3K05V0TC6015ZX8M5EKAE8&hash=item5e9b1331b2:g:jCAAAeSwNE9pAKnM&itmprp=enc%3AAQALAAAA4GfYFPkwiKCW4ZNSs2u11xD2MKB%2BopKWF3DRaD0cCFHwlP1Y2sbtCyxXCkTzhZN0dYKuYj9yRZUpQShviER6LVPZwnEURTZhdZw3qKH2qdtVj23ta9yXyMcRSXRkVQzUD9bfAHdUKvXa7PX8Hufk4FZ%2B5YCiTCB%2BxTm5ZiuhuugcDfVdUg0%2FfZULCRC%2BDh47ySR83EMlg5hIE0v2a25q7U%2FSQNTPHA8nNxtafn2sWMCchfkNDyj1JMxNMx50v8JULSyY%2B6Ub7Mt6d1UQ0UUhDUpzHk747urFI0v%2Bb3YUCGT0%7Ctkp%3ABk9SR4DegPPAZw,single,False,True
BMW F30 LCI LED headlights,M3 M4 F80 F82 LCI Passenger Headlight,312.7,2026-05-04,Pre-owned,False,False,https://www.ebay.co.uk/itm/157875133311?_skw=BMW+F30+LCI+adaptive+LED+headlights&epid=25023050667&itmmeta=01KR3K05V0PHCTT8DRVQPXJ8VX&hash=item24c2175b7f:g:4fAAAeSwICVp9GNJ&itmprp=enc%3AAQALAAABAGfYFPkwiKCW4ZNSs2u11xCupkQPCNPemfyIC6DHvHi8hRmytJXraVuvmt3Bain2Jzok3Cq%2FNfpT1u%2BGzaJMEI6A5RinQqVP8JXQtSQuA2zaLHmTTW9UEfVtnvIwYt7L%2F8rLcqHE4vwXxx0TI8I1LF8RGQooGzl5h7T84cdIk3A%2FuojqXVemw7EXMNAQj3raOlh1tvpt%2FdaA5sc%2FSswBSt4Oim7r6GuHBq9oC8pDP%2FRbuNySytEINmptqbZse6UwfkIEGdNYcqhxmfY18mY08TBFCLg8w7wIgxKZSuCBpGgKyb%2BMdbmTqF4NCo8jcLIaLDPPKwNWTs%2Fd6%2F%2BVYQxvlvo%3D%7Ctkp%3ABk9SR4DegPPAZw,unclear,False,True
BMW F30 LCI LED headlights,BMW F82 M4 LCI Headlight Headlight Assembly Lamp Adaptive LED Left N/S 7476213 (For: BMW),299.95,2026-03-31,Parts only,False,False,https://www.ebay.co.uk/itm/318084196175?fits=Car+Make%3ABMW&_skw=BMW+F30+LCI+adaptive+LED+headlights&itmmeta=01KR3K05V09WDJRP5S9APANZQ6&hash=item4a0f4ba74f:g:VwUAAeSw9w5py2y0&itmprp=enc%3AAQALAAABAGfYFPkwiKCW4ZNSs2u11xAL6%2FuRmWXP7JupTzGjk9h2FfwSLhVRaxYKiGbW4FR1Bbyb%2F46KMph5prP7V%2FXElwIZUi9Z3718QLe%2FONbzFA1t55kAtIyEBmVqOlnMAkDXo71ulSFQBQWYV58eL7Pkw9kD%2F6QqUqRjL4RnpoFoBkVMmoFUgZcoONE%2Bo8xxgyOyCEoETfplrfJccrI80BkWAySq9nXb2XgJSpGBJFGGCILyaOoz4LGUxHaLPUpuyKjtJtugGbET318B94y7IfCK%2BKng1pNCh%2BBNWTnbjORx37gmC7EH1M8Se8hpachMDzP%2FLugr%2FTZtJPbpjcaCzUTxfcY%3D%7Ctkp%3ABk9SR4DegPPAZw,single,False,True
BMW F30 LCI LED headlights,BMW F20 F21 Lci 2015-2019 Passenger Side Left LED Headlight 7453521 #097 (For: BMW),629.95,2026-04-01,Pre-owned,False,False,https://www.ebay.co.uk/itm/205825494138?fits=Car+Make%3ABMW&_skw=BMW+F30+LCI+adaptive+LED+headlights&itmmeta=01KR3K05V0AWK9KB58S65PET3Z&hash=item2fec27cc7a:g:cd4AAeSwlWJpCbeW&itmprp=enc%3AAQALAAABAGfYFPkwiKCW4ZNSs2u11xBh6MZSwx8ZjaygO74gwtaR4jsEZNnfW9AyICrjtdmClgl0uKEFT%2FK3cx99gaJkq8ZbqGmCSXLR33MKB7OD5AivnVOVr4IiEuZr%2Bl11e7oWC34rh%2FDizBf8LsifGEpuOixwmucOJSZpj0PiDuOX8zf%2FCq%2FBLDE02R02s%2Ffq6jNE1QJ53t4gDMeq6CcUduLnJG3YFh8xTPJ67Ixz%2BZEbBT9FUTlG%2B3mtxaA33bK41zUQkM3lGe84jXtu1y3nZzgU8pmZ6NqrQL7EzrQprp4XuxR%2F9GoLkgOau5U95BdkHD63kPcvE%2BM3vsqDj3j%2FiR1AgQY%3D%7Ctkp%3ABk9SR4DegPPAZw,single,False,True
BMW F30 LCI LED headlights,For BMW 3 SERIES F30 F31 12-15 PRE LCI O/S RIGHT DRIVER SIDE R XENON HEADLIGHT (For: BMW),249.0,2026-05-08,Pre-owned,False,False,https://www.ebay.co.uk/itm/318259966912?fits=Car+Make%3ABMW&_skw=BMW+F30+LCI+adaptive+LED+headlights&epid=15041386026&itmmeta=01KR3K05V1GX14Y430AVHJ1K5D&hash=item4a19c5b3c0:g:6FIAAeSwhPFp4eWQ&itmprp=enc%3AAQALAAABAGfYFPkwiKCW4ZNSs2u11xDmyct7q5jDJQztla4Y%2FfBLV%2F1Az9%2FZM6pG9ijwVK2A%2B2xVq0%2BrVg4TgSb9AJVZTeNyQ%2F1uLYbwy5ugzFEI5ROEEwnPsUTthHCZjaG1IH%2Fjy1N4QKGLUHXyJ98FhnoFiFLKMHTEaSGWHybXEB%2FfFu1Fv8KSlSegkC5vpkNiTcyYStR9zzGLcAqsF1W8y6Vli59g1nsDVIW82tvwWjSBrwoN6I4%2Bz4src7%2BmNdORWzlnOMcCIT004uJEpGqsfG6e85xnjpJZjNV6QUwmrPfsgA8MPK0nxlKtmRMfT%2BFt0LIUOwLjy20uvHot5u1CyQfCAso%3D%7Ctkp%3ABk9SR4DegPPAZw,single,False,True
BMW F30 LCI LED headlights,BMW 15-19 3 SERIES F30 F31 LCI LED DRIVER SIDE HEADLIGHT - Seal Damaged,104.7,2026-03-28,Pre-owned,False,False,https://www.ebay.co.uk/itm/156312893931?_skw=BMW+F30+LCI+adaptive+LED+headlights&itmmeta=01KR3K05V1C2HB9GHJEG6X96QH&hash=item2464f979eb:g:vF4AAOSwZotmm31V&itmprp=enc%3AAQALAAAA4GfYFPkwiKCW4ZNSs2u11xCLPdR7u%2Bz4lg7PekeRx1Nkwf7JcJuzPpMKrGtkzuuGRHv6kUe5KfnczKDGwVYdYWvNE8m%2FcUVr%2BHV3UvCQdiVF%2BScntyf%2F6e3INo6U%2BB%2BLE%2BFW5u4eflu3tXsiz%2F4fySJjb7lO%2BgDGjwrW7v4dY02bGh6gom7yE446wna0SgNsCkJz43%2BXDzsxcRrI811%2FhNFj6w5W7VYkxZ2MVKYhBz250gt%2FQGqiyOiOnBsCdgAbb9H2Ux97tXEHSF8SKETgfemXjmnH0MScg%2BZGwwDaHAWs%7Ctkp%3ABk9SR4DegPPAZw,single,False,True
BMW F30 LCI LED headlights,BMW 3 SERIES F30 F31 F80 LCI LED HEADLIGHT RIGHT/DRIVER/OFF SIDE GENUINE 7419632 (For: BMW),475.0,2026-04-25,Pre-owned,False,False,https://www.ebay.co.uk/itm/366167172162?fits=Car+Make%3ABMW&_skw=BMW+F30+LCI+adaptive+LED+headlights&itmmeta=01KR3K05V1F3RMT6EK5PWD9RYX&hash=item554143a442:g:eeIAAeSwIJ5pA0fK&itmprp=enc%3AAQALAAAA4GfYFPkwiKCW4ZNSs2u11xC0pSfWweoh7qVTd5AjmsIDdZdyW9557TDki6Qm2lJnGdc476wka3cavLKTwOol6roC64wT%2Bf95rMloOeyab2zRkftpTmP3bOHoJtfKizjdL1tQ4OQh938iwK2vyv0tFXUJ1V6gBqd7E9ZGwIIXRaG2AWrtxc%2FdHU00CE2nLoJlAy1pNTJViVhP7Pc1HmdoOpxbcCW7vj1WPUf%2BiKQMSTstC5TW6c6lXqN1gYEe%2Buno9dbmlRTyeeQtZ6XRgsGrfv2M72S93H1ML0D4a8xNxeaE%7Ctkp%3ABk9SR4DegPPAZw,single,False,True
BMW F30 LCI LED headlights,For BMW 3 Series F30 F31 15-18 Full LED Headlight Headlamp L+R Side 63117419631 (For: BMW),387.99,2026-02-08,Brand new,False,False,https://www.ebay.co.uk/itm/317106473974?fits=Car+Make%3ABMW&_skw=BMW+F30+LCI+adaptive+LED+headlights&itmmeta=01KR3K05V1BECGKMHEEWV4S24K&hash=item49d504cbf6:g:vU0AAOSwPIBlUeYm&itmprp=enc%3AAQALAAABAGfYFPkwiKCW4ZNSs2u11xDwrxoxs5gygAoRlPR1TltoRY1wOj0LxqA%2ByczYH7Kw0wRc1hTDqG3uT4gJ%2B6nVEXQ8MZcw1iAmYAhHdwYXgdPT138Tp9YCJwtxeF3IAW9WQQQoFMV0SUzaq35XVOmOSXNxNKKUkmYsiRVGt%2FEuys46sLX%2Fau1TnuzW7xLtoZ88qgGMTNat5PKhZ4mHrt9D0ri9ZhNUdeL4oi9b0UF8wUOx%2BgL%2F3P67We75yDuMD3x2gMEaXgWUgwAI8VYwfsvurUIAjw3Gpv9XoWhFIkk%2BB8zxuaDS7gXkP94wAsQbSMYTKtg7DUdxUiArZAo86dVKv6M%3D%7Ctkp%3ABk9SR4DegPPAZw,unclear,False,True
BMW F30 LCI LED headlights,GENUINE BMW 1 Series F20 F21 LCI Hella Adaptive AHL LED Headlight Right 2015-19,774.99,2026-04-19,Brand new,False,False,https://www.ebay.co.uk/itm/256410348925?_skw=BMW+F30+LCI+adaptive+LED+headlights&epid=27041553879&itmmeta=01KR3K05V17BCN4HRQY2W4X09S&hash=item3bb33f6d7d:g:GGYAAeSwlXFpsDyc&itmprp=enc%3AAQALAAABAGfYFPkwiKCW4ZNSs2u11xAew%2BOvgs5Z79XE565n%2BvJ%2F0IKttskJ9%2BA42lozaA44NySwqW6zknJnhqUWqTrRpUxqzJPBIPFq%2Byu7HjK1iv8ndvWZz4OFfZdYJSmcex65FokWNYmBx5pSzct6XV5xXY5F0fF7ZkSRljuxH9bkj2nIlOT8ZJ0RlUIzXRX45VH7CPtI3MWbng38PXapdeDiHetRUmNRpMDpPdzEa73Zfa6t3B2RL26IC05yU%2BtMT057E%2BiOSmbSWJCKNi0woCr3APIfZgxRXpXB2O6T5OR976W4JefrzPHXyo7OKTy1vDN%2F1vP6cx%2BdSPoB%2F3mJk2aYQXk%3D%7Ctkp%3ABk9SR4DegPPAZw,single,False,True
BMW F30 LCI LED headlights,BMW F20 F21 Pre LCI HeadLight Adaptive Xenon Drivers Side Offside 7229694,475.0,2026-03-27,Pre-owned,False,False,https://www.ebay.co.uk/itm/147108975502?_skw=BMW+F30+LCI+adaptive+LED+headlights&itmmeta=01KR3K05V15K5PDZ2YZTE1PE4R&hash=item224060d38e:g:TvsAAeSwy7FpcjbC&itmprp=enc%3AAQALAAABAGfYFPkwiKCW4ZNSs2u11xDenMXk6MK%2F6yajuUOv2lvhcgBNFOe3%2FSpifGeExTdew%2Fn6tyl5cuyaZc%2FH0Mi%2BvoO1G1EOy6Gzi3tSJ%2FtGMxa8MSV%2FnHrqF0Ywx3DJPYeKN3lutW7NcWVcwQaqZEghYi7H4SW5Mpr6guGgrFjSjkCr9SAms13%2BGBpX8FivPiDIg3UDGRZJdk7LgconCDrERHxMCqjgP7aHD1FSCK9IrVR%2BvaaZPeuvtdORuNwj17QZh9R%2F080nEzuokxWUnT0Gv0NQ7Suf2jPqv80wfPMh9SI6cyTC6l2ucWcMS9CdW3yA1tCRKQkfUnLJCQ3llpYyVRQ%3D%7Ctkp%3ABk9SR4DegPPAZw,single,False,True
BMW F30 LCI LED headlights,FOR BMW 3 Series F30 F31 LCI LED Passenger Headlight Lens 2016-2019 LEFT (For: BMW),43.62,2026-04-16,Brand new,False,False,https://www.ebay.co.uk/itm/227252380910?fits=Car+Make%3ABMW&_skw=BMW+F30+LCI+adaptive+LED+headlights&itmmeta=01KR3K05V1JBTC9F906QZ875DM&hash=item34e94c24ee:g:KcoAAeSwezhpsoqS&itmprp=enc%3AAQALAAAA4GfYFPkwiKCW4ZNSs2u11xDhnPFsM4FBZO1ILeruTPvRhM3D45zhQH8oUXmmS5Xnk7Pfuflmq3xyIiLgYFNosZ8Hj%2BJwuJiW63ikFFdPALB9TZFWVtzjJJh9WJkHPI%2BFlT6%2FOunUGgRuHsyZI7OGOCbfVz80wFfxVGbUKCNqla99uHzZJShXsvLaqpXH5yVwvjJ7%2FGZ6z40TwyS1GP%2BYWL%2Ftt5gsJrjuchpj4OYyq%2Ba0HL1T7gydzzpUJUOfWDFK8uuTy8avLU0urJxBDbu4rq%2FqwKmYHyucy0BHZr%2FQ%2BrJB%7Ctkp%3ABk9SR4LegPPAZw,single,False,True
BMW F30 LCI LED headlights,Genuine BMW F20 1 Series LCI Drivers LED Headlight 7358394,182.7,2026-04-13,Pre-owned,False,False,https://www.ebay.co.uk/itm/257443950697?_skw=BMW+F30+LCI+adaptive+LED+headlights&itmmeta=01KR3K05V1NTFPPK5SG3TC5PNA&hash=item3bf0daf069:g:430AAeSwE9dpx-PK&itmprp=enc%3AAQALAAAA4GfYFPkwiKCW4ZNSs2u11xDa9V%2BpvRST%2BgEdp2g6gkCmnzdULaCduINGQENFZmvtzhsC82gbw6GoPFFbJglgn8lthvTPs%2B%2BDaqTmkFxrC8sSmYomVjMUm50OwUc7ZG6RSfKlvPwLeVo6haJhnQV1qXVjCl2gHo6%2FObHLlGqod69YBUvvKMBMvoLqy15cly2IzcNk%2FiRH13IboRnAgqyfZaqrfRRSQlkMOyIt9lgjdL9ep1YFOcejvCK%2FMqJDX1So7NooLymAMarnIZTG4AqJsD2ZpFYwSv%2FGb3Vq9N%2B9bSst%7Ctkp%3ABk9SR4LegPPAZw,unclear,False,True
BMW F30 LCI LED headlights,GENUINE BMW 4 SERIES F32 LCI LED LEFT HEADLIGHT 7498913-01 *EXCELLENT CONDITION*,400.0,2026-04-27,Pre-owned,False,False,https://www.ebay.co.uk/itm/318154538338?_skw=BMW+F30+LCI+adaptive+LED+headlights&itmmeta=01KR3K05V10XTGJY85E93EMHXS&hash=item4a137cfd62:g:4zkAAeSwEDFpWaFO&itmprp=enc%3AAQALAAAA4GfYFPkwiKCW4ZNSs2u11xAyq0y8GUPKUXka7PMqTJwy16iJbJ%2FEByKTDUltxSb46e6At1Z2KMR89yX1BlbH%2BKvXYTYb0AV7B1rk2mvqf0Oqg5HKN4KrNKdKRG33VqRJq0YTNYIJu3MmZjM%2BFEmYqcWrbOzPZG2DdHCMKK679O1dpbi3c9JFkq9RsL%2FkBoEcLtEIV4RN28swfhKFr4RppT7aiItTJCMTb2W0rXJMnN501%2Bh60koUUCqFvfCWugMZ46Qlv7HteA9igejuKd3fM4oE9eVLknWApHIMouLgy0EK%7Ctkp%3ABk9SR4LegPPAZw,single,False,True
BMW F30 LCI LED headlights,BMW 3 Series F30 F31 2012-18 RHD LED Headlights Lamps Plug&Play 320 25 30 35 40,999.95,2026-03-22,Brand new,False,False,https://www.ebay.co.uk/itm/334798587089?_skw=BMW+F30+LCI+adaptive+LED+headlights&itmmeta=01KR3K05V1PYBSKHYVCTRCVWNB&hash=item4df38d04d1:g:RcQAAOSw861mPVOP&itmprp=enc%3AAQALAAAA4GfYFPkwiKCW4ZNSs2u11xDU5dpKQKFNCce3XZu3dk4AlxJ6zDzb%2FIFEX294IUVsWUK1CTs%2FW4PBuSo%2F7ydTfDh8XI2K%2FSsvF6w4Ip17t0jM2IWiSiSeaTQKo2ZFYPHdyBwp4XXgul4kvk8YwOfgQh8ekUObvuuPW27YJrN8JS4hXxRmF4SO9%2BcIzxJ7YwOIQfOOJnwoO%2B6yAU6%2FC%2F1h9%2Bpb35pwwXZJlounBePqIWmi6DXR6iw3NfwrcozLhqJjNj3sfB6GtC0TFswfduQmHl4FH2a8G10%2FI5UzivzfcAx%2F%7Ctkp%3ABk9SR4LegPPAZw,unclear,False,True
BMW F30 LCI LED headlights,Red Angel Eyes DRL PCB For BMW F30 F31 LCI LED 2014-17 7419615 (For: BMW),40.25,2026-04-02,Brand new,False,False,https://www.ebay.co.uk/itm/306766169384?fits=Car+Make%3ABMW&_skw=BMW+F30+LCI+adaptive+LED+headlights&itmmeta=01KR3K05V14G4BGSXSY9X4E1JJ&hash=item476cb04528:g:S-EAAeSwhFFp0kii&itmprp=enc%3AAQALAAAA4GfYFPkwiKCW4ZNSs2u11xCwxXfUw03D9Qf%2BlZunwVeP%2Fug1APQLtV49KnT4QxT2FunyblTSazrfDFLA9TVYY1VyZi1pqBThpAiGzhoXQhQM0GINXwUyjzKe429Njqc5ZDwyxsqh8zHmLHE6F4AN2moMW37UNIcfM9icam65HxYCqXBph8R7vdIo6FDtddZojzrAHdxmSo9nmpZ7UVnUDcTLcj6sw8z5oNuEFlcq7YOlJbf7mwkkltB%2Fc4VmEvN43bkyMMZ%2F2Xn6vGsxTP6d4aHVnM7BMsMI2aEBOiAvFUR3%7Ctkp%3ABk9SR4LegPPAZw,unclear,False,False
BMW F30 LCI LED headlights,BMW 3 SERIES F30/31 LCI 2015-19 FRONT RIGHT DRIVER LED HEADLIGHT 7471308-03,125.0,2026-05-01,Parts only,False,False,https://www.ebay.co.uk/itm/366342207307?_skw=BMW+F30+LCI+adaptive+LED+headlights&itmmeta=01KR3K05V16FQ1ZJNJTX590T31&hash=item554bb2774b:g:kJ4AAeSwpzNp2LYF&itmprp=enc%3AAQALAAABAGfYFPkwiKCW4ZNSs2u11xA5bbkx1RP6QhAP8IezOSZEQUCSvLTxR8jus8DGFR0VwXJP%2F9YuOslk9XBJLqAXt6CISklqqHAXgmUsOZt5YFo82hVK8cbBAQqmpuqlZm%2Bo5KXGAuzffVCDBQ2lpc13z92LqoOoVN3OymZnIPftHFVdezBl0xxj1hI4mfegX%2BVhsT%2F6VTBt8MLj5JMjz9Jsz9p%2Bf3eo0BQqBRruA2lEjZAhOa3DXaqVGfqs5lxBLfOuwcwVJ7eRjFVytb2z88ngpJwGh4ylG7rEHUb2QoXjPAfg1WzncPsUTZGC1gnS%2B26mRtPaHsO5aq4tVXxcJ5jFJFY%3D%7Ctkp%3ABk9SR4LegPPAZw,single,False,True
BMW F30 LCI LED headlights,BMW 3 SERIES F30 F31 LCI LED HEADLIGHT LEFT/PASSENGER/NEAR SIDE GENUINE 7453483,255.0,2026-03-25,Pre-owned,False,False,https://www.ebay.co.uk/itm/366159956401?_skw=BMW+F30+LCI+adaptive+LED+headlights&itmmeta=01KR3K05V11BHVK9HRHW2245NN&hash=item5540d589b1:g:tskAAeSwHlhpe36G&itmprp=enc%3AAQALAAAA4GfYFPkwiKCW4ZNSs2u11xBDAb7jV4zCQixt77SIm0d8TyKutiNM5TALs8cIH9p8lADQ5Bxl6nqhQo5C4WOjlR2P23rONTLHpvBzI8Uq4CuLqpawoqDdIRJx6WQvgW7t9uNAeQn%2FSQwBCmNnXHkI4B7FBjFfJrCN592V9X7jkhK3KHxq%2BRdZOH70tulQTTehkHodT4dBdeU5bsj1FrPlhca3v7UbFFcgBpTYvYuQOxbb9GAxUuoTm32Z01phkKfQWPvOfNCFtRp5jcA2yYvZVtrng%2BmxD7YybBnNexczsBr4%7Ctkp%3ABk9SR4LegPPAZw,single,False,True
BMW F30 LCI LED headlights,BMW 3 SERIES F30 F31 F80 LCI SHADOW EDITION LED HEADLIGHT LEFT SIDE OEM 8492471 (For: BMW),475.0,2026-03-05,Pre-owned,False,False,https://www.ebay.co.uk/itm/366167172143?fits=Car+Make%3ABMW&_skw=BMW+F30+LCI+adaptive+LED+headlights&itmmeta=01KR3K05V10H63J9RDFJW89H0J&hash=item554143a42f:g:K0kAAeSwjPVpCCOl&itmprp=enc%3AAQALAAAA4GfYFPkwiKCW4ZNSs2u11xB3bLcnElDPav%2FhQQ8y39s1bvq2Q1uLzBpG2vafatf0jW8dznbOq4yqBQDb6IcLQWUJpzZWzdytDjjnrHhuJfUhsCbJOY4HYqdqxTdp5N9Z7W4KJ9kVvd58i0B8hpECv9ubrJ4LqWmPjiyxk736Ntx4RfQA9dW%2BrP7PEplhdoceePpZhSdEzQWEgzmUZs%2Fy3cx8UXDsRwFoOCyhz2Zk7I%2FQrLoCyPUqEC6gM5bGGU%2BM0oNFrJ2%2Fc1kHbfGDkhNRRVUp9Ej8cV%2BA%2B5U0Y7h%2B4r0d%7Ctkp%3ABk9SR4LegPPAZw,single,False,True
BMW F30 LCI LED headlights,Headlamp BMW 1 Series F20 LCI 2015-20 Headlight Halogen LED DRL Drivers Side (For: BMW),204.99,2026-04-06,Brand new,False,False,https://www.ebay.co.uk/itm/405345004211?fits=Car+Make%3ABMW&_skw=BMW+F30+LCI+adaptive+LED+headlights&itmmeta=01KR3K05V1FAGS45YZ18WBCWQQ&hash=item5e6071eab3:g:L8cAAeSwuBlotsRJ&itmprp=enc%3AAQALAAABAGfYFPkwiKCW4ZNSs2u11xAAwklINlgceTSQA72GWDaY5RHCVeAjZCvlWTtdJzhlcDlvCF6lCG40vrOWyBosN%2FHLO8XxcVSV%2FEm%2F5bf2dAfD%2BmUBZ8Cohd247E3Hmdj2XV7Rgc6zmtHsJ5zL1JaelmFcSemm1H%2Bt8Whhs6ZmNwl9QlVX9JJwUEq3GBnd1lWUslNeQP82sF05S%2BxLHQfsHuwHo7mKNxq12Uq9Bd%2Bbco2wVkskzz4mkC%2B7c3DgFUIJ8tyuOb9XrWArMZU5RQgZWuxxUss8LDjTPWKS%2FU4PMGt1%2F3m6FdTqdfaidHNjiT%2BvujSgXA6p3kemBkolcSaebro%3D%7Ctkp%3ABk9SR4LegPPAZw,unclear,False,True
BMW F30 LCI LED headlights,Angel Eye Headlights BMW 3 Series F30 2011-2015 LED DRL Halo Upgrade Chrome Type,444.95,2026-04-01,Brand new,False,False,https://www.ebay.co.uk/itm/274526610555?_skw=BMW+F30+LCI+adaptive+LED+headlights&itmmeta=01KR3K05V1SYNEWV3PGP04K955&hash=item3feb0fa47b:g:mu4AAeSwA0BpEbzi&itmprp=enc%3AAQALAAABAGfYFPkwiKCW4ZNSs2u11xCCKNVo1cBASy%2FLZoJMaRRxK0QJnZrm1QUpxSHmrm%2BmozvoCK0ZkVzK4OTAhPy%2FgyfEjPD4YfidzqQq98xCO8HzlAvPVpg%2BSkWg%2FfRnTNWvDo64YgR%2FV7rU0sGl4GrlRhlDxEsRFlFFjSYYKi56ewyz5EdX6MQtCtk9M66XXsTkmJR9fV2eM5EaP0Bwao9ZpCRIpL08am93pUcL5gM%2BVYsASg1MZTqQZFuzZsXJprGi89R29XgXooNzFyHs1tDjRGUr%2B9hSMCJ0Ia6S1Wcl%2BRBq6kIvfG6%2FIHDEGfAAa8Cdx8j7ajEJN6qCgOqQpgwyUBM%3D%7Ctkp%3ABk9SR4LegPPAZw,unclear,False,True
BMW F30 LCI LED headlights,BMW 1 SERIES F20 F21 LCI LEFT PASSENGER SIDE LED SHADOW HEADLIGHT 2015-2019,480.0,2026-02-24,Pre-owned,False,False,https://www.ebay.co.uk/itm/406695853958?_skw=BMW+F30+LCI+adaptive+LED+headlights&itmmeta=01KR3K05V16Y2036EQFJV5RM46&hash=item5eb0f63f86:g:FuEAAeSw9Q5pj5qT&itmprp=enc%3AAQALAAABAGfYFPkwiKCW4ZNSs2u11xC8pw5ZOYqh7JSk%2FHiequ%2Fv538aPINsnU2ZMBfNWGR1wsp%2BqwuuBO9fA6FFjc4XUzTCCl%2BzNvYyduHupQEjMudqTS8xyP0iCbm0vD1N2fKvqxsJIPTKUhWeMHh57Cd5HSzXo7ZGfkjAzCP3BRYBVUSFJLyPKmYr%2BhWDLruqRTRfcCzOJW55S0rSracy2%2BPXCEnme8mmK5nzsVWWZag52HNyi1yRn8dUP7y%2FrV0kd5%2B7pRKVqUGT%2F7IdNNW10kEkYUJwQlLvcS6nPcNIDdtjF358%2FaYLsfaGhTWY7%2BYF6ztyXbKZg5nD3RFNHEkjy1LBNfw%3D%7Ctkp%3ABk9SR4LegPPAZw,single,False,True
BMW F30 LCI LED headlights,BMW IKON HEADLIGHTS V2 LCI 4 SERIES F32 F36 M3 M4 WHITE+YELLOW,625.0,2026-04-30,Brand new,False,False,https://www.ebay.co.uk/itm/236401336464?_skw=BMW+F30+LCI+adaptive+LED+headlights&itmmeta=01KR3K05V1NGHRWHS7654XF0NV&hash=item370a9e2090:g:-BYAAeSwfWJpPZGu&itmprp=enc%3AAQALAAAA4GfYFPkwiKCW4ZNSs2u11xAG3dDSnhN6AT3Iwcw%2FCs%2BmpIzTDmKFsBEdIENLt3Pw8uqHEXzWN%2BtqP7W06acvrBvkX9%2F1jAx1pIIvOod8XGM%2BPRThbo844uK79YTHVV0QCHwhal2Wicmw2sfBCMpzxjM%2BcG94tuU5wubRmVZaKjzb63ROAPGomExqrFxBtKBjncxNT9DHlvto64sGBsYZapvnkMlPCwEUXAbMMbECszBS6cotEtOfpxX0maX8q9NUJVGqyKes2AujSv9cN60MlQlf8tXJwsgFLdiMI8VFtxFq%7Ctkp%3ABk9SR4LegPPAZw,unclear,False,True
BMW F30 LCI LED headlights,BMW 1 SERIES F20 F21 LCI SHADOW EDI COMPLETE LED RIGHT SIDE HEADLIGHT 8739573,570.0,2026-03-31,Pre-owned,False,False,https://www.ebay.co.uk/itm/327025477082?_skw=BMW+F30+LCI+adaptive+LED+headlights&itmmeta=01KR3K05V2RAS9S50GGWT0FAD7&hash=item4c243cc5da:g:r28AAeSwUFhppWka&itmprp=enc%3AAQALAAABAGfYFPkwiKCW4ZNSs2u11xCGNOt%2FG7cJmS5vUpJg2qjEcSTXr8gJzl5omKHIBITPYSLuLdexAvBC3dK3I0ZS5v4V9wGLoje5SL68ZCQ10jnmZHDfP4sHBy2YNMmGAfoN1hE2lhg9KLd8xdWxh74lUyB1IvXYwHrwFNzGTJMVx6gyNCLUKRo6iMeKlj9BOm5W%2B6TNaqGw2kPtK4B7Kh5F0%2Fn3ALsW62HdPNNui%2FHhXaAs1cGdE%2F28q9pB8DtanMkoCY%2FJqHTtqwWd6tsdq%2BMGFl%2BP8D0%2FWqvmQ1TLpnT%2FLCkojxO6GC4z3xA9fP4NFcKCgmBQnIjImn2oxNyC1ULS7G0%3D%7Ctkp%3ABk9SR4LegPPAZw,pair,False,True
BMW F30 LCI LED headlights,BMW F30/F31 3 Series N/S Left Halogen Headlight #7259539,84.99,2026-04-14,Pre-owned,False,False,https://www.ebay.co.uk/itm/267618616091?_skw=BMW+F30+LCI+adaptive+LED+headlights&itmmeta=01KR3K05V2ZG29NCW1VKGQ5K5H&hash=item3e4f50031b:g:a6sAAeSwsSFpwrxR&itmprp=enc%3AAQALAAAA4GfYFPkwiKCW4ZNSs2u11xAkktvbu6t07eMz7FMsKXaxLcT3pCqgr%2FWgq%2BEQlHUagUcEUnGwUgXgnL798n9uNEP3YgXZicvnrdY%2FxAzjaMgwoRUwVq9gHte%2BEI2rvgwIgxlR2u6fAgTxE%2Fr4BfUMSzjGveCMIZSO%2Fdhm2kVP5yRf3d6nvetkXDpef3f4G8gBbHeH7pYsIKTr7KAubYSdLH3dDlPlpGUypzDueF%2FrdIHJ3NrRzBgWipSmNWKbcKsT6lnL5RQYEkC1tlodB4P1mXS8dPTd3Zlox0aNU3yATEtd%7Ctkp%3ABk9SR4LegPPAZw,single,False,True
BMW F30 LCI LED headlights,GENUINE BMW 4 SERIES LCI DRIVER SIDE LED OEM HEADLIGHT F32 F33 F36 F80 F82,300.0,2026-03-26,Pre-owned,False,False,https://www.ebay.co.uk/itm/377039075660?_skw=BMW+F30+LCI+adaptive+LED+headlights&itmmeta=01KR3K05V2BVV904V6ZNHKF8CK&hash=item57c947b94c:g:gZ4AAeSwhPZpdkxX&itmprp=enc%3AAQALAAAA4GfYFPkwiKCW4ZNSs2u11xDMv%2B%2BWOYEtHE6OsoJerozN8vF7VLe1eQWwLEEmWGjTNVzkmAeW34X9NaLnI86J0J4ya2cOv2TJyL9XnYXFAqdv8P61VHNwSPNyHpFtwIvIXGs1RYZV9y8hEWau2GNQqDSMm2VAfYpJRIsEzn0tjU7M9XR02ZeYWvD8rF9BFA6LopQIdB%2Bzydu2qyCbdfb6uS%2FCBO2B9i0nzHHvPfkjlCynZGlBVMebi3gt1KCV5vBw%2FefMl1tN11RB9s7xnenhzs2ihAoD6PnN4HrIi8vDYRHd%7Ctkp%3ABk9SR4LegPPAZw,single,False,True
BMW F30 LCI LED headlights set,2X For BMW 3 Series F30 F31 LCI LED Headlight DRL Module Set 63117419610 7419610 (For: BMW),19.99,2026-05-07,Brand new,False,False,https://www.ebay.co.uk/itm/127177638329?fits=Car+Make%3ABMW&_skw=BMW+F30+LCI+LED+headlights+set&itmmeta=01KR3RRT8R7HM1SB7219G2SYDX&hash=item1d9c60c1b9:g:rIEAAOSwX5hoTpJk&itmprp=enc%3AAQALAAABAGfYFPkwiKCW4ZNSs2u11xCw1JMVi4NDXme5hIJq4CqhUl395hiTZBec2U0YRXDVpoeLE6CvlnXwsWBmZtPZ746%2BU1QT28eYuJ4RtWoWiD%2F2sDHQmOQyPhGHVZgXoudsedB9%2FEK7E099LRnGgCd4EfnKVLsodJv8BTjdVXd%2FQnorBTqEVioxJjHKpLiFtiFYe%2FlRFQZaOrHBGaBYhqg93gTtFw93eUcFbkm0JDYiGNhId1pcYdqc4H6V2vpdYwVZLvfWO2ww3%2B3wtHcYBiMCy40G3zkEncEsoHsld4zTc3W9E1T9mC%2FgllhITG2Coaln6An9JKeb38dQBkWygUcKMmE%3D%7Ctkp%3ABk9SR_Sk4_jAZw,pair,False,True
BMW F30 LCI LED headlights set,BMW 3 F30 Headlight Holder Repair Kit 63117419598 2013,67.27,2026-05-02,Brand new,False,False,https://www.ebay.co.uk/itm/147233197170?_skw=BMW+F30+LCI+LED+headlights+set&epid=3019903422&itmmeta=01KR3RRT8RZP7541S6FTFDSFQG&hash=item2247c84c72:g:aksAAOSw14VkGymF&itmprp=enc%3AAQALAAAA4GfYFPkwiKCW4ZNSs2u11xDv0HBCoQvhug3OTp3WSb1dK8W4ASeVOgGI%2BP2cJSSW1kDSqJYrhcj1KusSyLbAVLAZUNdXQzD0NlnroHprYsnBsnzumDCUmRNCtN0iLu7XrdHEmTgXS1V8uLAOGqJFPYtz4QGfMSq7XN8u9A3gtwZKxcGiJLEjYVV2wEfgXYE0Q87VJBLRXtj1roZc6LKSJiJLsHjB1PoRj1CWtU7AIeWoH%2FF2iUqxlP2ApanA3bjGnnbvtGyCh0kVgYgAolYX%2FgFhhGhC1zpQ%2FK3P260z3xZK%7Ctkp%3ABk9SR_Sk4_jAZw,unclear,False,True
BMW F30 LCI LED headlights set,3X For BMW 3 Series F30 F31 LCI LED Headlight DRL Module Set 63117419610 7419610 (For: BMW),28.19,2026-05-02,Brand new,False,False,https://www.ebay.co.uk/itm/317774031982?fits=Car+Make%3ABMW&_skw=BMW+F30+LCI+LED+headlights+set&itmmeta=01KR3RRT8R3V26QPTNBG31HG8E&hash=item49fcceec6e:g:VQkAAeSwyw5pa5Ku&itmprp=enc%3AAQALAAABAGfYFPkwiKCW4ZNSs2u11xD0yTlV3YaFclVX4A%2BBItwl27W%2BqJd%2FeTjrpADsxLC0yJfZ91AxzB8ZtLo7aeUYEE75IiG08PTaCKss1OTty4RMLVAnEKRD3JGlcYUGf8a1xNqUkNloM2mg5i4eiDfWPm8K%2FUrbO%2B2jguyZNrLIjCY%2FIxYV6URxZe8RamuP4ZOemWoEJn5To2SDZ7wfWM0qBDNopn39EJIS3KTbPcPXQnAwp0NGuJubHE6WM80U5TP7V%2BH%2BLO5MTWnaOzYFp66UrMPrQCEoc3HulaSWsUr4wTZjde%2FYPpuVkWhhOgyT8t9zsN1jJ9SnoEpxvMKHY9SDXrQ%3D%7Ctkp%3ABk9SR_Sk4_jAZw,pair,False,True
BMW F30 LCI LED headlights set,LED Headlight DRL Modules Set For BMW 1 Series F20 F21 LCI 63117428425 7428425,28.81,2026-04-30,Brand new,False,False,https://www.ebay.co.uk/itm/389513607457?_skw=BMW+F30+LCI+LED+headlights+set&itmmeta=01KR3RRT8RKYMV4VQ3WN02ANBY&hash=item5ab0d1f921:g:HUcAAeSwYkxpblVH&itmprp=enc%3AAQALAAAA4GfYFPkwiKCW4ZNSs2u11xBHMz6p6%2FkxNIldFsLeeHunqK1BoeJCLYWvQj0F2C%2Bvl0mlhJM%2FjzFF6ivfRv7GnSL8H3%2FrUL6oNF7UCI8VKI1mhyVy5ernz2M4z6Hi6nLqCZd4%2FQyLX1HY2t0yfiICaU68kvUyRIg9W%2BsEdqqL1fk16n3cVIYK453QLnVm9IlahBwyjTn06ez%2BhyH2KPNWIwiX1AMTIi2fZ8JqN0fhzttdVQC%2BC1C6rE8qW8gQPZOul1q8EuWLkFyX924JzwMFQPZjuF1g5XeouwaFlCaqEGWa%7Ctkp%3ABk9SR_Sk4_jAZw,pair,False,True
BMW F30 LCI LED headlights set,BMW 3 Series F30 F31 LCI LED Headlight DRL Modules Set 63117419610 7419610 (For: BMW),40.07,2026-04-29,Brand new,False,False,https://www.ebay.co.uk/itm/256157187276?fits=Car+Make%3ABMW&_skw=BMW+F30+LCI+LED+headlights+set&itmmeta=01KR3RRT8R5E6ZGCWMBJ1AAZ4F&hash=item3ba4287ccc:g:fo4AAOSwNh9lvRly&itmprp=enc%3AAQALAAABAGfYFPkwiKCW4ZNSs2u11xDqWUz%2FPULL%2BEWz4wbAiLMwzXw6lSE7a04tB5%2F8bC3mQlN4BNGjXuhPNmIe7RF8LdrmB8pZ26fZEXqNRgDqfnG9ct0KEz7%2BcVxs5tiVIpdhSUiZLzjHlBIf6kL6poX4KDUg%2BIMcm6uvo6XDGvDVjV%2BE6JuhjKuHPUjuQRR8XgWt5O9p2%2FPAU2n4J%2Byihpg8LFFTtoHLlcffjUtW5NFu%2FJRegnpK4Fz3ws4xnuGuM3HL96tYxRWr%2Bs3iHfb70DOCcfqKM2dBD9R%2B9kZEWOoaovCG%2F9p4i8EbqyJaZ07HxwbAgKxM6GnBdaAmyE%2BtrQ5SkRs%3D%7Ctkp%3ABk9SR_Sk4_jAZw,pair,False,True
BMW F30 LCI LED headlights set,LCI LED Headlight DRL Module Set 63117419610 7419610 For BMW 3 Series F30 F31 UK (For: BMW),18.99,2026-04-06,Brand new,False,False,https://www.ebay.co.uk/itm/157439381181?fits=Car+Make%3ABMW&_skw=BMW+F30+LCI+LED+headlights+set&itmmeta=01KR3RRT8RFFBARKZ7Z8NSYTMP&hash=item24a81e4ebd:g:OMIAAeSwHZZpCadJ&itmprp=enc%3AAQALAAABAGfYFPkwiKCW4ZNSs2u11xANNXQD8Kl27VGi2PMNJf%2FY%2FDpth3LqcCyOOfofDV3mluy%2B27ycBFuFnOXz%2Fx6GwWaBZDXvRloBr4j4F5JKq1Ne1Y1uQhl6FoKwVZxUn0FNTsIy928Du%2BrdFfg3x%2BKRq11RyGyOjdxa2PhktdNFgad8LpRAZCEsPPwuVFnqPIaNVIKJeJN6mPOOZFhOuZ1SgoLyIfxbMNu6LryyBfTMUkwbxn6ov213c3IFGp7V5ftUQU5w0L7yO4ss5dhcPxjoHXOlLmcbrQUSwAzuz2Ly0pr9CSPYpMAHolwLBu5r8%2BuODcDGqNGgnfVJnzJ7zZLjUC4%3D%7Ctkp%3ABk9SR_Sk4_jAZw,pair,False,True
BMW F30 LCI LED headlights set,For BMW 3 Series F30 F31 LCI LED Headlight DRL Modules Set 63117419610 7419610 (For: BMW),19.99,2026-04-08,Brand new,False,False,https://www.ebay.co.uk/itm/177709494017?fits=Car+Make%3ABMW&_skw=BMW+F30+LCI+LED+headlights+set&itmmeta=01KR3RRT8RFF25TWHSXN2HXVDJ&hash=item29604faf01:g:KOoAAeSwyPRpTVzK&itmprp=enc%3AAQALAAAA4GfYFPkwiKCW4ZNSs2u11xDclr44U3EGfV1y%2FnyW6Mf7ekBYng7Ht4HOIMHs5a9T02GZ88WLaPBz1ne7UUrgx8MRFz5xQMJliwwfHjE9qEKk4MazicyCZ45Mslt9lrED1FpumBiYBgPDFhloF%2BbIBKSmm%2FSXNID7IINI2WipB3K9ivNeg7X8LiuMGWmmNTg4%2Fu9zzWS6pXKrNPaPMyqcJnwFPLqhQLUxGScmcVYvfn8dtzfC88JJ%2FXb5U98oacRl3E7eIC4jC4Yk6qlLqtjO3jHLTxrD9WR24z85C7kNFert%7Ctkp%3ABk9SR_Sk4_jAZw,pair,False,True
BMW F30 LCI LED headlights set,BMW 3 SERIES F30 F31 LCI GENUINE SET OF HEADLIGHT HOLDER REPAIR KIT 63117419598,68.3,2026-04-06,Brand new,False,False,https://www.ebay.co.uk/itm/197165940748?_skw=BMW+F30+LCI+LED+headlights+set&epid=3019903422&itmmeta=01KR3RRT8S0MT1M0HQ3D31SCXX&hash=item2de801800c:g:QHAAAeSwcfJn6xkW&itmprp=enc%3AAQALAAABAGfYFPkwiKCW4ZNSs2u11xC5NI%2BxwWNmf0L4QhuiGX0eU0DRn%2FF0Q8mMF%2FwPEv1NxDYg0AHB0kwpeI8K%2FojJDHV5rivLsHrfB2JGHAUeVHjJpWOsC2NXnHCT2HmDbd6Ta01iBRF4qu6CufS9WlUhkO8U74UqPjzVIcjUd4dkdo0yVeX9pXhWnJ0AKTyrb%2BQuoRH6obC%2B5FwbUEamtGyREQC7KzEoUQOy34q8TBqGfLInuWnb3Y4XD38wgzKvytx2TxpvpYew6QObC2qzHD3yxosSD9XdI%2F0pPH2oORIfzae4CJN1fBujGTFRy7Cw8VD%2FHx983E5OR92FuF7d8PWoJZc%3D%7Ctkp%3ABk9SR_Sk4_jAZw,pair,False,True
BMW F30 LCI LED headlights set,63117419610 7419610 For BMW 3 Series F30 F31 LCI LED Headlight DRL Modules Set (For: BMW),22.09,2026-04-03,Brand new,False,False,https://www.ebay.co.uk/itm/355930920776?fits=Car+Make%3ABMW&_skw=BMW+F30+LCI+LED+headlights+set&itmmeta=01KR3RRT8SNQNAGAC1RJ9T0AV6&hash=item52df22d748:g:llcAAOSwpD9mseaK&itmprp=enc%3AAQALAAAA4GfYFPkwiKCW4ZNSs2u11xAQkA0VGdXAaexUB9b6GjZjppxY35NLgcVQ%2BFPj3FU3C3OrtxuLBmgNM0q6srVCNM5JRd0mOXe%2Ft4fe3YJ%2BLGInu%2BMB1gU0Yc8kk2agu%2BKy%2FeuYUgi4l4M5EPOPbVpq1IN%2BcRysJSKdJWa9I5QfmKTjb9GpGPgfYF6ljyXXEmks6%2FmyEeZgZT5KGpkMq%2Fj%2BQvuv2%2FhgAgYYKlx32l6ggZ7CGr8H2fxoezNWUPzvbvb5wvhfH%2BBTmRkIE%2BdAMpISvmG8%2B8tVJSavdTUEJ0fgp1QG%7Ctkp%3ABk9SR_Sk4_jAZw,pair,False,True
BMW F30 LCI LED headlights set,3x For BMW 3 Series F30 F31 LCI LED Headlight DRL Control Module Set 63117419610 (For: BMW),27.99,2026-04-02,Brand new,False,False,https://www.ebay.co.uk/itm/389811993041?fits=Car+Make%3ABMW&_skw=BMW+F30+LCI+LED+headlights+set&itmmeta=01KR3RRT8STKYQ95WKTDMERJNA&hash=item5ac29af9d1:g:CLIAAeSw63Bpx~pV&itmprp=enc%3AAQALAAABAGfYFPkwiKCW4ZNSs2u11xA3FXtVVIrfeYJoDuYthJUMGEimhHDeRJl%2FVs%2Bnu9ejygyijDfE57IB5JShQLucvNwau7vXJshNqJGZv%2FKRaH8mHEsDdRX835LXt42oorinJVd5uZCF1Nu%2BL2q039JQnju1hMCmrT%2BxBbHubXL4oawBHH1Rrqs4bLy9qvD2yghHipOO%2FlEG3ifmqDFn4pxW66cHuUwbogAaLsUfoKBA%2BJkWhCr6jzuA0y3dodfY5oAyLZGx8U3WLwpiHiH8NiRAvJg8SZFPkcaJo1g8HcIYwz1CuJHC6XYdZb5FGleRbZAaUBzMlI56t3%2Bd2UVvfrWKhjU%3D%7Ctkp%3ABk9SR_Sk4_jAZw,pair,False,True
BMW F30 LCI LED headlights set,Uk For BMW 3 Series F30 F31 LCI LED Headlight DRL Module Set 63117419610 7419610 (For: BMW),27.99,2026-03-26,Brand new,False,False,https://www.ebay.co.uk/itm/365694212239?fits=Car+Make%3ABMW&_skw=BMW+F30+LCI+LED+headlights+set&itmmeta=01KR3RRT8SKJ1HAEB34KPRWDAK&hash=item552512d88f:g:xHYAAOSwTY5oXQQG&itmprp=enc%3AAQALAAABAGfYFPkwiKCW4ZNSs2u11xCkj1OsviJ1%2Ba%2F6epcY3kllJbxrJegR9XRgVVHqcvmlKzUd23WLmoLj4suazmat2Tj5VZL%2Be1TqDfKst2xGnJmzcDtN16RVeRW26S6qjZ534oFf805CqCx%2FJ5pJsmwP656lgRZ7tTHluCFNZKkwbJNxmivWU8kT8zYXGQtr4Ho1IDeyoMM3FHhSwIjwlH7qDP%2FjCqV%2FtocaZl3HVeEslsZ8wSjBs75a8aVzQt7B2QqIcAXmjAiH3%2BcVBf%2FqhEFY9eCsolItUOwD9kdSV87uBVtU45QEkPV3ptQ5DBATHm8oEXGsfrTyjYS3kvjyT0BKya0%3D%7Ctkp%3ABk9SR_Sk4_jAZw,pair,False,True
BMW F30 LCI LED headlights set,BMW Genuine Headlight Headlamp LED Modules Set Fits F30 LCI F31 LCI 63117419615 (For: BMW),100.99,2026-03-26,Brand new,False,False,https://www.ebay.co.uk/itm/185591971478?fits=Car+Make%3ABMW&_skw=BMW+F30+LCI+LED+headlights+set&epid=10056683322&itmmeta=01KR3RRT8STFW25KJKXF502PS7&hash=item2b3624be96:g:iw0AAOSwWvBk42~j&itmprp=enc%3AAQALAAAA4GfYFPkwiKCW4ZNSs2u11xDK3eDJ9gm9CagAI27tdARMDFZgkVB4fJoQHFcX0MA77m8fQS1YrKBJwNJR6L8dNaChwZrsA8wodU7jNoLQ0oMo6MYpDVOFTgEKEkrrQirSi1bM2JxRLLAEcRKfgbOGCxBtszrM76tSAe8JcUx9vHIHp%2BVygxNJr47BhQNhc%2B%2FMvxaGmxFu1E5Zsrc3X8vVYCfkUmDGo9%2Fhsve4fVCGLAq43xiHzbIm2RNAku3Ncgk0pamFBalehdmQSxP0jKZgPGKwrnHCiZc2ceCNe5OjZFk0%7Ctkp%3ABk9SR_Sk4_jAZw,pair,False,True
BMW F30 LCI LED headlights set,LED HEADLIGHT DRL CONTROL MODULE SET LEFT FOR BMW F30 F31 LCI 3 SERIES 2016-2018 (For: BMW),145.0,2026-03-10,Pre-owned,False,False,https://www.ebay.co.uk/itm/405860156170?fits=Car+Make%3ABMW&_skw=BMW+F30+LCI+LED+headlights+set&itmmeta=01KR3RRT8SYDXWE2DN4FB94ZEM&hash=item5e7f26830a:g:JisAAOSwIvVoIauV&itmprp=enc%3AAQALAAAA4GfYFPkwiKCW4ZNSs2u11xD%2BrTum7oeRBeMH3J0goWEj3gC%2Fl9fMo5iLAtZRtZd8NWd6PcmwDsU1ZpmEwQw6H1Vhf6Bs%2FF6e6QHdk3j82mTpKlwJhFi3p0Ncr4bEPOePIaxhOedCCGp3597yTu%2FZBDT5u0un%2BoW5qhItRO9E%2FAJljWDjjyc7EO434cpxmTW5z%2B1Tyk33EnYeeDOO%2FRgvfZBME9WRf6BIwHeMz2sSqfpqEo8Yr6uDkba0kvA%2BbzPTYCxDP6B0DJ9IoaIaNQQ4PnKu2ZqrhxJaZdnChLFZvUTP%7Ctkp%3ABk9SR_Sk4_jAZw,pair,False,True
BMW F30 LCI LED headlights set,BMW 3 Series F30 F31 LCI 15-19 LED Headlight DRL Modules Set 63117419610 7419610,39.95,2026-02-13,Brand new,False,False,https://www.ebay.co.uk/itm/186220766840?_skw=BMW+F30+LCI+LED+headlights+set&itmmeta=01KR3RRT8SNF6W44QBANYAENBD&hash=item2b5b9f6678:g:DwgAAOSwLFxlhcge&itmprp=enc%3AAQALAAAA4GfYFPkwiKCW4ZNSs2u11xDIEpW4FV1rdAOEEvS%2BRfA2PA169ROYnH0hOK7TfJgl8K9OT5itz34DTEV63HxpVYpMKdSdou5ge0Mx3tR69Pke9mfVEfM7SMyR6yC0q6vZN6FQVyyr0CgPeIiSAUxUWAihhdVvVQWKoGS%2B4tZc5echRK4cw7FeVwmepXQLKBKiviYnqx1dlnloVuZwDcO5O%2BzEM70ftDjgCE%2B7SyS%2Fn4DHgYTOPZFG90BfShFfHM3nJYCz6LX9WKMaaAHC7uJwsFBpRinkoaC86tHvqLEdvsNL%7Ctkp%3ABk9SR_ak4_jAZw,pair,False,True
BMW F30 LCI LED headlights set,BMW F30 F31 LCI Headlight Set Adaptive LED with ECU Headlight L+R,1470.61,2026-04-22,Pre-owned,False,False,https://www.ebay.co.uk/itm/176370509186?_skw=BMW+F30+LCI+LED+headlights+set&itmmeta=01KR3RRT9AADVTTAGHJ4AKVHMX&hash=item2910806582:g:DLgAAeSwx5lpflcQ&itmprp=enc%3AAQALAAABAGfYFPkwiKCW4ZNSs2u11xDJ44tHuCr%2FrZ0Y8NHl3wispN1ayaR9MD96NuliFhkqLWw31ImJJGrOGNP%2F%2Bl670e8YfJiE%2FBoVmsXss18jZZACMioZKVUv0pbS5P9PO4SdF5S3M6LwIoN3EQjAjOjJ3ibtqa9jnE0wSfFYrPyCubUEBQa2lEeyaKoFqj40q4D5xRYw9ZU2M1lAZrbK4MK7jbElh1lPUEboaaBqyJZLLqrjI8tNtt8K5Tke6wYz0V9Mgaip0frs8wrifSqVq2KTMb60qao6s2C%2B541fQ1RCrgcphI1goF6YHzTlzf%2FZarx4x6LB93RvJa20DlRyq8yNrlA%3D%7Ctkp%3ABk9SR5Cl4_jAZw,pair,False,True
BMW F30 LCI LED headlights set,BMW 3 SERIES RIGHT DRIVER SIDE LED HEADLIGHT 2016 2019 F30 F31 LCI GENUINE,307.5,2026-05-01,Pre-owned,False,False,https://www.ebay.co.uk/itm/168343557842?_skw=BMW+F30+LCI+LED+headlights+set&itmmeta=01KR3RRT8SBC34R4359WVXBT00&hash=item27320ed6d2:g:pcwAAeSwYbhp85KS&itmprp=enc%3AAQALAAABAGfYFPkwiKCW4ZNSs2u11xCxj633%2FwSY0dKt6XFqj%2BmNuwIXMRyxBauTpDDyu7qeK%2F7y3NXTnWS9w4Swapw6ThNlKT1sA5s2waxOxy4%2F8%2BBzLC5jtJUGs9LgJ3bjwFPrQaVEBOvo9yqULeRM2fPCMsMBAkzE8Jy8U0%2FHe4ckzghoiUMwbjtXjJ46tkKR28ViiA57bFYWcrC7NHR9JHdhtye7y2S8KNekfnFfh630l4lcIlYmq4QQoU8Ee0kOdLLIPWPmlWPngdm6dXNjJDYLP%2BGBGq0oo%2FjV%2FjLkpxkL8UEEn1EAzu00tXK9hRRt6TFf8OEpM4Vfa9Qw7IMv%2Bne687A%3D%7Ctkp%3ABk9SR_ak4_jAZw,single,False,True
BMW F30 LCI LED headlights set,BMW 3 SERIES F30 F31 LCI 2015-2019 ADAPTIVE LED HEADLIGHT LEFT PASSENGER GENUINE,250.0,2026-05-07,Pre-owned,False,False,https://www.ebay.co.uk/itm/157722909672?_skw=BMW+F30+LCI+LED+headlights+set&itmmeta=01KR3RRT8S1F2MWJCW9Z8SV2WF&hash=item24b9049be8:g:DR4AAeSwMihpzVt3&itmprp=enc%3AAQALAAAA4GfYFPkwiKCW4ZNSs2u11xCqc%2Bl6PDWI3BDeF81JmQutoyutpmaAXyvg7WDBZlz%2B1O36cig9eiY%2FUxxJ00l1PfPWGI9oEl5sJwSwaaZg%2FQ%2BRGbeXXwVNYe0JS3R9iaexOe47xmcjSbzC2mZmnhQdlkgs8U8MxYfCydIUjUaoCJhSGSZfUG%2BXcxc06H1C9Uv6v9BILe0hR4DIIld09rsUtQTZoO1SQkAPdGg80IBTz3kuWiNt7rmNBpHErUhMcNIyoWgVxu5kZ4mi6QxfWNy7nozvhbqRrHNVIKGijPsUZOYn%7Ctkp%3ABk9SR_ak4_jAZw,single,False,True
BMW F30 LCI LED headlights set,Headlights For BMW F30 F31 2015-2019 LCI Black Light Bar U LED DRL Projector (For: BMW),469.99,2026-04-27,Brand new,False,False,https://www.ebay.co.uk/itm/167308459745?fits=Car+Make%3ABMW&_skw=BMW+F30+LCI+LED+headlights+set&itmmeta=01KR3RRT8S8EFXWTP6CC2J932K&hash=item26f45c7ee1:g:LWQAAeSw-Ixo46F5&itmprp=enc%3AAQALAAAA4GfYFPkwiKCW4ZNSs2u11xDYhO0p%2BWQYTrBR4fTiixMgii7BzTGdXNzL%2B7DSbeld%2Fdl2ULZ0NzhJGjghBxV7%2FalZ13QAu4oYFO6euKQtiS0%2FBIbS1E5%2FdOsHP8MmLyeLFQCgDAL1%2BfvnS2%2FwM1M8Ao30VbFiNdPh3qrt5%2FPRzgno17t4Os0CIkI9pnVvREMqG%2BLD0disTrYLbqIn0u1FxEAEqkB6EoTLHtSndn9GAnggImGCuH%2BLhQt8cdvFmvYf3LesmOQjLrrdyHpgdTBeboNQBHu0qWEno0mMIpSgUP9b%7Ctkp%3ABk9SR_ak4_jAZw,unclear,False,True
BMW F30 LCI LED headlights set,BMW 3 SERIES F30 F31 F80 2014-2019 LCI LED HEADLIGHT LEFT OR RIGHT SIDE GENUINE (For: BMW),475.0,2026-04-30,Pre-owned,False,False,https://www.ebay.co.uk/itm/366167171979?fits=Car+Make%3ABMW&_skw=BMW+F30+LCI+LED+headlights+set&itmmeta=01KR3RRT8T8Q5M833Y3C559C0F&hash=item554143a38b:g:fNkAAeSworppAjNw&itmprp=enc%3AAQALAAABAGfYFPkwiKCW4ZNSs2u11xCEvCp1MerUG10dnlXxse9eiYqptCUoy9MHq21KOseaKk38jEnyDAXiX7CAkeClpjbYiGhJPnztL7XoK3P0PdkJEnqxlDDCbtiLdwLTJrt%2FxPJyUhnWB%2BY6MHI5S8ZA3Pw3J0uAV6%2FMh7u%2BCZm%2BAVIxkIJaPIfht3Sk4PHeo3h7BMR8ARQTtf%2BgFbYLiTql8ZqgsAKcuagHG4yRyYtW0mincWs9OH8f%2FAWg4fL4SqZnchfxSNnw3t5CepGEJ2aCvmIz38yahzuQbBvw4%2Bfgt3zK8SCnfuwjl6J%2FUNZfnv1rUxIgrSZZGbKeXcUjfUAVPDw%3D%7Ctkp%3ABk9SR_ak4_jAZw,pair,False,True
BMW F30 LCI LED headlights set,BMW 3 SERIES F30 LCI SHADOW EDI. LED HEADLIGHT RIGHT/DRIVER/OFF SIDE GENUINE OEM,450.0,2026-05-06,New (other),False,False,https://www.ebay.co.uk/itm/306915311129?_skw=BMW+F30+LCI+LED+headlights+set&itmmeta=01KR3RRT8T1X5XWKT7077E3ZS5&hash=item477593fe19:g:w4UAAeSwuhVp9vo5&itmprp=enc%3AAQALAAABAGfYFPkwiKCW4ZNSs2u11xDCs4d0cBxRXCe1xMy3mteIP14PKgrubXuL%2Bs073FlHXXeQ42dfTHjLgZ3QPxgvIKHqFNTDGFGrB60HGK0c1JLAxR6cdhq3Makrj9d9FV1Wn6X%2FrrIXGk0XV%2BZCDuHrS9mYtnbOYZxwViKW%2Fph%2F56G6xDQWRzES2WeVeAa7a6gdFRB6%2Bd9pdMuY708jzw96x2LDQ9BqFjQ9FVWvkgky9LRcNztYbR09phfEO7bpxpB3omWUTeGHFn5vnux9JD7zBKUoP854LAv7rLPXMy139K%2Flv3V4y6Qh%2BVr3veRTg061V2zA4dSQNXzIBmvkBhkVVyQ%3D%7Ctkp%3ABk9SR_ak4_jAZw,single,False,True
BMW F30 LCI LED headlights set,GENUINE BMW 3 SERIES F30 F31 F80 2016-19 LCI LED HEADLIGHT RIGHT OS,312.7,2026-04-23,Pre-owned,False,False,https://www.ebay.co.uk/itm/267630269667?_skw=BMW+F30+LCI+LED+headlights+set&epid=910723417&itmmeta=01KR3RRT8TM00A0MS1H16ZP2F2&hash=item3e5001d4e3:g:DUMAAeSw-2Bp0h1Q&itmprp=enc%3AAQALAAABAGfYFPkwiKCW4ZNSs2u11xBb6YQ9JuBNJx95dtcP7EtkuXieeSJiBbimaf0TtRB0ZTjLgxYWiHAKddeQBFrHjmovBpO4xgMQEx%2BDIgDTFnsr9BYQwXFRo1Tuhvx6tnlz4LdNVSUNx5xEzmHg5aS3CuKXqVLJ9PZvfLcn5n%2FYtvO75bGFVLiylfoY%2Bv8cqim%2B8pVFJq3Js%2BntW9svZzEz8E8PyRY7a5AQSyEovyK%2BSALEeSjNOiBLlm8xV8Dpd%2B30dYlAaZYUH0FXBXTLptlbL0JL7nd3BLppS3AqbFBQPq6WaAaD8OOMkovWR9NyN1KStvaK6K9trwXx2jikTLUSvtc%3D%7Ctkp%3ABk9SR_ak4_jAZw,single,False,True
BMW F30 LCI LED headlights set,BMW F30 F31 3-Series LCI Facelift FULL LED Headlight Left Side GENUINE 7453483,550.0,2026-04-23,Pre-owned,False,False,https://www.ebay.co.uk/itm/317560914733?_skw=BMW+F30+LCI+LED+headlights+set&epid=23018921415&itmmeta=01KR3RRT8TRY76C74RM66KPXMX&hash=item49f01b032d:g:QU4AAeSwDJhpHjbX&itmprp=enc%3AAQALAAAA4GfYFPkwiKCW4ZNSs2u11xDmrQcqV0GLH58XedqMF3qiXXRsete36garzRRgusOvUAUNnT%2BY%2BJ8v3MTNost1p%2FguNGDQ39k8cWuMj%2BeZ%2FF7G%2BhREpTTinAneC%2B61kVVPUfhPhNVchfXHo867PDR9TQXFip7Ru%2BHw9Luhdsj0EcZtX0VFlQaQb3XG5DTaEvuuNS%2FWzdreDpewZntGxnf6QqEk2Vgksshqs3Oj8J2OOCcaX%2BsBq2rjAgKwuAzVD0CzncsuuRhHoMBGfR1LWJc8HcT3dPKrsXax68GSzZU9Ef2S%7Ctkp%3ABk9SR_ak4_jAZw,single,False,True
BMW F30 LCI LED headlights set,NEW! BMW 3er F30 F31 LCI 2015 - 2019 NS LEFT PASSENGER SIDE FULL LED HEADLIGHT (For: BMW),219.0,2026-03-26,Brand new,False,False,https://www.ebay.co.uk/itm/188127107113?fits=Car+Make%3ABMW&_skw=BMW+F30+LCI+LED+headlights+set&itmmeta=01KR3RRT8TDN41PHYFAP1B9DZ8&hash=item2bcd3fd829:g:oBMAAeSwD1lpoCXk&itmprp=enc%3AAQALAAAA4GfYFPkwiKCW4ZNSs2u11xBJEdlk4MaEdOB8yNKPe1v%2F%2B6jo36w7mNWfrnRJI%2FN33m7ogRtQMEjiIiQtNQ7gj%2BvqUU9ZeuqA3Tcx56gpsDp3aRfVoa7gOHJ0P5Cob4MMtBkq74Mqu3gPsSuPNLVgdfPnVPNr3x3lt8ChQvnWGVyb8aaE1dJspkA61xOXEsmlKNW3o5wmlDJhRb3yRT0VfuZ%2BEAMTk6x9%2BoJSyPsET3pSxI9LKaFbDZH2lNgtH0sE2TKT0mIQxvSuCcUOdfuYhwEsuwh50sQ0I2RL6Apg8Rwy%7Ctkp%3ABk9SR_ak4_jAZw,single,True,True
BMW F30 LCI LED headlights set,BMW 3 Series F30 F31 LCI LED Passenger Headlight Lens Replacement 2016-2019 LEFT (For: BMW),45.99,2026-02-11,Brand new,False,False,https://www.ebay.co.uk/itm/175381463211?fits=Car+Make%3ABMW&_skw=BMW+F30+LCI+LED+headlights+set&itmmeta=01KR3RRT8TK5DN5EGWF8VG112W&hash=item28d58cc0ab:g:OPcAAeSwrj9pgXq4&itmprp=enc%3AAQALAAABAGfYFPkwiKCW4ZNSs2u11xAlsEXSRKcyKbQL2q3oHSxgmIlYPKnJJxZ2o8Osi5SNS8XWq5aO2wc8ZI8JRjL8VERFyKBu0ntk%2FEIzNxeFrH9HLDxd9Fn3sEMOLEHgfCbVYgaVYszL5SBnveKYe2KAXJZiWwToi0pZOCfhLp6Lvnw4kAAIt%2FbE7A0h5zZsEjQlDgm0XzSmmwUB%2Bld72xZri29st40Ub%2BJsB5xTeNq73e%2BbmxXiJKX5secG1Frrqw7I8vPEl%2B8MkTssbF6b64bR6csFXcw4dVulIOG2C7Yegehwr89dejNI69MhAt3p8TlF5yAho%2BNOot%2ForkC3zg1brz4%3D%7Ctkp%3ABk9SR_ak4_jAZw,single,False,True
BMW F30 LCI LED headlights set,BMW 3 SERIES F30 LCi 2016-2019 LED OFFSIDE RIGHT HEADLIGHT- GENUINE,135.0,2026-03-05,Pre-owned,False,False,https://www.ebay.co.uk/itm/286957657278?_skw=BMW+F30+LCI+LED+headlights+set&itmmeta=01KR3RRT8TKKF6KBNM6TY5YWNT&hash=item42d0025cbe:g:nmgAAeSw9RhpIDU7&itmprp=enc%3AAQALAAABAGfYFPkwiKCW4ZNSs2u11xCcPIrunagG4R4JnwGTjPO9PF0AJmUsZOHiwDrFX3t2vSLdvf15Wu0HWqrb%2BPUoj7JpaFgTP%2Fyq8uY8H0iMYX4gbXJD%2BFIyQzLPGvZLotYEuO6zkyK44Xwc%2FP3GcMEdxUgzjucCJtB0AOVu%2FkN59EzdiTIFb323CXUa2bQo7VrblrpwEJTDeciH8AriKfaphxReFhlgOIWKX3O5yXcUfD5r1PqUORcmvAmtH%2FKoH2sGYtGy6FkMUos0iop%2BW5cbwNyfWxRXCM4tbciIK1cshZjatD8AbwlZGO6JgXhFjfJekuxfWckcZ4DWg35fjrWLifc%3D%7Ctkp%3ABk9SR_ak4_jAZw,single,False,True
BMW F30 LCI LED headlights set,BMW 3 Series F30 F31 2012-2015 Headlights Headlamps Xenon LED Angel Eyes G20 (For: BMW),649.0,2026-02-27,Brand new,False,False,https://www.ebay.co.uk/itm/256466734531?fits=Car+Make%3ABMW&_skw=BMW+F30+LCI+LED+headlights+set&itmmeta=01KR3RRT8TECTCRDHJMA5Y5WCD&hash=item3bb69bcdc3:g:-aMAAOSwd59mKaU~&itmprp=enc%3AAQALAAAA4GfYFPkwiKCW4ZNSs2u11xDFJ62PZL1SWxGaJoAmwrSD8bSfvFBbrBych7kgPwzynoSiXwWAZ%2FDulCuVxu9%2FHTlS7%2B061LLGWOcxT2x45t8FB8SrcmnvcLeBuWrxP2pyDUitPJWLCdO53PwBasua0unMcv5nrjBaGUFekkqjSm5d0c3bo9u11Xiy6Xbi0d47jXcs206vfe8U1iZLBE8nSHmBkB0f2yhHaiAv4TVl%2FuvaiALvjDqy4C3p8AAGz46GmEdm%2F5h%2BcTQdCPyqBe3k7kcaBSQwN9JCS0U8pMYm5wNW%7Ctkp%3ABk9SR_ak4_jAZw,unclear,False,True
BMW F30 LCI LED headlights set,BMW F30 F31 LCI Facelift LED Shadow Ed Headlight 8492472-01 includes modules,404.5,2026-04-27,Pre-owned,False,False,https://www.ebay.co.uk/itm/178019375779?_skw=BMW+F30+LCI+LED+headlights+set&epid=9022516813&itmmeta=01KR3RRT8TVSQ6CW2HG49MRSNC&hash=item2972c81aa3:g:qS4AAeSwSqppz~2A&itmprp=enc%3AAQALAAABAGfYFPkwiKCW4ZNSs2u11xBPcUjy8zNo8r2kjIYeHfn7iUjy0Jkzfh06SyO%2FzTd9rMuOqEG9uv7i79oQjHxpSgELNsJhQf%2B%2FFfTGrTL1xar6iZIryDpaNHialH1cMODfXXyVPyFoQBAXvsnTUWNKgawy%2FpVoifcktrvyx6qthA3h5VwsCmefwg4fP3A%2BkgrV7bg%2BcUWX7LAeIGLNV%2BFBvoyn1NGtS6TPwOnjiUzwZi%2Bm4Wws4ccj6KW68xf%2BCfXuhtycqzWTegDlFrsqIeaRJgsEb0JDvpS2BrdoL%2BZbG1WFzbVQd7TGl2wacH4eXPz9ZUMUSpzXA6jGQwVFz05T1QE%3D%7Ctkp%3ABk9SR_ik4_jAZw,unclear,False,True
BMW F30 LCI LED headlights set,BMW 3 Series F30 F31 LCI Left Passenger Side Complete LED Headlight,300.0,2026-02-10,Pre-owned,False,False,https://www.ebay.co.uk/itm/297796111991?_skw=BMW+F30+LCI+LED+headlights+set&itmmeta=01KR3RRT8T7BSBM354YFT92ZZW&hash=item4556080e77:g:i0sAAeSwtN9pJ3Mb&itmprp=enc%3AAQALAAABAGfYFPkwiKCW4ZNSs2u11xCGJ3qu5bw%2BuSxnH9yqTV5qTPPWKkEJxbcR3GiK5E1tl2XV2JnRJ3o92w2P%2FeOOzJv1e4UdntArExp%2FMF7ZDyJanzqWNpUSIt5wz4HAQui7leax3vShUSAIFw4fY9jAtj6t5dpaPZQw8F8m%2BhNB8l0N5uPGu50Wu9GGlAjPg%2BJNlar7KSJAAAxr3LLSeo6gF%2BQzI3XO%2FN5SV%2FYKpdYvcxrn95uveTO3uCqL7JKcfK9lkD9fETQ9or9bz4RvNXTikoLygg5MO6cecXE9xrTXGBZo8cjuUSlNvUSb3mg%2FByp2WLJQRdz8lnJwUivF3QM6xyI%3D%7Ctkp%3ABk9SR_ik4_jAZw,pair,False,True
BMW F30 LCI LED headlights set,BMW 3 Series F30 F31 12-15 Pre LCI Passenger Bi-xenon Headlight 7259547,208.7,2026-05-06,Parts only,False,False,https://www.ebay.co.uk/itm/127849290009?_skw=BMW+F30+LCI+LED+headlights+set&itmmeta=01KR3RRT8T331VP41FS80KQ75T&hash=item1dc4695919:g:NmMAAeSwDeVp-vgr&itmprp=enc%3AAQALAAAA4GfYFPkwiKCW4ZNSs2u11xABaETs%2BN0B22ta8gUfYXM2DJb3IWvWQbQDhzdnp%2BHsBGLZ2vWT3bgu32yPG9IoY%2BOicbThsYRy5MUSoaW4KhD27iEcqsgUN2ywwUKbKvxuhgebQIIVMgjR88hQcgUIzMSapwl3LJ%2B9LkNJOzEUAwhRg%2BMjFJrh%2FvBUl7wrSph6ZCX9CxpjzpoGO8TMmqO8MeDBDYD2kkvLT6QQFOTBsmbkZ3tHmaKcl7BMwPnx0VSPNYdWbsjA0Sf6ProZ5NPBEx8xhTLV%2BiI1CROg6N8u%2FbTf%7Ctkp%3ABk9SR_ik4_jAZw,unclear,False,True
BMW F30 LCI LED headlights set,GENUINE BMW 3 SERIES F30 F31 LCI COMPLETE LED HEADLIGHT RIGHT DRIVER SIDE,489.9,2026-04-26,Pre-owned,False,False,https://www.ebay.co.uk/itm/406834886934?_skw=BMW+F30+LCI+LED+headlights+set&itmmeta=01KR3RRT8VW4T25ZWR86TN1FVH&hash=item5eb93fb916:g:qf8AAeSwuQdp0-1x&itmprp=enc%3AAQALAAAA4GfYFPkwiKCW4ZNSs2u11xCGrauQdcS0xKYcqEmAi4ho71u6tf4DIIY%2BYx8vWWiwBTGzVTJtD2jqPLQr3rupN%2BeUfN6hza2UgHxCj9siNoHksEwo4kTyQuh%2BynQVfmw2yOduaBLAkWSSFMYAPo5MZRnJG0x7iNawDK69Sw822S48D2kKSbbqcmEiC8e9j%2FLJOlfWN42dthW91SoNvWfy4uzYx%2BFgdX6mY6ibEgPZZ5mAAVRHJk%2FT8FLmxT%2FtO6zu4EUjbXU0yD%2Bm80m4gVOto9xSOFkizR3BunP5YnFrRWv%2B%7Ctkp%3ABk9SR_ik4_jAZw,pair,False,True
BMW F30 LCI LED headlights set,BMW 3 Series F30 F31 2012-2015 Headlights Headlamps Xenon Look LED Angel Eyes (For: BMW),444.95,2026-05-07,Brand new,False,False,https://www.ebay.co.uk/itm/283675720894?fits=Car+Make%3ABMW&_skw=BMW+F30+LCI+LED+headlights+set&itmmeta=01KR3RRT8VXRT6WNT3SWHEYYJA&hash=item420c63fcbe:g:lfoAAeSwoVBpEb0E&itmprp=enc%3AAQALAAABAGfYFPkwiKCW4ZNSs2u11xB9IPCO9%2Fwa%2F37SQJ0pRCOS5jSzFDjNmQ0WV0ItwOqBtaUceUCmA%2BhAuGwaM4oLyB42zsdo0UnABrmoXuYUykCkDoD0526UFJQpL6oqV9GGZR1i6SjWZqlaZ7nCqW9KVVdbvLrbypVdfY6N2Eso8Ip%2FszxYiuPAuGw%2BWXmkoj51dalUmPpGXzaFJona%2BOlSIC6MzY086BG%2BiJy04va%2FTC%2FOKIopbg0M2Xa5RPCiHFjKa6eIw87wLCO%2BpJOei%2BJlHCZsvgj0B0inS%2B4L3rHoBoW0kuFmIF1P68m6dQS%2B73h7W7SVWnC2U55o3uHRtQO0qSk%3D%7Ctkp%3ABk9SR_ik4_jAZw,unclear,False,True
BMW F30 LCI LED headlights set,BMW 3 Series F30 F31 LCI LED Headlight Light Lamp 2015-18 N/S Passenger,127.49,2026-04-18,Pre-owned,False,False,https://www.ebay.co.uk/itm/198182439736?_skw=BMW+F30+LCI+LED+headlights+set&itmmeta=01KR3RRT8VS1VWR9ZMX9ZETCMM&hash=item2e24980b38:g:-94AAeSwZzRps~u9&itmprp=enc%3AAQALAAABAGfYFPkwiKCW4ZNSs2u11xBM8pDrcxwjav1317G5D7f3KkYoig8Z3ao0fnQRsblXnPO08rvrE%2BNinwXp34lca7IONlUx0imuBiwEjOzn%2Fj7QUfKsc1THXNFOaJtt28gQT7fqrQ3vAXJ4Y3uslgCg6aG5QUPuBdt%2FGth5Re4Mh6u%2BDrU7c59uH46cX9uzEy5oE9WeysIfUsRFvCMMDpVQ3dfmKof84cawXdFIfH%2BwgupDSCTxpxR2JmecZucPDIKvW%2BGwuZYBW%2Fwm3AHoLmp9TgbCCymzJmSe4bF0M4f70Jxvu1nA4FbxecJ4KBsd5v8bsAs6KDdQbBpEaFWSmJ8qclY%3D%7Ctkp%3ABk9SR_ik4_jAZw,single,False,True
BMW F30 LCI LED headlights set,BMW 3 SERIES F30 LCI NS PASSENGER LEFT LED HEADLIGHT SHADOW EDITION 7492711,399.0,2026-04-07,Pre-owned,False,False,https://www.ebay.co.uk/itm/257394178412?_skw=BMW+F30+LCI+LED+headlights+set&itmmeta=01KR3RRT8VWBJ52TGFCNZ4PZ1D&hash=item3bede3796c:g:Q3QAAeSwezhpq12y&itmprp=enc%3AAQALAAABAGfYFPkwiKCW4ZNSs2u11xDfZk4VzcyI5JsqYAcE76t2Bug95Rv2DnRkGNFyOfPBTFdsi71UTHryWibuq45sVW17L2Xw7mZ%2FmfgZHcRo1GbXaJEThWL891FOkDje03mrk2pUsM0HLBpBQZbVyxkrf6DkrtkeQ74lcu2a7hZYJAqodZcK6urONmBA2M%2FuB3azGdBzfs7BkswdLmFKAUPDWaAz56tcneQXAlfiKDpIH8OTjj1yq5sqXjdWSQcnuhIBriCIneMqkWD62hhjUUdaBMYmj2Hf6pLRkcp8zPupRfrXiT60upcveZ8Xh4878pbq8F5JGn9CRP6qqTl2MimYZdA%3D%7Ctkp%3ABk9SR_ik4_jAZw,single,False,True
BMW F30 LCI LED headlights set,2014 BMW 3 SERIES F30 F31 F80 LCI SHADOW EDTION LED HEADLIGHT LEFT OR RIGHT SIDE (For: BMW),475.0,2026-04-20,Pre-owned,False,False,https://www.ebay.co.uk/itm/366167172152?fits=Car+Make%3ABMW&_skw=BMW+F30+LCI+LED+headlights+set&itmmeta=01KR3RRT8VC87QF41QHXSVS8RY&hash=item554143a438:g:s2QAAeSwZNxpCA5e&itmprp=enc%3AAQALAAAA4GfYFPkwiKCW4ZNSs2u11xDJ1b%2BhTDIpCIVW3s92Z6NaA948uXlBP%2BU7yuYFTfvznM7W6Z3toyRVAhsL%2FLSX3kXDclOgBnFADygkBPK8xrdUiaqyQoyPPhi2Xo8Bj3uKuN1tvbPAJOYCWMmiGqBNI0Kw7IUbFCVTBNZd%2FOFO%2BVdCLdeIZGeODPlaptiUwOdT9OhQQwYXFfrgv7%2BOMxKxwZRtnIohHqOnEVPSlAj4jhYUW4fCCtwNOMaps%2FMUlvAofws%2BcYYQGi7K1LyU547mGO2Gk3IB%2BOjPHluWUBPovHlJ%7Ctkp%3ABk9SR_ik4_jAZw,pair,False,True
BMW F30 LCI LED headlights set,Headlights For BMW F30 F31 11-15 Black Light Bar LED DRL Daylight Running Depo (For: BMW),449.99,2026-05-05,Brand new,False,False,https://www.ebay.co.uk/itm/406890587032?fits=Car+Make%3ABMW&_skw=BMW+F30+LCI+LED+headlights+set&itmmeta=01KR3RRT8VPE5DRRW0JTKJNH6G&hash=item5ebc91a398:g:D8oAAeSwhANp8LG3&itmprp=enc%3AAQALAAAA4GfYFPkwiKCW4ZNSs2u11xAnCd1G4DIkNTmskH4Nc%2B41DFmWq%2F77BfJQUgm08KOosJhKeG%2FRpAwAJGx%2BWW99PuKjcDp9fXzNnC147kMT4c0O%2BUTRVooR%2ByFKyqgTQtiOFCyCuI8BQwpyMkQvqgM4rBE2GmKPHOxb9%2BJCH84AkDp4wn7v1TnN%2FAsvSBCFXljisOVzYbBWkMPmU9qG7e6%2B6dKFp7qo83mElo3ngQurg%2B7OxbM42ed873w9UmcGaRm7Ebb3gIltJ2J0utWPimIKXa%2BLEWDHsLpbNwVYtPKuhslw%7Ctkp%3ABk9SR_ik4_jAZw,unclear,True,True
BMW F30 LCI LED headlights set,BMW 3 SERIES F30 LCI OS DRIVERS RIGHT LED HEADLIGHT SHADOW EDITION 7492712,399.0,2026-03-26,Pre-owned,False,False,https://www.ebay.co.uk/itm/257394173142?_skw=BMW+F30+LCI+LED+headlights+set&itmmeta=01KR3RRT8VJ98RCK76ZAZ9Q6H5&hash=item3bede364d6:g:VU4AAeSwPqFpq10L&itmprp=enc%3AAQALAAABAGfYFPkwiKCW4ZNSs2u11xCdpo%2F%2BF6NBvZm1Sy%2FmvrUqKEGeo9qyIBtWSSdKm3naaN5gFveKnus3QEFZc7NGNn5H%2FnG7r3fBCj1Kk%2FE2UPHNfnjyKSlb0JQNYMlsVg%2FXdzqecft2Vg8i47%2FMqdLb1jv5doOhfpdmaA7sF6HAnCMw5fe1fUH5Hp%2B%2Ba7FUh8mXVj95%2FbctdhdNjmWtN4nVAVmFY1XhE8yTm2xKqbyaroYrFHM4OqbTkE9UetU8cP8QyBeqpQIKyE2K7t9N%2Fnn7D1AmC5b90YdOyprijgq2j3E7ssZkpOSE5QvYj3k1Hgx9dl--dzrh0uF3gdBZJhkCII0%3D%7Ctkp%3ABk9SR_ik4_jAZw,single,False,True
BMW F30 LCI LED headlights set,Genuine BMW 3 Series F30 F35 Passenger Headlight Left LCI LED 2013-2018,295.76,2026-02-12,New (other),False,False,https://www.ebay.co.uk/itm/168113204419?_skw=BMW+F30+LCI+LED+headlights+set&itmmeta=01KR3RRT8VKC9NAYFA8VV93P43&hash=item272453ecc3:g:WS8AAeSwO2Bpd8hP&itmprp=enc%3AAQALAAAA4GfYFPkwiKCW4ZNSs2u11xCEgLGGLfHbNZhtacpmR7Zg5e23ezL0iJsVsa7q72TcxnMjoisb2b68x8y%2FRi9pwV2dwgqU4uroCmc1n%2FTgreH55G2J%2BBE5paB%2F0jrzPHds60fNNk8E9iDAzq79eWvX01mGStCt2aj9STGpoVM1yr07Bgd7PJfPxP3VAEN1V6UUEasjBIybltbGYIAfaoGV9CumnYnRqXtmOYFbjDGeUqm%2F2WLnM2w4TTIfnUJaDyL4AyUzvv1oiJUMeRdZR3MbfiPetXkMGM7NXuQpxu6U%2Fgk4%7Ctkp%3ABk9SR_ik4_jAZw,single,False,True
BMW F30 LCI LED headlights set,Genuine OEM Hella BMW 3 Series F30 F31 LCI Halogen Headlight LED DRL Left 15-18 (For: BMW),309.99,2026-04-21,Brand new,False,False,https://www.ebay.co.uk/itm/255204360421?fits=Car+Make%3ABMW&_skw=BMW+F30+LCI+LED+headlights+set&epid=14016361240&itmmeta=01KR3RRT8VQA08Q8EPXC3BKPJX&hash=item3b6b5d80e5:g:9P8AAOSwXfFhl5KO&itmprp=enc%3AAQALAAABAGfYFPkwiKCW4ZNSs2u11xAhnOd0zufnNwwR9SPItmQ1iw1RvbyXLkPEdoKLwWTwoSVnr9vMFJ0HItRAcniBT%2B%2FRxOcfSrzidUaJ6Bhbv4WYlCpTfa98aG1WhrO2dbTm4vnPGqf7up6UH6hAgdrtmTmMHa0blO72Omw%2FyX0daRbjQXNYIOm88viC6uBAVBWwLbjfRYJOYxctNmLT8QaG7I9qWUfxizC2pf9k2MsHETpYdIdpih0QF8jWYpQkWRIIv1H6g1VtuivrdR9DwMl3Kyx%2BbNegbnSoa2smocDsmEIEnnzoovvCvaTutDBID65KfHmKKclGjNc3xQv65Z1tcVs%3D%7Ctkp%3ABk9SR_ik4_jAZw,single,False,True
BMW F30 LCI LED headlights set,GENUINE BMW 3 SERIES F30 F31 LCI COMPLETE LED HEADLIGHT LEFT PASSENGER SIDE,520.0,2026-04-30,Pre-owned,False,False,https://www.ebay.co.uk/itm/406834889699?_skw=BMW+F30+LCI+LED+headlights+set&itmmeta=01KR3RRT8VZ47NSG785WZ21RME&hash=item5eb93fc3e3:g:mcIAAeSwin9p0-5G&itmprp=enc%3AAQALAAAA4GfYFPkwiKCW4ZNSs2u11xA5cm4enU%2FjiT%2BPEjml3VYr9f87vpu1oPdOHeEf0FlEGb9yz6ZVZPq%2BkDquPzH1yEjmUENXgzmfY4QcZygnvMbHQgFxY6ywRj0aRHFihICNrS7EDzVTEbNar0swwsWWUlzwaCzXkaqQkWmgFYkWz8eKUFd7jbh5i0kL7J1kvWtCVrBUU%2FJcGpIgiSpqEL2cY6UyfugAGJMJp1NkSY7RwSerlzeoK%2BwoqDa%2B2pznaV%2BwyWVip4m8ke5ZZwE955OslDsD8NCdpnGruWrGM9%2BWWEzt%7Ctkp%3ABk9SR_ik4_jAZw,pair,False,True
BMW F30 LCI LED headlights set,"GENUINE BMW 3 SERIES F30 F31 LCI 2015-2018 PASSENGER SIDE LED HEADLIGHT, 8738713",155.81,2026-04-28,Parts only,False,False,https://www.ebay.co.uk/itm/277933729561?_skw=BMW+F30+LCI+LED+headlights+set&itmmeta=01KR3RRT8VT9CNY5M7D5TETTM7&hash=item40b6242719:g:NHgAAeSwRZlp72Qj&itmprp=enc%3AAQALAAAA4GfYFPkwiKCW4ZNSs2u11xALcPcI2srMgyB%2BcwO8wJn3My9vFN5f151ljasr%2BnEXacgXjSGt5KdJ4Arfa%2FY8k0BZu0nFSSc%2Fb6ydYmmBNfl1oNmPNDgLUBVXFc8ZCysntcSfmiDIzu4iBOfcXioOEJx2HOOV5HbFNNmSi5Q%2FWr5YN9GyZ3t8jW5KhFERbc51kFLoPp3jdfFwSEFqLrAkAVZ1ME%2F4obrz8lDx9DYSEz7clzoeaI69T7mq3VMZwdaBsUeUzeSTQwYK%2FYcxIiQDbqBMFK8lxTCfxhKqmeWKAhPJ%7Ctkp%3ABk9SR_qk4_jAZw,single,False,True
BMW F30 LCI LED headlights set,LED Headlight BMW 3 Series F30 LCI 2015-2019 Daytime Running Lamp Passenger Left (For: BMW),369.95,2026-02-12,Brand new,False,False,https://www.ebay.co.uk/itm/386326313343?fits=Car+Make%3ABMW&_skw=BMW+F30+LCI+LED+headlights+set&itmmeta=01KR3RRT8VCSHGE0SXX8AKKQ3E&hash=item59f2d7b97f:g:k6oAAOSwpzRlZ02k&itmprp=enc%3AAQALAAAA4GfYFPkwiKCW4ZNSs2u11xAIsqgOEKnX5KmYHtcFfqn%2BZcd7RoNe%2BNwv%2FElnnwYn8Dzgu24I9OR6Robr%2FVprDRCR8cVS1wyNDI6xRn%2FM9qkygrgirlpynnUmIumGWoaUuH70UcqL1ObAUfz%2Bvnxkv2f87eeUZbub%2BI7h2Yvh1fsPw0nh%2FP14aVFaLQyx2DW1TDSc5irxA7EdoOKBjht5dNL4TVJRfOoiOrV7cn%2FwUVvThM5H2gbNU%2BQtT03N4Rcrl2qWm8Iiw1cdc23s5RH2FMa%2B%2FLKBOk9KnyabkfowOs4y%7Ctkp%3ABk9SR_qk4_jAZw,single,False,True
BMW F30 LCI LED headlights set,BMW LCI LED HEADLIGHT (N/S) F30/31 2015-2019,516.7,2026-05-07,Pre-owned,False,False,https://www.ebay.co.uk/itm/389893596303?_skw=BMW+F30+LCI+LED+headlights+set&itmmeta=01KR3RRT8W727M22QGV3Z2VSYT&hash=item5ac778248f:g:U0IAAeSwGgVp35Mf&itmprp=enc%3AAQALAAAA4GfYFPkwiKCW4ZNSs2u11xDsKDMGvvYO4ts6PJUc%2Fp5Z20woXRf8ChjmCUE5TYqre6QOAxsxBttuvHNGe8lPG2lDXhGJtJDAfADZ164GtCT4uBXB8v2uDUB5bC4rq3WnjSioM9bsXcRxWVw2Wl%2B64ZO0fn5XRhqAiMC9xYl57%2FqzHKlcoS0p7kj0Bm%2BnNfgHEmAZql7Kga1VWRJy0Hpi2R6l7afunxHX3uw2%2Bw914iYcmL1Vdj9xi2XxNxasw86lOrkZcAEtt2ca%2BYki7WyipeiiAsDyLIsgOYW5O7f8s8Ud%7Ctkp%3ABk9SR_qk4_jAZw,single,False,True
BMW F30 LCI LED headlights set,BMW 3 SERIES RIGHT DRIVER SIDE LED HEADLIGHT 2016 2019 F30 F31 LCI GENUINE 320,295.0,2026-04-10,Pre-owned,False,False,https://www.ebay.co.uk/itm/188234110480?_skw=BMW+F30+LCI+LED+headlights+set&itmmeta=01KR3RRT8WQ773C0AVGA1NN6PN&hash=item2bd3a09610:g:0OUAAeSwjb1pzVcN&itmprp=enc%3AAQALAAAA4GfYFPkwiKCW4ZNSs2u11xCdMmD5FLC0DTEXY1TYML7P0NDugRDp%2FluRVmI4e4nxB8jTUXOpUG0iO8D%2F5Pn0ADiI52yr1X9Mk4XkM%2BIeZ9B738D1RSz9I5DCWPHsL9aNwHkx4YlLC%2FzlzHXgPh5tU%2Bu35znc7tb%2F2SKTaO2Rf5Uw0HbYjbNohpKxr2X6iBbie8A9THM2qRcZyxldgkoHeORDuExExCQ4J%2BBOfiGU0LSgE4GXAY84ueT%2FPdruVTsK3eChztUa7ec2PzFnfMyW826e5sZe3EpI%2BZUQxqIOuvZA%7Ctkp%3ABk9SR_qk4_jAZw,single,False,True
BMW F30 LCI LED headlights set,"Bmw 3 Series m sport (F30/F31 LCI ) LED, XENON, left Headlight",333.1,2026-04-21,Pre-owned,False,False,https://www.ebay.co.uk/itm/389393875078?_skw=BMW+F30+LCI+LED+headlights+set&epid=1025372681&itmmeta=01KR3RRT8WM57JYDZQMNE6FEYR&hash=item5aa9af0086:g:oO4AAeSwi29pQYFy&itmprp=enc%3AAQALAAAA4GfYFPkwiKCW4ZNSs2u11xBVRJK2fyqX2We0aCWdiRVh9MZb3CiKDRWrFAo1l6TBUdqyv51tPz8HTZacfdorT4BC1Jp0F025Xs28QWEQzdns%2FnKN4yAMKnBupYQj99OUwNxY8Ai32xUdMlUWuHBWZgLb3pzrhzb6EiZI3frz6iilG29fnSSlVkxIFFA5D074T84yfzVNhxBIcKilb8DY%2BC6rQuSyTOmOHWbvNMEbVGZW8JgvpWv8%2BKYgoT%2Fd%2Bc5xj06bIDPFebuNtkOv3picY4ZAsaNdHWDQT5dYLIl0e6I%2F%7Ctkp%3ABk9SR_qk4_jAZw,single,False,True
BMW F30 LCI LED headlights set,BMW 3 Series F30/F31 HEADLIGHT FACELIFT Upgrade Dynamic Lamp Projector 2012-18 (For: BMW),587.0,2026-05-05,Brand new,False,False,https://www.ebay.co.uk/itm/406887352055?fits=Car+Make%3ABMW&_skw=BMW+F30+LCI+LED+headlights+set&itmmeta=01KR3RRT8WZXTTBW76H3K4VN0H&hash=item5ebc6046f7:g:JuoAAeSwutNpuYPF&itmprp=enc%3AAQALAAABAGfYFPkwiKCW4ZNSs2u11xDQfWyMJm9uCbSbgA3mvRjw1uEivw9qPG1lOf8%2BnH242XbD547BpE%2BfN0UhEsQzrmkcZEi8JIEWAgE61VDn2vKXlUCLGCQCq7RiOV9lFVRpVRxdZjkfo6k5%2BouvGS7RWwzztwCphHSV7E8tF4uynSxO5rc367mQC3VJIYIoM%2FNqYqsWn6VChi3huDtnAUcb%2B02CV8m5UBHt3Xnq9ChKzxOVVdCHQSTrY5yDjVEfQBH3GtqBhMp1Ywc6QEaRDfNy8678GisWY68%2BfyUs7TMXPhU58T0PDIRj56I60suGlXn29hYUcmZrXhX2RF0weXCUwd4%3D%7Ctkp%3ABk9SR_qk4_jAZw,unclear,False,True
BMW F30 LCI LED headlights set,2019 BMW 3 SERIES F30 F31 F80 LCI SHADOW EDTION LED HEADLIGHT LEFT OR RIGHT SIDE (For: BMW),475.0,2026-04-08,Pre-owned,False,False,https://www.ebay.co.uk/itm/366167172070?fits=Car+Make%3ABMW&_skw=BMW+F30+LCI+LED+headlights+set&itmmeta=01KR3RRT8WCMVK5C0TWSFW27S9&hash=item554143a3e6:g:s2QAAeSwZNxpCA5e&itmprp=enc%3AAQALAAABAGfYFPkwiKCW4ZNSs2u11xAoOYp3l6lwbUMvhizvX1%2F%2BuEfbuczeAa8VCGfUm%2FMyfFa2XhqRfJfsfS0Yn%2Fku00iyb8sY9Eudg8LQcCYSNSLCRYX%2BFN3fbK9qWSxlutTWs99I1ZS%2FvSUU2i6Mo1CQZwfQN6NthIzH%2B4qegvBuKji2EnPDxCv%2BRovGd7ae60Z6%2FpE3J%2FjmkT1hXoy6DUeHdtOihUQPEjXEAuiBLXx3W83xwMTKYjfBwzEEKJ7Vv4iSWHFI3s%2B%2B%2Bl4DiaYkDLWCYOxJRYZrdJxSpLvMAPrB%2BqqHWTTvHpjKfiqrZHY9M8yKtxkjzyuuUrUZKCy%2F78KIJTI%3D%7Ctkp%3ABk9SR_qk4_jAZw,pair,False,True
BMW F30 LCI LED headlights set,BMW 3 SERIES F30 F31 PRE LCI XENON HEADLIGHT RIGHT DRIVER SIDE 7259544 #210,299.99,2026-03-05,Pre-owned,False,False,https://www.ebay.co.uk/itm/167242488226?_skw=BMW+F30+LCI+LED+headlights+set&itmmeta=01KR3RRT8WFGW7SJ4HAP4ED7RR&hash=item26f06dd9a2:g:g0cAAOSws4Fnf6IH&itmprp=enc%3AAQALAAAA4GfYFPkwiKCW4ZNSs2u11xDI7kwTeadx%2BzWwXTPpkhiJODmr3hm%2B%2B%2FGsSAbDpDKh6XyUyvCX0XYlSKSJH6tX76kUNIe3%2FOPbbbo57xD2%2FaKb6mfoHDVi1gIB2anRaBmwVXR3dMoMtL%2Bz8CGNivd%2FUVpblLaskYciiiTulzLpU2ZRJVaJpNqBv8u5MfFCACTjUxR56KJwpQeI599a4DCUu2fzlPliVWUBlyFZQwaDl1JqspjNOvB8rryZEEmHuA7vYDFb%2FpGVmfrtQ3Sh5JTFO6bUmTq9nYdFdAQwaRJDruVj%7Ctkp%3ABk9SR_qk4_jAZw,single,False,True
BMW F30 LCI LED headlights set,Genuine OEM Hella BMW 3 Series F30 F31 LCI Halogen Headlight LED DRL Left 15-18,240.0,2026-02-24,Brand new,False,False,https://www.ebay.co.uk/itm/147160018555?_skw=BMW+F30+LCI+LED+headlights+set&epid=14016361240&itmmeta=01KR3RRT8WAS2KEPNQKPX45DZ8&hash=item22436bae7b:g:I5wAAeSwbFlplche&itmprp=enc%3AAQALAAAA4GfYFPkwiKCW4ZNSs2u11xDjZ%2F3%2FGT9W3o%2BKjqGBly8dpgki4myyOCTc%2B7jgv05fE0NcwzLqy3qLy2GSjegiiuqgygQtc6VfA%2BVrBMsUCZxHC9580%2BqH61mvhO4HchRGzmnZZSWbTTiwb03pujkHcSzl4s%2BGXLW4pWj3vwri11saSZE22AvY4QpbKMupybvzTq5F6E5HzQcIUSNoawoHd2bUR2Van0wtIhkCpT%2BwNh9xCCr3qh%2B1til8tNlXBopiloHG%2FPXD089t2SCr95XWkrEHV0PGNi7pKbms1dWRrlVV%7Ctkp%3ABk9SR_qk4_jAZw,single,False,True
BMW F30 LCI LED headlights set,2011-2019 BMW F30 F31 Halogen To Led Upgrade Modified Headlights Plug & Play (For: BMW),1199.0,2026-04-21,Brand new,False,False,https://www.ebay.co.uk/itm/366167171981?fits=Car+Make%3ABMW&_skw=BMW+F30+LCI+LED+headlights+set&itmmeta=01KR3RRT8W29ZB97E0DMZ7GBGJ&hash=item554143a38d:g:4pAAAeSwgG1pCc7-&itmprp=enc%3AAQALAAABAGfYFPkwiKCW4ZNSs2u11xAbZRO7bUhPpAnilm7cGJKxDlP1PCOThBnvA5QpsovHSNaMcQugDn0k2thmgpuYnRbHE%2Bj04oKarf5wf6chxI3hJHPVST7cDI7uuHOoiXOJogWhzqtQ%2FxEMwGH%2Fv3kq25qNIehRZQHf8tkzoo21JfsoHnCgcNpL%2FiRkmU1OMBzOBueKubRm0JRAVdHT%2FX9ammZOobudz7TP%2BujgGlkdSS74c2Zn8DjPEIjgYM13S0Bc3ku5AZQpv1rbbjy21bmjnbydZdIned67SPBwDpFH7zs%2B4ys%2BtDAhT5%2BeCiVwea9ebW2W5sG4rvgCGdzbhN2gIGk%3D%7Ctkp%3ABk9SR_qk4_jAZw,unclear,False,True
BMW F30 LCI LED headlights set,BMW 3 SERIES F30 F31 F80 LCI SHADOW LED COMPLETE HEADLIGHTS LEFT AND RIGHT SIDE (For: BMW),1199.0,2026-04-13,Pre-owned,False,False,https://www.ebay.co.uk/itm/366167172113?fits=Car+Make%3ABMW&_skw=BMW+F30+LCI+LED+headlights+set&itmmeta=01KR3RRT8WF3C5BMPJV8HV12CT&hash=item554143a411:g:s2QAAeSwZNxpCA5e&itmprp=enc%3AAQALAAAA4GfYFPkwiKCW4ZNSs2u11xAlwZmsH1jPLW22F%2FWY4ZQQeUT%2FSbayUTVrQXn1EoVhfHT6OSfhrV2aynG5YpEaiHducpZZLNWFi%2FLRFNKpVD2J9SVO4CcqTcb7wgKIhYwP9ca1%2FBxJHfS6Y3r2xv0rR5%2Bqzb5xM%2BLzZpY5fIO5Pr0lyND%2FB1b3FFXxmdhm2zeyfrec5ph%2FVIWyFfYejnCRBzmadcewM%2FOQGtY%2BOuSOKpU7F6XrwKb9gTXCjnyEWQUBXMUNvKnrhWYZAYQ21CCLctZKasqJO0ratd5YOndM7X77%7Ctkp%3ABk9SR_qk4_jAZw,pair,False,True
BMW F30 LCI LED headlights set,BMW 3 SERIES DRIVER SIDE LED HEADLIGHT 2016 2019 F30 F31 LCI,348.4,2026-03-24,Pre-owned,False,False,https://www.ebay.co.uk/itm/318034666393?_skw=BMW+F30+LCI+LED+headlights+set&itmmeta=01KR3RRT8W6THZGCQ6HSVNCPAM&hash=item4a0c57e399:g:88YAAeSwOyxpvXGB&itmprp=enc%3AAQALAAABAGfYFPkwiKCW4ZNSs2u11xAYvxcQcWy3%2B6wJumpxNxxIuS7jPdFLeU9Rxvy6XJ9X9cP2sO0zMt9lIetgr68PWqy8%2Fr3r7kBcbmZRuhC8SDEgfg2Z9IH5f6Sp8sZrSwDMd%2BAGZMf1227Fxtgwi%2FRrVcDc2KMomdrYZZs3xIoolLmXNnOyiP3DFVA3MzpqaK%2FarTHvxlgnGU4S%2FTiZkL14%2FcxYPoJKVXVXBBgvslfUcl12zxrF0d8ayuZDxlVlnHXTFYGoFFGnEL1aFH66V6iAYB2ItH7jXCEu3vg7o87oysbN1n817Vn7Mlih1seZotrtBk9CQLNgyMQD2je4hmn%2F8cg%3D%7Ctkp%3ABk9SR_qk4_jAZw,single,False,True
BMW F30 LCI LED headlights set,BMW F30 LCI 3 Series LED HEAD LIGHT PASSENGER SIDE GENUINE,349.93,2026-03-04,Pre-owned,False,False,https://www.ebay.co.uk/itm/389463716408?_skw=BMW+F30+LCI+LED+headlights+set&itmmeta=01KR3RRT8WE026PJJBF0489W6Q&hash=item5aadd8b238:g:ALEAAeSwNvdpXbMU&itmprp=enc%3AAQALAAAA4GfYFPkwiKCW4ZNSs2u11xAVRp3xvOpT7hzlhWfwamkTleEElkvViWQtBsUYDtWl89KZB1T5d2saOs6T3iif03hkqKtdGeqO5DQB0y2I5Yw3hP2iwJaJ6ETU9x2epSIItMCTmBGNWZ7rxbuzqmkUcGU2%2B2EwQpf%2Fi9PsoLaL4Rw3G5p6if2Hu3zOogvWX6xCwxDv%2BITMggNfrJ6It8w8%2BZIBUB0jrR6pzPhBoyerk2KbUVxU3M2i153oHK%2BcQY8pVae%2FLg93p%2F66FrjKYS%2BYvhsBzWWuGt8tqk3fMlsD2%2Bji%7Ctkp%3ABk9SR_qk4_jAZw,single,False,True
BMW F30 LCI LED headlights set,BMW 3 Series F30 F31 Headlight Right Driver Side LCI LED Halogen 7365598,156.7,2026-03-04,Pre-owned,False,False,https://www.ebay.co.uk/itm/406735067576?_skw=BMW+F30+LCI+LED+headlights+set&itmmeta=01KR3RRT8WR693D7DCMY95DZ8M&hash=item5eb34c99b8:g:hyEAAeSwMQhppyaD&itmprp=enc%3AAQALAAABAGfYFPkwiKCW4ZNSs2u11xBDJ3Ks%2FBMgWqlkz7RKoEGElFI3q2JcP2ccj%2Fi2NHOIg1tq4ZAodtfjDetelNcq2TDx78iJ03Xp1lxsM%2F7cjQ5pTI1nND2siw%2BrMQ07JgowYLFoqOgifNt6J7nZ32MKJXFhXxhaVkIPBZrUe9vix7X6kAMCBKgHslsS7mIeZjC5KHAaE584zshL%2B4OEbYfDRx48LpATbY4wjlWtEYiLyh9hXfhbf3uyit%2FOhf3fThVwB2CK%2BJJroQaenS7g7xl%2BNSHMB%2Bnei%2FOw%2FlQg0B9r1KEsJ2AJ3JzczGRc3IETTZA54ZObhTs4E5GkuTyGppjIILQ%3D%7Ctkp%3ABk9SR_qk4_jAZw,single,False,True
BMW F30 LCI LED headlights set,BMW 3 SERIES LCI F30 Front Left Halogen LED Headlight OEM 63117365597 7365597,208.7,2026-03-16,Pre-owned,False,False,https://www.ebay.co.uk/itm/236670454283?_skw=BMW+F30+LCI+LED+headlights+set&itmmeta=01KR3RRT8W8F8QFT01FCHKPN17&hash=item371aa88a0b:g:4CIAAeSwAZNpqaIE&itmprp=enc%3AAQALAAAA4GfYFPkwiKCW4ZNSs2u11xAMYPAmXrcHOPQf2VjR%2Fktokq8dDWwqkmekWhGk2Oso2CwhdsvoI9G5pS3%2BR7gj6s11aqjraBLQAmOjCxeYVbHJtBNWHjfHFlyp5lTCErxI7%2BcafLaSN6MupPxhj62iCvscT19BOEQky4rYLIrBYRRRLuCfUqty5lpAVIVTwTrsZ8Z8%2BeJH%2BEkyu1bBBvGOK271vWi9Kc%2FlsiyZtQy15qH3cTgQstuA2AXwFPUAojiSGXwGAFIUNkkhJNt6swN9pwB6wznwW2t%2B%2FtglWm3SeiDI%7Ctkp%3ABk9SR_yk4_jAZw,single,False,True
BMW F30 LCI LED headlights set,BMW 3 Series F30 LCI 15-on Headlight LED Driver Side Genuine. U10,271.1,2026-04-06,Pre-owned,False,False,https://www.ebay.co.uk/itm/298044897070?_skw=BMW+F30+LCI+LED+headlights+set&itmmeta=01KR3RRT8WH9ATDQ3Y5A7SD9RC&hash=item4564dc372e:g:VAEAAeSwws5pliRO&itmprp=enc%3AAQALAAAA4GfYFPkwiKCW4ZNSs2u11xDFDYu0B3bBXYWr2xt8vVhC8IDmsJJu312Btxurk3VulefBHGdZGIrSFJzfC0MIcmPJHcuOs8aDmOs486Xas7Ng6EpG8f7QhwnEWv%2Bovd9Jr9at0LshShP6NN8WVaKZ4ZhmZXsm--R6sGxJFmpYF5PuOD6SrRt5crhRHGo9q2PJLC7xghcU9lJ4rdU5uRdzOJl4qg0mgIRXLQ0oCqzZ7h%2Fpy54Su%2FM5VWvLMxAvj529dVh7WHeipdRyQrLaOOAhOLCWGhlCWDtWu95jpeg3PXly%7Ctkp%3ABk9SR_yk4_jAZw,single,False,True
BMW F30 LCI LED headlights set,BMW 3 SERIES F30 F31 F80 LCI SHADOW EDITION LED HEADLIGHT LEFT SIDE OEM 7492611 (For: BMW),475.0,2026-03-12,Pre-owned,False,False,https://www.ebay.co.uk/itm/366167172157?fits=Car+Make%3ABMW&_skw=BMW+F30+LCI+LED+headlights+set&epid=19031890294&itmmeta=01KR3RRT8XQVBV4N6494EAMHQT&hash=item554143a43d:g:K0kAAeSwjPVpCCOl&itmprp=enc%3AAQALAAABAGfYFPkwiKCW4ZNSs2u11xCLZtEDi15oUc1z8ztFSbA%2FGSc8%2FXtYEaryQY4%2BdiLMShkFGZnrAfeaCMJ6a8mivIToeLGHnNkD0XFZ%2FjcGWLVws7gHotE0AmhCtcyYdzdzZ6M6ALRbT0kFcDVxRUb96%2BX9qiYD3D6EJqqtik9Si1m3dVCm%2BPDPhgV42b2pa0E0Sb9%2FkNHext6f6qnNpHkIJI68j9BLDGSe3f8p6EEIfHE3Ara9oOOQmLmg9fXO1UwfybtKTE%2FrqtkDHyUAO1MwmH4jwfBQBxg1LU0iHrIpDaF8SUshmLbV4qwNv8dsngPK7qkWJqMDKu1z%2FYy0vm0Hipk%3D%7Ctkp%3ABk9SR_yk4_jAZw,single,False,True
BMW F30 LCI LED headlights set,BMW 3 SERIES F30/F31 LED PASSENGER SIDE HEADLIGHT LCI 2015-2019,414.7,2026-02-24,New (other),False,False,https://www.ebay.co.uk/itm/236622238110?_skw=BMW+F30+LCI+LED+headlights+set&itmmeta=01KR3RRT8XGKC8ZE8R2BZ74RJA&hash=item3717c8d19e:g:qQAAAeSwstdphpwy&itmprp=enc%3AAQALAAAA4GfYFPkwiKCW4ZNSs2u11xBicNrsh%2FUpE1HimFPOctHrI%2BqrHk37I%2B%2BdGwq9vJiNh7b2WZ1fPpucvu4a3QD8Qq1cB%2FC1Wglboo1DJfls9vEB1yFY1NDAkp4v5IzZ0Wd6K798kBsqTbtmCYzpj78ofr5dhsyozEX5%2BQ2k3g6eEYPLy0xMngDOCNYbDrR%2BChWMeYeBjZqiqnO7o5DSJh7cb5r1n0nqv9OaipL1VkgavpxhKUtMHsMv4DPMk6cD8zE%2F6W5t%2Fm2u9GLctShgE55UhEK3B%2Bdz8wN832ZjzyZxZxg8%7Ctkp%3ABk9SR_yk4_jAZw,single,False,True
BMW F30 LCI LED headlights set,BMW F30 F31 LCI Passenger Left Side LED Headlight COMPLETE 7419631,380.0,2026-04-14,Pre-owned,False,False,https://www.ebay.co.uk/itm/267637753428?_skw=BMW+F30+LCI+LED+headlights+set&epid=23012332207&itmmeta=01KR3RRT8XCYF66X8DCASW213K&hash=item3e50740654:g:lbAAAeSwhkpp3Otq&itmprp=enc%3AAQALAAABAGfYFPkwiKCW4ZNSs2u11xCC0sbIjx2lv0sQ6s9JkGsIF82J%2F6IAvaf5QyvDi%2FFdaPBLrpOj5F7d9%2FT9o%2FrEyhOqVYOPH1WpO3Oacy8Lbc6EW47pVEa6jjNy4EINCV0TNg1oYy4xGybMNrm0mqo6BKm5yJW2t0KFK7%2BrFJuez5u869H8UykOqdX2EsBaOaSbVEiT6h%2Bw%2FU65rCmDwHI3fnUD1pK1EWB1Lb6M9pVNkTW1wxm6e36vdKBvW5jA1PNdRyBXAEwPeLwDmI3oGIzfNQ6SgHvbN6Ke%2F5C6mBn2VzimEMkfMcv5z63Upj6TrXbePBTlxkJZKwYzy8lBRNxOQCY%3D%7Ctkp%3ABk9SR_yk4_jAZw,pair,False,True
BMW F30 LCI LED headlights set,Headlights For BMW F30 F31 11-15 Black Light Bar U LED DRL Daylight Running (For: BMW),449.99,2026-04-25,Brand new,False,False,https://www.ebay.co.uk/itm/156129392298?fits=Car+Make%3ABMW&_skw=BMW+F30+LCI+LED+headlights+set&epid=24033525531&itmmeta=01KR3RRT8XKYW9B2FSHGS5KV56&hash=item245a0976aa:g:fqIAAeSwrXFo2mf-&itmprp=enc%3AAQALAAABAGfYFPkwiKCW4ZNSs2u11xAq0FML8S2jVo88jbb8FNjJaHtSWdXXwEdej%2FysAElzRJu%2FjxHyHkLwwnAqzSjZ5%2Bwb%2FYNziqjDKeNG75HMbrCVXIMmq9bKcOmmHBulTjYecFSxtUtKZGIfTA6we%2Feekf%2FhCooWh2slZ3wwxdgfB9VbFvzLEcCmRYOJsYXpQo%2BxsKIKu3XVAwv9NrSycik93ewSzMcSndHLB%2FUHmrvBRYrpaeCOMwrxd3LE0L3uiqkAp0LPD45V5gPWPu5kGhEnJeODpp4vg9CTRKjINRp%2F04ETRz37HHsu%2FMS76fZoXeMSqnUMOGhJcztJXIXI8NVpza8%3D%7Ctkp%3ABk9SR_yk4_jAZw,unclear,False,True
BMW F30 LCI LED headlights set,BMW 3 SERIES F30 F31 PRE LCI SINGLE XENON HEADLIGHT,370.0,2026-02-09,Pre-owned,False,False,https://www.ebay.co.uk/itm/366172462236?_skw=BMW+F30+LCI+LED+headlights+set&itmmeta=01KR3RRT8X44TFTGBZJCSRD347&hash=item5541945c9c:g:C9YAAeSwG-tpgi9g&itmprp=enc%3AAQALAAABAGfYFPkwiKCW4ZNSs2u11xADKVAfVhc1vmntVtnStzaXGGD37EBWLjMdb3HK20uuzL%2BVFi%2FHDjvUVNNmn%2BCvfW2FrWlQj8SDS3uRGUvBYB4iPP0BrChzgf6k9owd%2FD9qnJBf1eEGStkMmvdMWF8QIjbHN%2FU6UH68q%2BGMV1oNCwKrccX8L%2FKbzwKqczdavMgmjespVdX2y2YYUhb8fJS%2FRR4hy9fekys7mvvgNorN7lYEWDnspMY169TsxH8z8bDhPtoAtJ%2BBOczUmntW6cgslQsINI6bwttowEXHiPPr73sGxQGdpZ%2FOb%2BHMQOBr5HLOz7Dg9mlCFT7dswzqtyB2ub4%3D%7Ctkp%3ABk9SR_yk4_jAZw,single,False,True
BMW F30 LCI LED headlights set,Genuine BMW 3 Series F30 F35 Passenger Headlight Left LCI LED 2013-2018,385.0,2026-04-05,New (other),False,False,https://www.ebay.co.uk/itm/168181232809?_skw=BMW+F30+LCI+LED+headlights+set&itmmeta=01KR3RRT8XSP7CAZWW15V4N743&hash=item272861f4a9:g:WS8AAeSwO2Bpd8hP&itmprp=enc%3AAQALAAAA4GfYFPkwiKCW4ZNSs2u11xDEp4y%2BBfsxm4fGpWAMVQuLCXbTSIDqP0dmxgc3vXJUykiyq9HNIfEIcDbNy0id8TbE9RFhxBV5hwNto4YUaqi6L1vLCaD8M9EWJvsjLpvC60TjDtjmrL6L08zvxR%2F8T8r28tdSepAc9ZR4lJbNCTadB9GKQsanfobTrkZjsV4RI5giOR2QBnknadHpXILVDnX7%2BdVNfIBZ9MsHNTdm7frlqDoUa7%2BpJwZVFt9a0kgdwkKeEgoX4Na9Nc3YSL1nFNe05eNM3m%2F3pP4zZsaKLAnX%7Ctkp%3ABk9SR_yk4_jAZw,single,False,True
BMW F30 LCI LED headlights set,BMW 3 SERIES F30 F31 F80 LCI LED HEADLIGHT RIGHT/DRIVER/OFF SIDE GENUINE 7419632 (For: BMW),475.0,2026-04-25,Pre-owned,False,False,https://www.ebay.co.uk/itm/366167172162?fits=Car+Make%3ABMW&_skw=BMW+F30+LCI+LED+headlights+set&itmmeta=01KR3RRT8XTQTQGY83RA8CBDAY&hash=item554143a442:g:eeIAAeSwIJ5pA0fK&itmprp=enc%3AAQALAAAA4GfYFPkwiKCW4ZNSs2u11xC0pSfWweoh7qVTd5AjmsIDdZdyW9557TDki6Qm2lJnGfMm%2Fe0NiQG8upSLZUvKI0tA427z%2BOcxB7DFjRpIWZZmPmKUfHiY5lFuDf3eVXau15pq75zabOKLTS8XaTjEOPuP8gcx2SxlwgnLTvlTpDBNhbJFP1F31hTCkL8PeS6TOZhZvlAV5RH98u%2BRazhyrkm9irUXmK3mO9%2B8Tb7jRxWZgoZxoOh6vxUybrdx0ClB0Sm1FC4V7Pa503sALSDCVKGiT4VDHlGA12HKYRj8PX%2FJ%7Ctkp%3ABk9SR_yk4_jAZw,single,False,True
BMW F30 LCI LED headlights set,BMW 3 Series F30 F31 LCI LED Headlight Light Lamp 2015-19 O/S Drivers 7471308-03,110.49,2026-04-18,Pre-owned,False,False,https://www.ebay.co.uk/itm/227254357669?_skw=BMW+F30+LCI+LED+headlights+set&itmmeta=01KR3RRT8XVFN0XREQC8J8NF1G&hash=item34e96a4ea5:g:bPYAAeSwJPJps~5L&itmprp=enc%3AAQALAAABAGfYFPkwiKCW4ZNSs2u11xDQ%2FjptTjhBKRjljhEoR1VDpToCkH68dYaTi%2Bbjz1TvzG5yDhO5Z3OlNfvaBuH7U8nfpU1t9b4KFFSbytmXegUc4qQDuvuOfvq6ovPpxq7WHElYAA0xGmB0ObT3sJJtues3%2BCjyo%2FbPiwpN16s6UV99DC2AHVlFfoDQtKYCPadcIdlC4aSQbtgKqnZNaOwIJYLU%2B75EK97NcW11Hkhn72cz1r7j5Sv2MBiVeIz5SQwNuCKXcWX2BE44pkTIMMk95wXtvnHQgVO7w9o%2ByTi9PcQMdz%2FluBilmXBtf8vaQvr5zjP1pNFwkFx2XyEfkxZuXYg%3D%7Ctkp%3ABk9SR_yk4_jAZw,single,False,True
BMW F30 LCI LED headlights set,BMW 3 Series F30 F31 LCI LED Headlight Light Lamp 2015-19 Passenger 7419631 TYC,83.9,2026-04-25,Parts only,False,False,https://www.ebay.co.uk/itm/117156478940?_skw=BMW+F30+LCI+LED+headlights+set&itmmeta=01KR3RRT8XCDGYTM896BJF367W&hash=item1b4711ffdc:g:A9kAAeSwyJ5p6IKP&itmprp=enc%3AAQALAAABAGfYFPkwiKCW4ZNSs2u11xDiFPUA3d8QrNlrtYyH4kMe1kXL%2Bbm97VkfKed1me7RJq2%2FPbl6YVNFVP5WP5zYC%2FDxH9TsqdrEeKhs3Tulyt%2Fib3aeABB9aJbj26YHxG8Ccs64KDbvD0eezNnTUwfGZVGoGqU6jzm6H%2Bkur%2BMtQrfRgzTcaqhsoKCyZ0TJmCmdgIOAzjlWwRVEMq6eTrBt73ciD0Cc%2Bz2Acig0MBwmfNqSUs5OJK%2FABLu0DPMkphjx3qlOnh0xAksy6np2U%2FZjDrPZEvH3A3XPFn2UcRwaLRIpWh5%2FypDMB0H5WwTZgrGj5ESKP%2B3DYK00SzZ9lR3GYlg%3D%7Ctkp%3ABk9SR_yk4_jAZw,unclear,False,True
BMW F30 LCI LED headlights set,BMW 3 SERIES F30 F31 F80 LCI LED HEADLIGHT RIGHT/DRIVER/OFF SIDE GENUINE 7498948,599.0,2026-05-01,New (other),False,False,https://www.ebay.co.uk/itm/306912460232?_skw=BMW+F30+LCI+LED+headlights+set&itmmeta=01KR3RRT8XEXD4C3PCNXQGZTDD&hash=item4775687dc8:g:FyUAAeSwmH9p8ec4&itmprp=enc%3AAQALAAABAGfYFPkwiKCW4ZNSs2u11xAmzRsAWgCm5hfN4QTMnvGzlPcfvPoMfLgGVHoGue31L6H34ozJ1m4RBhL01M9%2Fpe4rNrpBCRS3eD2Y3MRcTCHpwmu0ARxlrB09%2F7q2JpyL7Fd8enroVWHLsJcv7lZhC8bPZ3y%2B%2FIdzdCrP4Poq9ilGS9gU9ZH7aYncPhheCfPRwwAVaFbEaFgfL%2FNdIkjG5SZclN8%2Fz4Egbbj4swXZGbHOvxTP69wRRHo8UohJP8VPJDJjF3VaXozT%2BP5h4HrTSt8Kf2eTvhAnm8lZiGTrPFMbB%2BfjZ1piABwwuWJgZk7JSTVBcumjvMjR9i3o1w5oZ3g%3D%7Ctkp%3ABk9SR_yk4_jAZw,single,False,True
BMW F30 LCI LED headlights set,BMW 4 SERIES COMPLETE LCI LED HEADLIGHT RIGHT DRIVER SIDE 7498916 F32 F33 F36 (For: BMW),625.25,2026-05-07,Pre-owned,False,False,https://www.ebay.co.uk/itm/326765852799?fits=Car+Make%3ABMW&_skw=BMW+F30+LCI+LED+headlights+set&itmmeta=01KR3RRT8XG20PCJB41535R2S4&hash=item4c14c3387f:g:PWEAAOSwC41lX4h2&itmprp=enc%3AAQALAAAA4GfYFPkwiKCW4ZNSs2u11xA0WiCqQEBE2FVhnh0MHgxNJYSxK7UBG9SgWHcUHWxNM9DRBKqUYuzuzDR6AklpvQ9AhnAUdjSeTuxnSKyDhfpjZk2CN0S7Hbic1%2Fe8xdxj6DHoM2i8fUUK08rdCGsgass0tXmMiIA5Ft5s54PQjlHpoUQ%2Baobygb0R38FQab2XHQComrs7Va8tcnIOgQL8vZUsAwGSI%2BWyPY4ZE45G1voAqzdpK8538HMV1XNXn9tjsNEBiYr6rrYUT%2Bp5boGvKIisXK32AxmlBoqqxaPNAZR8%7Ctkp%3ABk9SR_yk4_jAZw,pair,False,True
BMW F30 LCI LED headlights set,BMW 3 SERIES LCI F30 F31 LED HEADLIGHT SHADOW EDITION PASSENGER LEFT 7419633,500.0,2026-04-04,Pre-owned,False,False,https://www.ebay.co.uk/itm/117109820054?_skw=BMW+F30+LCI+LED+headlights+set&itmmeta=01KR3RRT8XSY9QAYG159RP0K04&hash=item1b444a0a96:g:NloAAeSwUl5pxUIm&itmprp=enc%3AAQALAAAA4GfYFPkwiKCW4ZNSs2u11xDuwFu5gI0ITES3lwaDG48Ch19hRSgyi4%2B8q0A5xUcnC%2FBT3wh%2Boj1BQ%2Fjh%2Bc0ydVxJmiQAOEdGAA57wK8RULCBd1GZAacHExF4Q7youDc6EOtK20ukmAUNIgtzfoLUtIdelDYF0UyoC7Q9r1YOxD7qdwvH7%2FY%2Br1jMBpYCE8ZUTR1urcig%2BqXrvEi2ZbcVojrOjm1qoyBwR8aU6Mp9d4osWTOH4uSpGxDwFjeltjtXpk5yT30ligNhvPpNDUeH%2FxtnrBwCsqaFkMeo8kze--LK%7Ctkp%3ABk9SR_yk4_jAZw,single,False,True
BMW F30 LCI LED headlights set,BMW 3 SERIES F30/31 LCI 2015-19 FRONT RIGHT DRIVER LED HEADLIGHT 7471308-03,125.0,2026-05-01,Parts only,False,False,https://www.ebay.co.uk/itm/366342207307?_skw=BMW+F30+LCI+LED+headlights+set&itmmeta=01KR3RRT8X91DPGSC68KGZ9DD9&hash=item554bb2774b:g:kJ4AAeSwpzNp2LYF&itmprp=enc%3AAQALAAAA4GfYFPkwiKCW4ZNSs2u11xDBB5m4GvzLuYgJCTgFG1t1OlrKC%2FGa4f21OyBIHv8x2j3xCSd6olHdGgMaPzlnMUQkITcBrsouvjFiHY%2FS1wmSBbuKgCyuvMjlcvgV3fSP%2F2Rg9FmhWZ5VhcxgjGjhTZa9Hcgeh8NSJ%2B9teQ77opN0sIwaUdFpqfZWT4GKhrJBIi1UH1j4PuhAPi8Q0EBLUkVgrvx8oR0%2FmT3WKo4QtEzqmPX50IVNh74Oa%2BWzvyPskO9Bb4gjtqlPBBnFVgoVAC6QiQOJzVfcEyKNR4QRJ95h%7Ctkp%3ABk9SR_6k4_jAZw,single,False,True
BMW F30 LCI LED headlights set,FOR BMW 3 Series F30 F31 LCI LED Passenger Headlight Lens 2016-2019 LEFT (For: BMW),41.97,2026-05-05,Brand new,False,False,https://www.ebay.co.uk/itm/306868343554?fits=Car+Make%3ABMW&_skw=BMW+F30+LCI+LED+headlights+set&itmmeta=01KR3RRT8Y1EYHN382M8P7C1PR&hash=item4772c75302:g:1uoAAeSwkJNp1ijO&itmprp=enc%3AAQALAAABAGfYFPkwiKCW4ZNSs2u11xC0r4PrWsTR%2B8GJ34ZsaMJkX2FM0XqLfXmGMzh9Lizx0oU0DsCLA6A70ZfUfa34IiNUJDgxfxv7q3JPLpRpP8nY8CNTkWcChyMgIpPcbtHebXaS7qX1NxR28Xr%2FFil4QMiIwPOzzQsgaxV2OGYOP4kU%2B4OCEOS5mv9nSrnnmOnleTUa3zAzTqUTuPUnULhsLWGjLKDF61l0HufxXzSuSwzQIJdN4%2F%2Bnv134TYvc1PxY1xdBt0xZuorSFmmVBykf%2F6lG6h%2FfuwCIBVR2Fuf3OPuj%2Bhh2WmtIx2D2GGSnlSUwtg5iM2oSAxh%2FE9ZN4d3mTAY%3D%7Ctkp%3ABk9SR_6k4_jAZw,single,False,True
BMW F30 LCI LED headlights set,BMW F30 31 3 SERIES LCI 2015 to 2019 FACELIFT FULL LED DRIVER SIDE HEADLIGHT,399.0,2026-02-17,Pre-owned,False,False,https://www.ebay.co.uk/itm/397541740172?_skw=BMW+F30+LCI+LED+headlights+set&epid=20022456029&itmmeta=01KR3RRT8YXYZKHJNVWZWEZ6M4&hash=item5c8f558e8c:g:9zYAAeSwmgJpeK-X&itmprp=enc%3AAQALAAABAGfYFPkwiKCW4ZNSs2u11xBP0Nn9ZEVr25U2LkBKxkxaxF1HOp%2Bu373y9pKMBWQsqoELpZ8LCaGqJqg9yeOvNS9E4h9VxOkZ6F%2BGMZ9C4zAS9UfJnCPUVgz3ftuEQwjAMNBfeQAnfe1scQhrRo4uCODPug%2Bwbi4QKADWEPwmPg82S4cC45obp%2BbHzGcmvi2M1wRnSUMRaKAN0oltmOOhEH4ihGoxsLqHXnMYLGjaE8Gsw6irUF%2B08AulZBHkOpOdCYQUTcoulq8z2Or6YyEAgMsEDLjbil%2BEOtJK0zwMGn8%2BfOrq3QbuFm4T5akRhMOcFD0cUrTDN94qyQownFC%2FjzA%3D%7Ctkp%3ABk9SR_6k4_jAZw,single,False,True
BMW F30 LCI LED headlights set,BMW 1 Series F20 LCI 2015-2019 LED Passenger side Headlights,156.7,2026-05-06,Parts only,False,False,https://www.ebay.co.uk/itm/298274116780?_skw=BMW+F30+LCI+LED+headlights+set&itmmeta=01KR3RRT8YCSYKTHA0E91C8NSK&hash=item457285d4ac:g:~NQAAeSwRxtp8n3A&itmprp=enc%3AAQALAAAA4GfYFPkwiKCW4ZNSs2u11xBWkydgWXf2yXMDMYB42QpaFZNV8l%2BR8lUpYSA0cGk%2BoJVsKpQVKl4UlFXTWa7V9PqGQorTln75iU4vJj1puzWflZA0p7eyZo26WmsuUduMZ70InbjpqHvWjTxUUOR8dZIOCxnBAyZjtLD%2BtuNjs0qigrjjPic6fvj4tNNl7cTFlbGVoGAUlAJB5G9iXTwnd0ST7nAaYoqor%2BHH0bO3heHAAXsvg01%2BhEVwjJ5sigZz6rxW422e6g3AULPveDkbULusyNxmB%2BlGqSjFYOFGAgoL%7Ctkp%3ABk9SR_6k4_jAZw,single,False,True
BMW F30 LCI LED headlights set,BMW GENUINE 3 SERIES F30 F31 LCI LEFT SIDE LED HEADLIGHT 2015-2019 7471307,363.7,2026-04-12,Pre-owned,False,False,https://www.ebay.co.uk/itm/267629548206?_skw=BMW+F30+LCI+LED+headlights+set&epid=27034005394&itmmeta=01KR3RRT8YVR9JZ7H23A3C0H27&hash=item3e4ff6d2ae:g:YrkAAeSw0SNp0P7K&itmprp=enc%3AAQALAAABAGfYFPkwiKCW4ZNSs2u11xBHPjMP8KQxgCAssX%2FrewsgfVrGE2iBVSwnNSmLHKu1mL%2BUmLSiwlxCAOzk%2FX6pI5wyllrVs7FVs38mVlKJctdzGyhFonFuq0RF2zVX3xC8krHOdhzkYwG5VIc0qi0vwJ5lyqE%2FgB%2FPiirHc6yTfHHGU7P3DkcjwxZo6MGYCL6cYhHM4R%2BGBzh2YzkeAqSyIUikpBH%2BSvGFLIXs8L6oR%2FDqbEi0NgsMXqPjKA1Bs4I5OUbGh%2FDwqI6HruHmLbx9HvWty5kbp7fAxVyFivHGAosVv%2BDjfLg%2BE5nCUupKihwUg%2BykFmXBXZRoJmaVrbCsIaM%3D%7Ctkp%3ABk9SR_6k4_jAZw,single,False,True
BMW F30 LCI LED headlights set,BMW 3 Series F30 F31 LCI LED Headlight Light Lamp 2015-18 N/S Passenger 7492611,300.0,2026-02-23,Pre-owned,False,False,https://www.ebay.co.uk/itm/168175917369?_skw=BMW+F30+LCI+LED+headlights+set&itmmeta=01KR3RRT8YMVS38B8CJSRXA28P&hash=item272810d939:g:zikAAeSwvmdpjlZg&itmprp=enc%3AAQALAAABAGfYFPkwiKCW4ZNSs2u11xBjiYdsFJY5bi3XITleGXDvpzKHTxrQ4CxB5pLouTJEA6S2xIde%2FnNYU8y4jXcDwB1h7d8nlR%2BNRX8d%2B7nk5RxvsgINuUU4swpT0l4ogHfOtEh1ZZvj41UoKdwYgAL2F%2B3FkSAL2Z6OdUi7VhcWkZOgceOdxLJH4baXG7aAkgQ2KZW%2B48azT6wR0gPUbhOm2MX3gsvKxLZCVnZXVk%2F2QcXiKwM9qUc3xwRhdZ3uLE8UMP7DSG5dne%2F4bheolN2VXcpT0LZr2cxBU6QPHD55WGL22yvs8kyVdBNS693qI25I49Q1js%2B8SdGAjNYregqcKDo%3D%7Ctkp%3ABk9SR_6k4_jAZw,single,False,True
BMW F30 LCI LED headlights set,BMW 3 SERIES F30 LCI PASSENGER LEFT LED HEADLIGHT 7471307 2015 TO 2019,349.0,2026-04-09,Pre-owned,False,False,https://www.ebay.co.uk/itm/298199828769?_skw=BMW+F30+LCI+LED+headlights+set&epid=8017933924&itmmeta=01KR3RRT8Y7K9KFV4RSTTPXP35&hash=item456e184921:g:7C0AAeSw0SNp0-9o&itmprp=enc%3AAQALAAAA4GfYFPkwiKCW4ZNSs2u11xDfxBLOTtVHMKqouNE%2FDFXfrUJe0qTMl%2BrJqm9dTeNgg8tHwy2tM4Hqz4mBBwMyVlSw8EOvcuCXCbUERE%2BWM%2BxRwo%2FOg2OJnGBS3m2heAOglsvBByFVWTrZR0tInvNlS2N1os4COhAa52N5DAkf0NSyuNzIZlz4HrQDl9JLgonvFIYwfTMrOoc2U%2FQFHRg2NpJqN3relS35JxGM6ykg1%2BlOHgmz3YPTOfYD416L5t%2FNid1aXvmuu4CC%2FhrOJZPKLVHoi%2FXMkrTMCnAe9bIuW6w7%7Ctkp%3ABk9SR_6k4_jAZw,single,False,True
BMW F30 LCI LED headlights set,BMW Genuine Right Headlight LED AHL Headlamp Fits F30 LCI F31 LCI 63117419624,593.2,2026-04-13,Pre-owned,False,False,https://www.ebay.co.uk/itm/188155368616?_skw=BMW+F30+LCI+LED+headlights+set&itmmeta=01KR3RRT8YAKN35X9BDP5AEM8C&hash=item2bceef14a8:g:EAEAAeSwI0FptAmX&itmprp=enc%3AAQALAAABAGfYFPkwiKCW4ZNSs2u11xATrEGh5gfJ4tS7nB6sM2viOGnxWGWEI4drFeYc66Tjp0dsw6M737KDaWOxSgzYNt9vun9Ok%2FQoctZrp%2Bdx207PKHUle357YBwkpf%2BZYHgg3yLUIq6Zw6voKjyibR8PZg%2BJNl--xW69Q1aTVnSDmWCI97ubfu6buN%2FV4C7xSnQNj39NbbI4Tc%2B7stmc%2B%2F1MACIzRbuVL9%2FTtQRO9KSqOjssUYIrPi9BIIjk9IskqtOZ9Idmb2G%2BufoGhIt3xwiyr%2Fa1grIN9knH%2BRun53VGzdyPn5XWHQMCDfw3DVU2Mz7rY3%2Fv5I5Q7X29vth7UIGMY%2Fs%3D%7Ctkp%3ABk9SR_6k4_jAZw,single,False,True
BMW F30 LCI LED headlights set,BMW 3 Series F30 F31 LCi 15 - 19 N/S Passenger Left LED Headlight Lamp 7419631,600.0,2026-02-19,Pre-owned,False,False,https://www.ebay.co.uk/itm/257242091450?_skw=BMW+F30+LCI+LED+headlights+set&itmmeta=01KR3RRT8Y1TY5BP8ZBHPKJ413&hash=item3be4d2cfba:g:9rYAAeSwsU5pMDNe&itmprp=enc%3AAQALAAAA4GfYFPkwiKCW4ZNSs2u11xAK6cxjMMaP1k8idc4hWQy1UtjIt7CG78qAs0ljCplhNVAaltaprb9zrPCGoVIOyD3tVg4omQ2bWlvPp02yDXvzrFouUlIj6AMMxooOK3FlSs2K2OpHR2ufltyKzp%2BCChDUrLaSSpUvaoEUPXfhHi8InhyCy3Q7w6fm719c4kXz5MlpQ1G5cHQFoYydMFJuh5dOlEqRqET%2F59DjnDWeb7XfysHJksidgZIv0x6s%2BSQDNJp3fCCz%2FLpd6OHBP2QCn2nGLua2via%2BKN%2FcD5qU0Uf5%7Ctkp%3ABk9SR_6k4_jAZw,single,False,True
BMW F30 LCI LED headlights set,BMW 3 Series F30/F31 LCI LED Headlight Right RH OEM 7453484 / 63117453484,480.0,2026-03-12,Pre-owned,False,False,https://www.ebay.co.uk/itm/157575249520?_skw=BMW+F30+LCI+LED+headlights+set&itmmeta=01KR3RRT8YNN4VNN5XVND4FTTY&hash=item24b0377e70:g:SiAAAeSwiK9pUYmS&itmprp=enc%3AAQALAAABAGfYFPkwiKCW4ZNSs2u11xBPmNFBO8LCiwxthxJ66nRRBAeDOkBKIJxBr%2Fyd0gdsM5OZ4eugXiAWBMob0JDH0viKKOAsbh%2BlkgedayydkGzBLF3vc77ZZDZsNtpmWSOa8rU6djgbLW5X5zT2y6tKolm70F6ZrzZAV05DkjJ06XogHVVwQnRVYoSa5Zn6xJt52PLxraOpnX5s2r4Rs08376I%2B45IBvrV53Y4afhFKL6kyDYPHrYoOiOrOjLg5JNYOb%2FgniAiD80qjnAm03QAdZXgJFkmMNBngkhhDYe1gdnyE8yrlxGEJjzjJ1bhS3%2Fjec6kGGvp4CzcFAwTKfDvdU24%3D%7Ctkp%3ABk9SR_6k4_jAZw,single,False,True
BMW F30 LCI LED headlights set,BMW 3 SERIES F30 LED COMPLETE PASSENGER SIDE HEADLIGHT 2015 - 2019,499.0,2026-05-07,Pre-owned,False,False,https://www.ebay.co.uk/itm/397456558043?_skw=BMW+F30+LCI+LED+headlights+set&itmmeta=01KR3RRT8YQQZJ4EKGFFE8FV1S&hash=item5c8a41c7db:g:SWAAAeSwOA1pWCrR&itmprp=enc%3AAQALAAABAGfYFPkwiKCW4ZNSs2u11xDZ26xQXcwEt4446Wbsu1%2B0IjFJ8slRxunpjduDUQzQZxToa0gO%2BJp4tHShI9wiii1QBH%2F3hOB6OG%2FzrCwp%2BujbvWb%2BHqv8Rv8cJIj8FS4T6crwTFjipak7rTYx5JewsLlf6wXXu%2FNG4%2B62qNA%2Fmc8viYSgbY7kaQKhYn%2BSp9fjPw1lfnDOIrZQFLNVlhBJYVhZ2lqu7PPh4M9wqSKl2MUDh7pstXzVXSg0MtOkxS8M9Tgf0Ph1NZpfx8rXpEzSwywIHt8XUl6Gq5%2BDAkRtkw6CX6g050KqPv3--6nEApwUzXWv6ZOcus0EErH00V0IZKA%3D%7Ctkp%3ABk9SR_6k4_jAZw,pair,False,True
BMW F30 LCI LED headlights set,BMW 3 Series F30 F31 LCI Halogen Headlight Driver O/s Right 7365598,99.0,2026-02-27,Pre-owned,False,False,https://www.ebay.co.uk/itm/157707354022?_skw=BMW+F30+LCI+LED+headlights+set&epid=8007670353&itmmeta=01KR3RRT8Y93QA3PZ7E5M6DJYE&hash=item24b8173fa6:g:xEAAAeSwmxlpnq8P&itmprp=enc%3AAQALAAABAGfYFPkwiKCW4ZNSs2u11xDlojVAVd6XoEHt8z53KAog5JIxRzmrrs7MV2oM5NT0tU6re%2B6iyP9FT9ij32xgcVLSi0UZ2h8kEQN2jqI5zdOvy05EqlNA3pI9nNj2djMjKQXZkBS7IBMVc4CrQtQ1vSeQjXUxlW1g4%2FPxLRvdt3goSwjqGAVZnN8KXLgkjT%2F5HEAPZlFEDHSBOs%2BqMdZAhO354lNegKkrfxHG00L8b0XXcnTT5ue8M9aSqTEZDQffmxGdcp6NtNg0iCPdNxM5YsaIy40gW1ko1jBYxY%2B5JZ99sfaDDsFQAzwW23%2FLoQYw2o%2FPApdYHeCYn484Ft5olqg%3D%7Ctkp%3ABk9SR_6k4_jAZw,single,False,True
BMW F30 LCI LED headlights set,BMW Led Headlights - BMW 3 Series F30 F31 LED 2011-2015,399.4,2026-05-01,Brand new,False,False,https://www.ebay.co.uk/itm/198139197525?_skw=BMW+F30+LCI+LED+headlights+set&itmmeta=01KR3RRT8Y3YN144GRXE517FM1&hash=item2e22043855:g:buAAAeSwcEdplFGa&itmprp=enc%3AAQALAAABAGfYFPkwiKCW4ZNSs2u11xCNMBmxo79JzxQB3pg%2BBCU39XSxMrllcjfCCj%2B9eNoGlfjf5oyjfrOWeetpLyKslAzp8BEbnKC3b%2FEvrZ1iBT8e65JXoVx87pVVjBsJ4pebh4unZvDX7w%2B45g%2FzZ%2Fk0a%2FMvO6DbsbWjjKUfl9CNYi3KBx3cQHxLNN1EWZ4RHgAf6ovBKzf2B7K6tg0PwBtcQccKJagAo%2BoRllK2oWg1PDQWU2nPz5YYylxoYTOPahPu98UIyj4GhHDFdV5Sg1U7mqGw%2BCefG9id0nKVYhbsFcy%2F48Nm6f8mLYm6GBFZnR3eI4YFZcDahaioaUlJ%2BpDityA%3D%7Ctkp%3ABk9SR_6k4_jAZw,unclear,False,True
BMW F30 LCI LED headlights set,Bmw 3 Series F30 F31 Lci Headlight Left Side 747130703,414.7,2026-02-23,Pre-owned,False,False,https://www.ebay.co.uk/itm/117019163738?_skw=BMW+F30+LCI+LED+headlights+set&epid=9006331407&itmmeta=01KR3RRT8YCBG28NNE2KJKGFH4&hash=item1b3ee2bc5a:g:Ea0AAeSw8GNpg6Y9&itmprp=enc%3AAQALAAAA4GfYFPkwiKCW4ZNSs2u11xCl1Bdl1Efh0L7aXnmR3u%2BcFJ7v8ftxgDbR5O8veX8GxalimmsenE5FgFIehIVBZu6o%2BM8fEnJUPRfkqUc78Fzwwz3zWL5ZBivvFM9O06OG21dQab9YIRaIJenSmwcZYhCREarn2KR72ZDlsUQ06I9%2Bz4LDEo6GET4SRiL3kFG%2Fb%2BeFCv9efk%2FrPnKNscdxEM41OxMEdsDeIsGvwdxL2E4rf2w0gOH%2BU6MGJANjTCFibbWOYK3WeA5mgf6KOR7QiXXpQW6PGtXrdsk%2FGpDHu7fh%7Ctkp%3ABk9SR_6k4_jAZw,single,False,True
BMW F30 LCI LED headlights set,Red Angel Eyes DRL PCB For BMW F30 F31 LCI LED 2014-17 7419615 (For: BMW),40.25,2026-04-02,Brand new,False,False,https://www.ebay.co.uk/itm/306766169384?fits=Car+Make%3ABMW&_skw=BMW+F30+LCI+LED+headlights+set&itmmeta=01KR3RRT8ZFPMTM3WY26P6CRMW&hash=item476cb04528:g:S-EAAeSwhFFp0kii&itmprp=enc%3AAQALAAABAGfYFPkwiKCW4ZNSs2u11xC7US--LL0mVwAG0DN6I9sgwNnl8ORKustFoSWnNwcgEYxIqoMaK9GeT5%2B7MLR4p3i2hfEnVXDupdGXxRMb6CFaMlW8vPF%2Ba%2FDzCQNf3X8ZtCW2HnDKxeijoGSAdhJJbcLBVJ8zjgoVaFKYG7aYvJn8J8I0Dr2a6zskh%2F20PjSK6%2FV3EvscvdQthfRJ9i1gh%2F5q8%2B9u4FN6kMktYdfB1vCn9C%2FGOmeJoev8Xjr6cDz5B84ETllZgubtIyCANx0ooU7oH3vIJR5jvgspiZgsf1hmrhFQ%2BSNv39vInyaL9PUajP7OV06j75ZShGySRPGu3Ms%3D%7Ctkp%3ABk9SR_6k4_jAZw,unclear,False,False
BMW F30 LCI LED headlights set,BMW IKON HEADLIGHTS 3 SERIES F30 F31 F35 WHITE YELLOW UK STOCK,549.99,2026-05-07,Brand new,False,False,https://www.ebay.co.uk/itm/198263288894?_skw=BMW+F30+LCI+LED+headlights+set&itmmeta=01KR3RRT8ZWC6BQDQTSN2JKJ1K&hash=item2e2969b43e:g:XPwAAeSwQM1p1WjS&itmprp=enc%3AAQALAAAA4GfYFPkwiKCW4ZNSs2u11xAKY6bRJuVpHjg4IMtchp5nHIoFwWkrkOUuR2mpG9DpwlGxU66fn9r9gyj%2B72w0%2BQj60c0JLqvS7ShdiS05NbeuyyaRyw2F5LQhAYy0%2BQrQd89KahhJsMd0FCDrhGWntFAIZRx1tLvMI7PLrrqNzPfHp%2BbakPXlYufEiMjhtqn6xPlecK0%2FutjpMJKua04pLendTZ6Vi3C81JXdJlT2UMxfvxl68cG5GwsGf07BYharZFNuHbBuDhyMGYUF6EEtnVG1EZq4zw5ZqulipcXBLP53%7Ctkp%3ABk9SR_6k4_jAZw,unclear,False,True
BMW F30 LCI LED headlights set,BMW 3 SERIES F30 F31 BLACK LED DRL PROJECTOR ANGEL EYES HEADLIGHTS LAMP SET (For: BMW),444.99,2026-04-24,Brand new,False,False,https://www.ebay.co.uk/itm/285551545822?fits=Car+Make%3ABMW&_skw=BMW+F30+LCI+LED+headlights+set&itmmeta=01KR3RRT8ZTZ3TQJ515HREEMGF&hash=item427c32cdde:g:qB8AAOSwLRNlTQ6L&itmprp=enc%3AAQALAAABAGfYFPkwiKCW4ZNSs2u11xAfFQkniKx%2BbvD8VgkST5Ge4SrX4qqSkH8oyYYWfrwEzY9xG3Hf6wt4TNrAjmAq6mv138xCgdvK7k3TfQu8kfNU2VGXewu65%2FpEGjt0GJLPjhEVTxo7I%2FjbHy0cX%2FEwLDc2qN8ySDGyW4FL07Jkbvpd0gNaNPOXUx3POAM7DkY1CmLXlVfmKuiIeZEUjwAs1HJRQg67ufXC3ZfnxRTJX9vEibS3gVL3VsZ69H%2BelGiz%2Ff4CfzWXF05i0lYnu3t7LzqGvuTqWwnoH2FnZiFbBamSPJXRti9UEPYoDPXUiSHNN3F4NV5ZL8bJy6hbiGKkwhc%3D%7Ctkp%3ABk9SR4Cl4_jAZw,pair,False,True
BMW F30 LCI LED headlights set,BMW 3 Series F30 F31 LCI Left Passenger Side C LED Headlight 749894701 Damaged,80.0,2026-02-18,Pre-owned,False,False,https://www.ebay.co.uk/itm/317855888002?_skw=BMW+F30+LCI+LED+headlights+set&itmmeta=01KR3RRT8ZDCBNQMTFMEGRT2NP&hash=item4a01aff282:g:hf0AAeSwpOxpiKCw&itmprp=enc%3AAQALAAAA4GfYFPkwiKCW4ZNSs2u11xAI3IUZ7kJ4YF9uvZmQZTTEcgRN3paAOHtrLcsBhOh8EKHbSAlP58WkkEPEEIM7eF5wPeQnju9DVEuv4IwKq33Dpk93%2FTTw6zLbf%2B%2B1mBL1luQ2Qfx1pqYU2Ecc4yimxhcSJeQI8Io9jEzcILWSa61MXSVUigjoaw%2BtB1K7Hjk9EsL1YTBSkbVEjcnySC4ZPOc8Uu7dSb3ntP%2BsYsoQjb5W39bBqAiwHXDXx%2F3ZrS9%2BXhER4ryR5Uxc%2Fxh1c2vdPxuhVKmeLMmQSCVs5NxqxYzC%7Ctkp%3ABk9SR4Cl4_jAZw,single,False,True
BMW F30 LCI LED headlights set,BMW 4 SERIES COMPLETE LED LCI HEADLIGHT LEFT PASSENGER SIDE 7498915 F36 F32 F33 (For: BMW),279.79,2026-04-20,Pre-owned,False,False,https://www.ebay.co.uk/itm/327113619414?fits=Car+Make%3ABMW&_skw=BMW+F30+LCI+LED+headlights+set&epid=25023050667&itmmeta=01KR3RRT8ZHB8RAV7Z3E7MY1QY&hash=item4c297db7d6:g:HLAAAeSwrclp4iZx&itmprp=enc%3AAQALAAABAGfYFPkwiKCW4ZNSs2u11xDJfAZT%2FU7uaogjPcx9p%2FJTApTVXiJp2uYR9fP7VZLgX51e2ccvzn7itYsgEduVPLk16g6gmKlwG%2Fcqdua7%2BGwNhqcKr9hDMXLeust8iEN9Pu%2BJDStAXcdsVf3xZKnUWfHT8vA%2BuxrHG4qKW9TY1vmCgprb%2Fi%2BVSRqWhMpKv1xajLEgHx7XDwWHr1jQphwoV6uVAUobdYkPhA3JMzF7Kod9oMUVAMgehSdyqOki1oJnGvScG%2Bj7%2BRWDZHz5ak8E7uMUFRURjly3MVRGjyL9q1nMMvS7dWemQtX89kTpm8I4bxAl0TpG8h5%2Fq%2B5N8rdtcAY%3D%7Ctkp%3ABk9SR4Cl4_jAZw,pair,False,True
BMW F30 LCI LED headlights set,BMW 3 SERIES F30 F31 LCI 2015 TO 2019 DRIVER SIDE LED HEADLIGHT 7453484 DAMAGE,129.0,2026-02-20,Parts only,False,False,https://www.ebay.co.uk/itm/397480431960?_skw=BMW+F30+LCI+LED+headlights+set&epid=2235568319&itmmeta=01KR3RRT8ZFVYCBZEARNT1XPX7&hash=item5c8bae1158:g:rSMAAeSweVlpVOY1&itmprp=enc%3AAQALAAAA4GfYFPkwiKCW4ZNSs2u11xCR--maT4vekqD4o9MeFdXUFTDFpJqEi8mVjh8lKf5eibXiSTBZ9%2BYu9S4rdOuqb927oa3w1UL8vNz%2BIS6ANA65hrGIGj0t3RMeMsIa381slmbdLKJNm%2FD0BndOkYLRhu3%2BX1BZcwJCljueP%2BAzTJZv3uzTQxftncLxk%2BfOSyiZz4twZL7ia09NAhkVlBMvAJutiIlpNM2M%2BMw2hEvkFTLul%2BLcABCK8ga95gYJxfic8KKj%2FZOaB6x5ZpAxxQ0AGuEoeyfwJbfOw6OpP2SyduUL%7Ctkp%3ABk9SR4Cl4_jAZw,single,False,True
BMW F30 LCI LED headlights set,BMW F30 3 Series Headlights 2012-2015 (Pre LCI Halogen) OEM (read description),160.0,2026-05-02,Pre-owned,False,False,https://www.ebay.co.uk/itm/198300209018?_skw=BMW+F30+LCI+LED+headlights+set&itmmeta=01KR3RRT8ZP2QNJQ14KX90P9Q7&hash=item2e2b9d0f7a:g:ez8AAeSw1rlp576j&itmprp=enc%3AAQALAAABAGfYFPkwiKCW4ZNSs2u11xAjnZq6t6R3PjxIA5cDWvpugPuDpQRE2YKfgjhGsMDLuBk%2FKeOYd2Oz%2FKm017T1E1Vn%2BPnx9E5IQQWBOA6%2BqltV6sFnpWxpCPsXchcMYfVCkL%2BYoMpS%2BbYWE7pRjMIeqfmYHUwG29duu4jHwnCyyubqspCOvJfBCZPZey1hHxd6viHbD8Waar2V0faeHTXzzbAdUUmpC1Ghy46wG3mafLjtRFKR9Pklgr4pIrwQMUPFo8jFBgsL8%2BG7%2FDW5zPXtiAaIXTtxJwDFbbdd2gGXdPLO9e%2BUbAwgRzdvbnGW7j5pqEQE5barUVnwdOyWpd1yTBw%3D%7Ctkp%3ABk9SR4Cl4_jAZw,unclear,False,True
BMW F30 LCI LED headlights set,BMW 3 SERIES F30 F31 LCI LED HEADLIGHT LEFT/PASSENGER/NEAR SIDE GENUINE 7453483 (For: BMW),475.0,2026-04-28,Pre-owned,False,False,https://www.ebay.co.uk/itm/366167172101?fits=Car+Make%3ABMW&_skw=BMW+F30+LCI+LED+headlights+set&itmmeta=01KR3RRT8ZZRDQP6QGT6MJPX7C&hash=item554143a405:g:csgAAeSwAEFpA0Ow&itmprp=enc%3AAQALAAABAGfYFPkwiKCW4ZNSs2u11xBFpc69Usyz61o7VH4cBnfiAUuwgNthA0jCRhSsFrhjC9AOcfw9E6IYML1FhAAI2amEVxGYv9TTEk8gC6c%2FOe1cVNbPNH91qrM6bxFlRSETmMCQUPkn%2FjEzNUt434KX1DoF86aJy58o0pS2ULSEKmIz9Xl4UWYAE6HSUOrSjGmUmMvj6yFeQR82gbizaT67vaoobZFpdATSz%2BGjV53lh%2F4ls2JpE6ZwLuIJXtzarA80iAHdtMxv%2FvZqPGHLdoSg8MlTWGgMUNedlx5n8%2BBZZJSCf4qPEd%2F6Tymd8vTN7evGdSyzanRIAaV%2BzODfKqg7AF0%3D%7Ctkp%3ABk9SR4Cl4_jAZw,single,False,True
BMW F30 LCI LED headlights set,BMW 3 SERIES F30 F31 PASSENGER LEFT FRONT HEADLIGHT PRE LCI 7259539,70.0,2026-04-20,Pre-owned,False,False,https://www.ebay.co.uk/itm/157835294215?_skw=BMW+F30+LCI+LED+headlights+set&epid=838132545&itmmeta=01KR3RRT8ZS7QP1MXYFQKB5ZTJ&hash=item24bfb77607:g:QbQAAeSw0Plp33CJ&itmprp=enc%3AAQALAAABAGfYFPkwiKCW4ZNSs2u11xCRBxtqvcSR6RTQbmdG%2FNQ92PolD8GvHPm6O7UxqqWS7vmmyVb1o%2BXqdLcjOFnyYAOzn01oYNZ5j5VDdTRyY60NTRiHMMU1dxzf2UUn%2BU1bfaMNkH0r1uP9sPlwIhk%2FQSD9aFm9WK1WNGymc1rDTzVvB95UXNARiWPQglV2QKUwl9JeYUIbztD9rO0gaGj3NfELjtVHfLOLUo0ntMXh35hw9dnzqYXy7M7vTK3xcIvVCdEFW%2FvseBNnupzHL%2FW01a4IxZBkvihBCjCzd1rlGy4Fm9pbQflytj6rcxsx2LY4jvWZgK5UjfB%2FM8lnajZlNUE%3D%7Ctkp%3ABk9SR4Cl4_jAZw,single,False,True
BMW F30 LCI LED headlights set,BMW 3 SERIES DRIVERS SIDE RIGHT HALOGEN HEADLIGHT F30 LCI 2012 2015 GENUINE,69.0,2026-04-25,Pre-owned,False,False,https://www.ebay.co.uk/itm/188309355979?_skw=BMW+F30+LCI+LED+headlights+set&epid=2093198872&itmmeta=01KR3RRT8ZCST72BGVPC35MRVW&hash=item2bd81cbdcb:g:ZssAAeSwE8Zp6TSF&itmprp=enc%3AAQALAAAA4GfYFPkwiKCW4ZNSs2u11xC2hbBkefBnhAE%2BlDFKA7Zx3X6U5eG0rOMzGMIgBj%2Fb%2Br%2FrfjyZL4pC32udncqQ3R1GMKPxNEjRFM22XUMARL9z5APSyaRWqYu%2BEscIGGX6RY0wS1hTSfRmlHU10ZhYVRHhl2zEetGcRO1zCctHFSz8tD0Bywpf9IZK8WE%2FbKTNtwc4qR%2Bfu3LFyFsEpUrQKxaq5YKY%2FRciP11o7yodLbXbl7rYGo4RlOSdsIPQolSGEQHzIgtZiZnIRnvAhIXu0FaW0mPBj6R9WhAVpAUbMeQu%7Ctkp%3ABk9SR4Cl4_jAZw,single,False,True
BMW F30 LCI LED headlights set,BMW 3 SERIES F30 F31 F80 2014-2019 LCI LED HEADLIGHT RIGHT/OFF SIDE GENUINE OEM (For: BMW),475.0,2026-02-22,Pre-owned,False,False,https://www.ebay.co.uk/itm/366167172141?fits=Car+Make%3ABMW&_skw=BMW+F30+LCI+LED+headlights+set&itmmeta=01KR3RRT8Z761R6KFM32J9S0CC&hash=item554143a42d:g:eeIAAeSwIJ5pA0fK&itmprp=enc%3AAQALAAABAGfYFPkwiKCW4ZNSs2u11xAgAisaV%2FKqHn5kiIJz47y8S4sJfmViOSLSK42JulHYTkF1q%2B%2BtJQrcdRpUEpUcdN7XL8ijT5EBtVsZDPYwZHx04EfBbe%2FW%2BLmX%2Fu6zyK9NUgcqHN2vurgOs6fucG05%2B4WfO095%2B6dYte%2FTMDelBQuS3dr2R9jQUxTozuT9EtkNnf1bhhoYsFv5idTRoiCWgxwc0uqGVbTiq%2F2k1lbaFrcIaAXtijUXNXkXOQuen5FoDwuC6p8xi7icFPWQF87ywmhxdlkLn6fm8nIPrGbr%2BKA%2FOiImtVFAK2yt7Thiyzx6%2FwUHlGRqIRThzx1KzVAinL8%3D%7Ctkp%3ABk9SR4Cl4_jAZw,single,False,True
BMW F30 LCI LED headlights set,BMW 3 SERIES RIGHT DRIVER SIDE LED HEADLIGHT 2016 2019 F30 F31 LCI GENUINE 320,170.0,2026-04-16,Parts only,False,False,https://www.ebay.co.uk/itm/178028164751?_skw=BMW+F30+LCI+LED+headlights+set&epid=12023316024&itmmeta=01KR3RRT8Z694VTK0WEXVH7Y54&hash=item29734e368f:g:T9gAAeSwHHhp0-0s&itmprp=enc%3AAQALAAAA4GfYFPkwiKCW4ZNSs2u11xCoxtpZZ0Y2CEvE1KddH0b7krfrv4Y7fY2JGoj18ln0NaT4CYbmOGY9qecpJ7zC44bIPyNtUNNzuQUckV7N3JzN2xGSTAM0MLbCV5ADxRtJ%2F8IPFkbCb2OXiRIvWKlemRQdzJSqP%2BSZBkU%2Bz6hx7Nivn4zQiwSXcBd%2B%2BHUpjycH%2B0VWlxAUUgISjBe0G3tavqH1nxQxVacxu4vKM8srdmhc8JEvAtuCI4YAwBMpDrouu2rYjYxLLmLGc2vpO8ryj7Xv03QMoG%2Bn%2B1AV8qSPKMHm%7Ctkp%3ABk9SR4Cl4_jAZw,single,False,True
BMW F30 LCI LED headlights set,BMW 3 Series F30 F31 LCI LED Passenger Headlight Lens Replacement 2016-2019,42.41,2026-02-25,New (other),False,False,https://www.ebay.co.uk/itm/317216672872?_skw=BMW+F30+LCI+LED+headlights+set&itmmeta=01KR3RRT8Z3HVSDRJ3PCSY5AZR&hash=item49db964c68:g:4CkAAeSweT9or00I&itmprp=enc%3AAQALAAAA4GfYFPkwiKCW4ZNSs2u11xDQmTzuZoYrl62VDZN6MJUolEhP6BRJSEHtewK3pOb4XaiSZzTVhcvV3VBwvf2%2B%2Bk%2B9UNBVZRqRMjDYVLF3Mso0PSjCHYJnTZUe06htckdML9hqGAdegY4le6fmfpKS%2Bw9u%2BFpSLcQu6u0rEeH8bCJa8hMjO3C06ls%2FqoAZ7iB4A%2B%2FRYq8IBWE1AS6ws09t5FOj%2BTRrfZ3T0liuqlI50LMptCcb12dpU5CBcQKl%2BZUVdYVt4mVjHY%2FNpgCokohdtgrCqFLTchj24lpNfzCvdSNz%7Ctkp%3ABk9SR4Cl4_jAZw,unclear,False,True
BMW F30 LCI LED headlights set,BMW 1 SERIES DRIVERS SIDE RIGHT LED HEADLIGHT 8739574 F20 F21 LCI GENUINE 2019,245.0,2026-05-07,Pre-owned,False,False,https://www.ebay.co.uk/itm/127850541348?_skw=BMW+F30+LCI+LED+headlights+set&itmmeta=01KR3RRT90DWEMXYNTP3C3R34W&hash=item1dc47c7124:g:LdMAAeSwI-lp-73w&itmprp=enc%3AAQALAAABAGfYFPkwiKCW4ZNSs2u11xA2eVs%2Bb5qMHd12CKAXaWwbI85HHFcxgRqR8TCi0p3%2BrzLWB2wXC9R%2FMT4sofY6cwWGMqmEP%2FXcTH4FYxPrFVh3JtLQ%2Fv07nw7AAIvBhumk%2BBhFdezVKKASGn%2FX86UX8%2BhcoYLzPcFPA%2FWsJpMl97eawdN7k7Z3X2C2gYrTNfTtNMoGXt39cK6VwJdoNxj4shahA%2BoeuDAMYQoWupD%2F3CYKNIDT4t%2BdRpITHLlp9Fm7%2B1xtmXZFqRRucgzX%2FsgeODe2ExL6ohSQdICgwR%2B0%2BZt%2F90yktNkQA5Wn04YHjnDhbXRIhpyQUyLW%2BHuNNTcAlxI%3D%7Ctkp%3ABk9SR4Cl4_jAZw,single,False,True
BMW F30 LCI LED headlights set,BMW 3 SERIES F30 F31 PRE LCI DRIVER RIGHT HALOGEN HEADLIGHT 12-15,69.99,2026-05-07,Pre-owned,False,False,https://www.ebay.co.uk/itm/157866251973?_skw=BMW+F30+LCI+LED+headlights+set&epid=2093198872&itmmeta=01KR3RRT90B9BK8HCTCXABGQCA&hash=item24c18fd6c5:g:xV0AAeSwVqBp8Djp&itmprp=enc%3AAQALAAAA4GfYFPkwiKCW4ZNSs2u11xCeq5BYOQKrhCpVIyVjWY8LTKoKHemuSFPke0bf07JFWI%2BrCvXKwuf5s4mwpin0zTJrmViN8lSle1iNKa4P8fEMKT6DwyQkCr3FBxOwoogZn7AaE4oCgY%2FB6oyDBs3LMfAzFiY8dJF6WVS0o5Z1GK%2B4RM%2Fm7aoFsZKWoCxHk8%2B%2B4mW9BkjxMRwIpCnIE9KSrAkUNnZOIoKlUzMdJR4wi51QGODKW8uBNAyvWmbXVem4rHr00PwP3nUnySlCVhwOdok%2BRAVzrqAfsF47WXsJ1ZOd%7Ctkp%3ABk9SR4Cl4_jAZw,single,False,True
BMW F30 LCI LED headlights set,BMW 3 Series F30 F31 LCI Left Passenger Side C LED Headlight 749894701 Damaged,104.7,2026-04-16,Parts only,False,False,https://www.ebay.co.uk/itm/137196831952?_skw=BMW+F30+LCI+LED+headlights+set&itmmeta=01KR3RRT9076X21C7CFC539488&hash=item1ff19184d0:g:WvIAAeSwZLZp0Syt&itmprp=enc%3AAQALAAABAGfYFPkwiKCW4ZNSs2u11xDyGBpWafQG68icnOOOvA6B6bAPPPQ4B66tLYGmKHBo2yjZfP0qY%2Fg91PSYd0ct35BnvWnS4BCKnE%2FKoTvwKWxqt1cOzsGNUUQ1DzM20YNfcw%2Bv2AmRRtmA3Pfsub4pjBm55tLSgFLh7A%2BqKkJMmCKJtQ0cO%2Bi5kQ7og6dMLHAnr2T7%2FyoZiUimLftgd9raGljKFdxZklHTIDCAB9mR1vAKyTmZLSfGqQqWRhcWCiNzhEe3dIOQ17Occ1D4RYTgTY98QPnQrFbSvz4dfX0%2FEBolRl9TccOuI%2B00EX%2FcLLgWzxwqOmATgCbEZeUuEVPXLAM%3D%7Ctkp%3ABk9SR4Cl4_jAZw,single,False,True
BMW F30 LCI LED headlights set,GENUINE BMW 3 Series F30 F31 LED Headlight Left Passenger Side,350.0,2026-03-13,Brand new,False,False,https://www.ebay.co.uk/itm/397631802477?_skw=BMW+F30+LCI+LED+headlights+set&itmmeta=01KR3RRT90RXQ5NWSF3ANFK9M4&hash=item5c94b3cc6d:g:lukAAeSwFQxpmIBn&itmprp=enc%3AAQALAAABAGfYFPkwiKCW4ZNSs2u11xCGTTpBuWVWx42wPwAlYfuSKtzu47Nv7fk4PLs8%2B0QblXYzPXq%2BsE4b30FLIPdRfKiPs6LBu7aPC3peJ%2BB8k8VXcIln36d2AZiFFLurYMlBQlMCPSRtP4JjSOaW60FivGBJmWMiNJ9ysmvCvAsMIbGnQN1a%2FIcKaqsBTWyvHV1E4ZS0CdZ%2BEt2OvgEKxvXPPV26MetMUyW%2BJTexp7o%2Bg%2B3%2BhSiwCccWAnLebEjS2w1DqJD9Wq4hvm2%2BQh%2B6LoeaZ7YM9vFx0uotkcFsozBO63X1qf56jsPJhqpHcL42X5%2BOGDMFXI7HZOzNOHNtHfGrduY%3D%7Ctkp%3ABk9SR4Cl4_jAZw,single,False,True
BMW F30 LCI LED headlights set,BMW 3 SERIES F30 F31 F80 LCI SHADOW LED COMPLETE HEADLIGHT RIGHT SIDE 7492612 (For: BMW),599.0,2026-03-04,Pre-owned,False,False,https://www.ebay.co.uk/itm/366167172105?fits=Car+Make%3ABMW&_skw=BMW+F30+LCI+LED+headlights+set&itmmeta=01KR3RRT90A0VM9N6216ZTT1MH&hash=item554143a409:g:W-0AAeSwMDlpCCrH&itmprp=enc%3AAQALAAABAGfYFPkwiKCW4ZNSs2u11xDOW0po%2FFbbPUEgzAKE%2B22ZDIX6S3uGxGZ2m5ntb06DBEEiWxvDGvEeCZIS88swNmJsykTP3hmxXjTc92n2ay60nGcPZwHu4lhAXMT8di6zdWcvhlnKTcuY6Pz8jMCKe9AkeDE9YbtzBD7xtIu5ZM28mmHVqdRwR%2FYNF5tgQtb0AXm2NDq8xXC3Av105Ud6pz4wjdgWyzavB%2BBJsdcIOFVO%2FAm58p1f74RTmuwEk82yg9M7peC%2B6rgE8cXpGA27Aoa4NLorF4opb3be3USkIMVr4n1FRlLAxNkoCqD9yv%2FiCxtegff%2FRzhol5061ikYztg%3D%7Ctkp%3ABk9SR4Cl4_jAZw,pair,False,True
BMW F30 LCI LED headlights set,BMW F30 F31 3 SERIES 13-18 LCI FACELIFT FULL LED DRIVER SIDE HEADLIGHT COMPLETE,450.0,2026-03-31,Pre-owned,False,False,https://www.ebay.co.uk/itm/227142642254?_skw=BMW+F30+LCI+LED+headlights+set&itmmeta=01KR3RRT901BN3JEEYBATC8SE7&hash=item34e2c1aa4e:g:L2UAAeSwrgtpSarl&itmprp=enc%3AAQALAAABAGfYFPkwiKCW4ZNSs2u11xBrbmy6eGY7GBIHH%2Bn0S7NP596ANscgMKHJ6HQnP6QX6n4pt0nXlSi%2BncbhSJbf0xD823Jz2YMtM5MqDRGe9fMkYdfGr6bsFHH8gRpjTwS2%2BglOqoCc8mXBho6o6yLZmvhWGxYfybABue%2BPQRq8EswBcUvBSDPSnNnEa1XnvPuLVtkZoJqJAh%2BpsRoUIkojAIg3JP6V7zVJk6hA94azWbnuWSmyAI5qeVObEflVOD1O8YrDovFwj2LL8EiBQX9lA%2B8GN%2Baf2Zra2YPT60%2BV4iUJbOCN6Dh3f0mF0GsldHqHAZkKT0ugGnwnJgfhXniSW20%3D%7Ctkp%3ABk9SR4Kl4_jAZw,pair,False,True
BMW F30 LCI LED headlights set,BMW IKON HEADLIGHTS V2 LCI 4 SERIES F32 F36 M3 M4 WHITE YELLOW,311.66,2026-04-12,New (other),False,False,https://www.ebay.co.uk/itm/147248683263?_skw=BMW+F30+LCI+LED+headlights+set&itmmeta=01KR3RRT9020MH4BW5NCZHPZN9&hash=item2248b498ff:g:FwIAAeSwMc9p1sNe&itmprp=enc%3AAQALAAABAGfYFPkwiKCW4ZNSs2u11xC%2BlvU6nd4McwzqWdw28oiMkukJDB4eAXzQynFeBgy9X55DRwZAV3zszSAS85AaB%2B10JOSfYAB2ihakvKIv9aO6sHLpehWARAiF9MwuEuKP%2BvAmcNT5AbIx5FwQ1SmiW%2FYp%2FC5E3YHCYPRQV%2Bfnm401bkqgfRHuT4Z%2FJ2Bnn1sB3DDeA7wuLPmuR4kNJ7FGh87SSjnYllGPNqltmLtvvCW8GzpShzZHbjcq0Wts4nHAWBybfDgcj2TVEZxhR3u0gDiIwRXAaNELhMmo34Ps6WRwaUnQe3LWAzs0%2FDEP732LH0ETCUVjwi4arqZbzvgFcJo%3D%7Ctkp%3ABk9SR4Kl4_jAZw,unclear,False,True
BMW F30 LCI LED headlights set,BMW 3 SERIES F30 F31 F80 LCI LED HEADLIGHT RIGHT/DRIVER/OFF SIDE GENUINE 7453484 (For: BMW),475.0,2026-04-27,Pre-owned,False,False,https://www.ebay.co.uk/itm/366167172145?fits=Car+Make%3ABMW&_skw=BMW+F30+LCI+LED+headlights+set&epid=910723417&itmmeta=01KR3RRT90QY0NQ3SSBCE3H0P0&hash=item554143a431:g:eeIAAeSwIJ5pA0fK&itmprp=enc%3AAQALAAABAGfYFPkwiKCW4ZNSs2u11xB3%2F0yg%2BaNIEC4pKP2qzJm8BPx55r7BhEyCfXSGu6E5BXmLW5g7jGCW0qpjmG8%2FCf8KH20DWJaY%2FVMdidtN%2BcL8C9M5t6ewxVAMyuehx6PMb2q6EYq%2FiTZdYrVzBzlCXQ%2Ba%2F56OaLUsyr6vFONdC%2FTjqylBD6%2Bo10OKLhXXUL0BuPlnXTZeKN5uKjwfagXal9wQY0Em9KPOUi44kChxs4gs4Sl5bwTfeD0Wg%2FgeTfyP84Tzl7QDoEqJFoNbYCE%2BCjjXDhk9CqkYKucXlWzckmbr%2BZTgZCZxayj1Wj4cDhq%2F8jsyW7XW5AXnBdUXb2LwZd8%3D%7Ctkp%3ABk9SR4Kl4_jAZw,single,False,True
BMW F30 LCI LED headlights set,BMW 3 SERIES DRIVERS SIDE RIGHT HALOGEN HEADLIGHT F30 LCI 2012 2015,31.9,2026-05-03,Pre-owned,False,False,https://www.ebay.co.uk/itm/366364703395?_skw=BMW+F30+LCI+LED+headlights+set&itmmeta=01KR3RRT900MDM5C4TQQ128GMY&hash=item554d09baa3:g:QqEAAeSwWxpp6hM2&itmprp=enc%3AAQALAAABAGfYFPkwiKCW4ZNSs2u11xCRluY%2BDKsx8JoEzbYPEAgzk8gIcQOZSPU%2BUvqB3SnwUe9Jk2vj%2FCjDVg%2Bv1GyOzqe%2FFKI1suKnFHqvANkXiZhPK0sru%2BcVjyc77e2iS9%2FOZhyJhA7eoaeUBPblfzTu%2FnNShxOcDpAcItg7Ai8HTg5mGl7bViGJLGwJdEwDYZoe2rkzM20F2SLwSSd%2FF2zuKA9bjtD1clvMOfp7PzZ3sZSV5Ti0s4w3fvv74JQ60qUy6U5PntouX3SLBjM9WnQD3na1JZet9adPf4eYhtYhvZ5j1fCIgxVnt4NnHmzINimp8AQXQIzRl%2FZIPp0v5gM3E18%3D%7Ctkp%3ABk9SR4Kl4_jAZw,single,False,True
BMW F30 LCI LED headlights set,FOR BMW 3 Series F30 F31 LCI LED Passenger Headlight Lens 2016-2019 LEFT (For: BMW),43.62,2026-04-16,Brand new,False,False,https://www.ebay.co.uk/itm/227252380910?fits=Car+Make%3ABMW&_skw=BMW+F30+LCI+LED+headlights+set&itmmeta=01KR3RRT90H83BBF1WQF3DRGMC&hash=item34e94c24ee:g:KcoAAeSwezhpsoqS&itmprp=enc%3AAQALAAABAGfYFPkwiKCW4ZNSs2u11xAnjvW%2FXmYLYlgb7tJGXbQAcpLLj7rwSxtcxvl%2FQy20PDozJCzbeepWleT9kquluyuvbkJxPLfRXx4PaPxI09OKwxjUCw7o10phrpEfbL7%2FrNMclfjaTgtiLczWLemLCSU0Tf4kSsxLnF9UfNrsuUPW3hkg83pbhIi%2FoX3OMurzNObp1ey3Ioub2%2F67yZaXJ9gY53qH5luqcza6XvTiL41PNXRIKgOXG4WhbKuNcOquhqjtoFMm6xCSXMKoQhghrPEDnqH2EokGiHcRsBRLJ2MPQ7kn2OZedhPpMf2qwPFDqGZUnqDRs10%2B%2FtmJ4EXkl3o%3D%7Ctkp%3ABk9SR4Kl4_jAZw,single,False,True
BMW F30 LCI LED headlights set,BMW 3 SERIES F30 F31 PRE LCI XENON HEADLIGHT RIGHT DRIVER SIDE 7259544,99.5,2026-04-07,Pre-owned,False,False,https://www.ebay.co.uk/itm/397796896974?_skw=BMW+F30+LCI+LED+headlights+set&itmmeta=01KR3RRT90G2JSCMQNS1CMMCW7&hash=item5c9e8af0ce:g:O1sAAeSwhFFpz6y4&itmprp=enc%3AAQALAAAA4GfYFPkwiKCW4ZNSs2u11xDK%2B0IyYzDQ6oPR4fXPJXAzN02XwkHqV8lZNX%2BJluBb4XOg70ZzhNwVbuvb%2BEhERuVQh0uMcVUaqUmQQn5bRa12yBhXRoDvIOaor%2BNCenOVXxVRG40u%2FZyXH4TK%2By8ItlmBndoelvb3CazVu%2FU9ubDnRXtWPERjWvk1JtEMidLZDOvKA9NA0I5JEd9xdlJ3Iyw69y68vuRCsQ0VPCbYwwC9QJg25Xht6BDRLTI2C0xNWC6cTSK7ClGvdjk2ntL%2BpNn55VHDDQ6Y9KkxwRWONNPp%7Ctkp%3ABk9SR4Kl4_jAZw,single,False,True
BMW F30 LCI LED headlights set,GENUINE BMW 3 SERIES F30 F31 LCI RIGHT DRIVER LED HEADLIGHT 7453484 2016-19,333.1,2026-03-21,Pre-owned,False,False,https://www.ebay.co.uk/itm/267607851242?_skw=BMW+F30+LCI+LED+headlights+set&epid=910723417&itmmeta=01KR3RRT90GEEJVEE1RS36MA9F&hash=item3e4eabc0ea:g:tm0AAeSw6lxptscU&itmprp=enc%3AAQALAAAA4GfYFPkwiKCW4ZNSs2u11xDnsz9O6ypFPXoTn5QkArZlWui%2BapUO%2BMMYmyit73ETvSBVtBjlAHKeHA7fGtz1JFm9DU%2FEkFPS7OJy7M4Mec4n5eNsZXXzFyqH%2BhEQ%2FYIsdpaWCVPly%2B%2BjvQaCDSWry%2BEH8t7aI30h7fo7G3xRoz1iG%2BeDXmh5OvubMaKePWiNudMEd41JS9Sp%2BarSHfO0xzaGiCk%2BPENu3DHRuH7oXM0x5HIJ2zi6KrqUsK0kqvdZWFo2u9OSw1wiOzsFjtsqeaDek0OR2HfzweEqVupWGq%2FN%7Ctkp%3ABk9SR4Kl4_jAZw,single,False,True
BMW F30 LCI LED headlights set,BMW 3 SERIES F30 F31 F80 LCI LED HEADLIGHT RIGHT/DRIVER/OFF SIDE GENUINE 7498948,475.0,2026-04-30,New (other),False,False,https://www.ebay.co.uk/itm/306908216817?_skw=BMW+F30+LCI+LED+headlights+set&itmmeta=01KR3RRT90MXEBM8FDTXM1F2V4&hash=item477527bdf1:g:FyUAAeSwmH9p8ec4&itmprp=enc%3AAQALAAAA4GfYFPkwiKCW4ZNSs2u11xDe7RG22Qt08ratwaYlXJJXcyqlNOxZBoSaWrKpIHrg45hm0bfDdgFU7Njl%2BWF%2Fb%2FSvCJO7QZGi31A%2Bt%2BvSZsetAG7Jz197FHC9JynssydnzIJ%2BMaQcxFVtoll3enKDbuV4DBY25%2FvOO3AP0NVajb%2Fje0heWiO88tCf6wfUlDfoz7IE9juWJwq%2BCIQES1wM3qduVBiUB01Ynwsi49zKssSSFKlA3WV1eVBo661ZzvVYqvbqPwjO8W23oWIeT60JFSDWKCYd%2BN6sUBxOy0Cphe95%7Ctkp%3ABk9SR4Kl4_jAZw,single,False,True
BMW F30 LCI LED headlights set,BMW 3 Series F30 F31 LCI Headlight Lens Replacement 2016-2019 RIGHT DRIVERS SIDE (For: BMW),45.99,2026-04-08,Brand new,False,False,https://www.ebay.co.uk/itm/185535715871?fits=Car+Make%3ABMW&_skw=BMW+F30+LCI+LED+headlights+set&itmmeta=01KR3RRT91TQCMZ015KWB5QPSB&hash=item2b32ca5a1f:g:ngoAAeSwKsNpgXrs&itmprp=enc%3AAQALAAAA4GfYFPkwiKCW4ZNSs2u11xC327JHGS%2BPlK%2FdXRpyLTT%2BQpMWK%2BV9Ey7B9bIhN%2Bd0167zmp%2FlNBl7wAfN%2FCNS7gh8bLikNLBF%2Flx5M1a6OEsv1VOFzDKhHDzVTQ37vm1SSiYmn3M8LQ24AxTqoU6fl6E6AB%2FpPVhW8v513A6XEw1WcFqGxh9YNUEfrDhbPDOD5e3CsvCd6K1MTmO%2FToOQ8nuZpFBbMw2eigkb7cZ74EpsY%2BfXsmLlW9mg376V9lnkc5E7%2F7DsMs1%2FlcJBM--IsSFdbsw8yQ1he7%2BeUGmuZ5gi%7Ctkp%3ABk9SR4Kl4_jAZw,single,False,True
BMW F30 LCI LED headlights set,BMW 3 Series F30 F31 LCI LED Headlight Light Lamp 2015-18 N/S Passenger 7492611,300.0,2026-02-20,Pre-owned,False,False,https://www.ebay.co.uk/itm/168155579009?_skw=BMW+F30+LCI+LED+headlights+set&itmmeta=01KR3RRT91M97S9011P4VFXPS4&hash=item2726da8281:g:zikAAeSwvmdpjlZg&itmprp=enc%3AAQALAAABAGfYFPkwiKCW4ZNSs2u11xD6KsZvQGi0hf4y36EpykOFeX0VErdnKJzgbGppq96D7hfma9E%2FyD7ijwUpg2DHeFD4D7zNjb%2FqnCOo8%2BNge0g3iTuOUGnJzFihkEzF8%2BRJibgArt3nu7awhW8i8hTRh4LgHb7XVGGCyRBl4bxoXk8GvXQd73QqJNuewn%2FuH6vr9lcQLKCP%2B8Pi%2BwZPcWsdozpr9Q5i9igZAER%2FaMCf4y1XizTIgq3r0t%2FK4uEAjfwmKSYWBj0ZwfcwuviJspOWZ4JaNBG%2BebMh9edfuKxujdkjyNYYHsqxFVVg%2FP3Wk7gDIN4EftcCd%2F2TEEyLvFoYyGk%3D%7Ctkp%3ABk9SR4Kl4_jAZw,single,False,True
BMW F30 LCI LED headlights set,"BMW 3 Series F30,f31 2018 Lci Left Side Shadow Edition Complete Headlight",486.1,2026-03-17,Pre-owned,False,False,https://www.ebay.co.uk/itm/117088080028?_skw=BMW+F30+LCI+LED+headlights+set&epid=18066615356&itmmeta=01KR3RRT91RTN25AJ0BVHWZGX7&hash=item1b42fe509c:g:WUAAAeSwjlJptcs5&itmprp=enc%3AAQALAAABAGfYFPkwiKCW4ZNSs2u11xC9%2BWRj7Hs2DSt7kHtBLi7fi2p4NkG%2Bfieckfjrdq8xMkJFjhiZ%2FAufVwLRVvI%2FjlPYfA03mLGAy9nvtgooeyo0CfULfHGHVk7H7ijeT2R8JldxDixDkQu6ioa%2BJNqw7w3GCew%2FVlP0A9LUiUEPAmfmvvX0xbe3BmRUKEvu0snl353E8XbrjUG79lC9iqvzTRQ4Hn%2BA9MZI0T76a2YhaAF2%2FuOX%2BKEGEmGxCdiYAbQfJ1799CscCW1KvR4j%2BVamYtZTQvHgU3ne3rB6oH6PrUo%2B5dg1Uz%2FS93N5DpOwcKIO9%2FmCbogC6agyBmKai2PjJyg%3D%7Ctkp%3ABk9SR4Kl4_jAZw,pair,False,True
BMW F30 LCI LED headlights set,BMW 15-19 3 SERIES F30 F31 LCI LED DRIVER SIDE HEADLIGHT - Seal Damaged,104.7,2026-03-28,Pre-owned,False,False,https://www.ebay.co.uk/itm/156312893931?_skw=BMW+F30+LCI+LED+headlights+set&itmmeta=01KR3RRT9129WYF6BXZFFNB5D6&hash=item2464f979eb:g:vF4AAOSwZotmm31V&itmprp=enc%3AAQALAAAA4GfYFPkwiKCW4ZNSs2u11xCLPdR7u%2Bz4lg7PekeRx1Nkwf7JcJuzPpMKrGtkzuuGRJfOPZevVaXT5ksluyIOERB7f3wY2Rwc0OpjxEGd0Q9zxS0h%2FX2rzGYO9anv6mrOwQ0RVuuGd%2BcQmAwdOZfj8MIzjdlzD4HkLSoTp0ovAYqR%2FTFA0HTMOhonKhwDyFLuC5ZbsWtXx%2FJEtxl6VA39xxvrHRsrdr%2BC1%2B30wR8WDUFFuwVJJ988Kd7S63b8rz7YV85W4T91T6sPlXSRq4BROX2THLvNcnkI0K8OHq9q78eO%7Ctkp%3ABk9SR4Kl4_jAZw,single,False,True
BMW F30 LCI LED headlights set,BMW F32 F30 F80 F82 M2 M3 M4 Adaptive LCI Xenon Headlights,618.7,2026-02-09,Pre-owned,False,False,https://www.ebay.co.uk/itm/317158159742?_skw=BMW+F30+LCI+LED+headlights+set&itmmeta=01KR3RRT91ERK9C4B5MZB7HZ7Z&hash=item49d819757e:g:oFgAAeSw5LpoleAL&itmprp=enc%3AAQALAAABAGfYFPkwiKCW4ZNSs2u11xB1O6Ci%2F3UnQ2Q47PRm8BYee54uRDEITKBos%2Bdmm5OsobVUsu1ey9kvIHURv6yOQmTv%2BFti%2B0EGsTZnWkC5mLYskCLKlOUAKBGYRMbA3Z6c4p8Z%2FIv4yH%2FJi1imFPpv7BTSfHnliLzaKqh5NDpEup8T8B3xh8Cxp28H77WSKRVHPj1G5EznHXuqRdytuahlYYyJ%2B9fUNhHR%2B5FaPLE1BL%2BuotvsX--Nlkjy8BoG%2BIwnAhr29FqpM%2FVHSbbOstMBRyi5%2BMI3uxCskGno6sqJJ9d%2BBxLm2v2JS9zHEJdRnOdeb9bNWajh38qiEXEfaIP1ypQ%3D%7Ctkp%3ABk9SR4Kl4_jAZw,unclear,False,True
BMW F30 LCI LED headlights set,BMW 3 SERIES F30 F31 LCI PASSENGER SIDE LED HEADLIGHT 7377847 (26),669.7,2026-03-22,Pre-owned,False,False,https://www.ebay.co.uk/itm/286863082902?_skw=BMW+F30+LCI+LED+headlights+set&itmmeta=01KR3RRT91KAE2VD4NRDM3YB37&hash=item42ca5f4596:g:izkAAeSwtvdo5PlM&itmprp=enc%3AAQALAAAA4GfYFPkwiKCW4ZNSs2u11xAxpHhHYRMHz1ExhyfxzJlKjQchEhcvBIvTi7t86QoY8SCWZ9lJLlYaO9rFckqTFFV39Vx9MVdARntvdzAdtqJD41CKhuHAle%2B5P9YdVHV%2FkFtaqUy%2BgI%2BlkoqqVVH7gxmaGxDoBZAZLMkXsEBpqqro6x%2BTkpoCwb%2BiFoVHaScvkVQ4K7NYNviqqw1V7zl7IJ9NdBm%2F0usL9pEyEi2W4jw8jATMWuapKFBXYfvp%2Fnrsy%2FxQR%2Bj0Kr9abnGnrW7yPJAOGaMm6O1XuHzheAtaDq%2BW%7Ctkp%3ABk9SR4Kl4_jAZw,single,False,True
BMW F30 LCI LED headlights set,Genuine BMW 3 Series F30 F35 Driver Headlight Right LCI LED 2013-2018,280.0,2026-03-31,New (other),False,False,https://www.ebay.co.uk/itm/147081113248?_skw=BMW+F30+LCI+LED+headlights+set&itmmeta=01KR3RRT91QQK5T8Y0RBQ5JHEF&hash=item223eb7aea0:g:ZO4AAeSwzqlpVGAe&itmprp=enc%3AAQALAAABAGfYFPkwiKCW4ZNSs2u11xBaJ01fy7lBo4YvuCp%2BqdqLF5f1u7tkkFZTPOkgiYc5J66zWRSS%2F5uT%2BG2N8rZ3S%2B9fWCKFbBnrZn7niZhB9zFSRc3KQLZM1FTMjUlM91FxLvNvaSNmd7wZt%2FsjquRZdNiyaSn0rZk%2Fuz%2BY0rFdyz6l1InR7VsBJuuDzruEIPcGi3fSnMaTMzDhChcxQPCHDQ8KtT3OVOM51VE%2BW%2B71DpvAGcq0e72jzxE9wp5VwIqKqTF%2FAzGmF0%2Fox2uW3tk0yHYSjObhAMlwNmvhfhqz5tvKVkA3j3bkzJv26nReIqYbs4AWVB5e9MkFV6zF9OYORJI%3D%7Ctkp%3ABk9SR4Kl4_jAZw,single,False,True
BMW F30 LCI LED headlights set,BMW 3 Series F30 F31 LCI LED Headlight Indicator Module LEFT 63117419619 7419619 (For: BMW),35.05,2026-04-28,Brand new,False,False,https://www.ebay.co.uk/itm/255700441135?fits=Car+Make%3ABMW&_skw=BMW+F30+LCI+LED+headlights+set&itmmeta=01KR3RRT91CYY7K2K21DKKNEKW&hash=item3b88ef182f:g:ygYAAeSwHbhpJIs-&itmprp=enc%3AAQALAAAA4GfYFPkwiKCW4ZNSs2u11xAUy5wdfWKVEbJRL7h%2Fbt%2F%2BIM%2Bk00Mke978uWEVZvNc4UXiyMxynUDM7aKt0PG1cQtqlLK0DIPHyRFq7PTjqakeae731qZd8MemG6QwQQn8Vx8BVZpPrRdX5vE0bG0d%2Fyw1BtY3YwICeuNume1UdPQXO0NalsWRSqv9W8gpV3T7i8ZPOnBjQn0oXxj5TNcJgHigzNhfMI1CWg4qhZgfgwA%2BcYLSlkR3uKS6O0tbNANuinHygPB8FftXFBGn%2FkQ3OpPBCi019xES6AGJYhVJOXjO%7Ctkp%3ABk9SR4Kl4_jAZw,single,False,True
BMW F30 LCI LED headlights set,Genuine BMW 3 Series F30 F35 Passenger Headlight Left LCI LED 2013-2018,125.5,2026-03-02,Pre-owned,False,False,https://www.ebay.co.uk/itm/168173038628?_skw=BMW+F30+LCI+LED+headlights+set&itmmeta=01KR3RRT91872F6NYP3B838WN4&hash=item2727e4ec24:g:1ZAAAeSwP9hpmEPs&itmprp=enc%3AAQALAAAA4GfYFPkwiKCW4ZNSs2u11xDtvMpmwsoRT0zkPrUMId1Q6Cb4wcsFAFi8EdPv%2FHxKoju6Xh4Jz0O767ndLCGjt1LMcJaeydUAfWckPe8jxsEs42989C05LjoHDn6Kop%2FFDFus8OONvXfQLnHc84k%2B7lmnDgyZiA%2FXDEz%2FRci4xIoFt%2FwDrEzdzhhlx0HTiCE87xjLtk%2Bnbwz8rlmkhbzapoDw57beljoMULtgP%2FcxBkC5NCca588H8JeEM%2Bb3o5cRLMhf09qCk5Tn50%2BNPdwIF702dIH7y7gu8E4SqtGS2F2f%7Ctkp%3ABk9SR4Kl4_jAZw,single,False,True
BMW F30 LCI LED headlights set,Genuine OEM Hella BMW 3 Series F30 F31 LCI Halogen Headlight LED DRL Left 15-18,177.5,2026-05-08,Pre-owned,False,False,https://www.ebay.co.uk/itm/406877987465?_skw=BMW+F30+LCI+LED+headlights+set&epid=14016361240&itmmeta=01KR3RRT91BFJ38MHTR90DF7RQ&hash=item5ebbd16289:g:erAAAeSwZK1p6L94&itmprp=enc%3AAQALAAABAGfYFPkwiKCW4ZNSs2u11xBA3bZ%2FTqmg0NDuWO7nWW1rAGuBHxRDO1ZQ378XSQMHPNpQRM4MUFGnJP6OJuFAaGp%2B1Cxc1As9AdrbJ5vr2aym%2FVP9l60d63mslMQvIOIq3PPQmp08kNlh%2FlHTlapVEufgH7Pr8SjLLH5KM8imNsa2THRD1KktkgcxaR6DBG2AQAJEpdwkv44oHuyN1YJ66waaYVSleQAqXbHCFG12SbDoPTuw7HJSof4nSV9d%2ByoJTg9j1aGIkYOE30SFjMKHQ%2BhqSDfxPkT4tRC%2BR8GZCtissuzkbXLqwvW6wMBAzr2ZV79w9grI1Rs6%2BDVg8M6bPAQ%3D%7Ctkp%3ABk9SR4Kl4_jAZw,single,False,True
BMW F30 LCI LED headlights set,BMW 3 Series F30 F31 LCI Halogen Headlight Driver O/s Right 7365598,95.0,2026-03-24,Pre-owned,False,False,https://www.ebay.co.uk/itm/206162050662?_skw=BMW+F30+LCI+LED+headlights+set&epid=8007670353&itmmeta=01KR3RRT91JMNX3QBX8MWYGQ0M&hash=item3000373e66:g:McQAAeSwzadpwbAw&itmprp=enc%3AAQALAAAA4GfYFPkwiKCW4ZNSs2u11xD1N6Sh7G04UHviAkM9Ezv6rCs%2BkKwgqD7yGJUzkLkhtmBUK4VD9xkONQ8VcvL4iq%2Fxcl%2B86129yHzkM8%2FkNGV3SGa9Liz%2BBZk%2Foi784K1YxxLySThKKii5qAMkHILL%2BEHlnZ82jbY%2BiVCGdxfhEAy4--hgYm%2B%2FXDg5mVLfXvvw9%2F33Q6MK8gYKcvv68RF349cQsE5OfjPdE0MdaHcQl7TWtzrPFklSrLuEXWWHglqM5CRJ0%2Fjbv1V74x4Ez%2FNxSCfqOW8ifGkf0%2FqJq%2B3c9WNp%7Ctkp%3ABk9SR4Kl4_jAZw,single,False,True
BMW F30 LCI LED headlights set,GENUINE BMW F30 F31 LCI 2015-2019 RIGHT SIDE LED HEADLIGHT 63118492472 (33),669.7,2026-02-25,Pre-owned,False,False,https://www.ebay.co.uk/itm/286863219675?_skw=BMW+F30+LCI+LED+headlights+set&itmmeta=01KR3RRT91ZNXX1VC1SMJ19SFV&hash=item42ca615bdb:g:3mYAAeSwwfdo5Q5n&itmprp=enc%3AAQALAAABAGfYFPkwiKCW4ZNSs2u11xCreMewDaadD7d6DIv2FYGfQFckuSEecO8BfOP5dZga7ySAU%2ByS4d1%2BZLTAo0wC9W1RuA37Ol2go7Q9DL7hz2RUWSkqTfAs6q3t--vyqvG%2BZeOL%2FTjbhRqp7RGI%2BVAHlPE6yx%2BGM4X7Iz5H6fnbuFRtTzQ68H8zJjWKmJonw2CvPpSh2bqWMHMmjaGRcu1x7Dr495GBDo8SY2wVdJ3%2FQPyjddrzrBj%2FD%2BxZ%2FaEgfm1C5EmiJErBrk1fTzLVsVzMmYwjjNZFVxSgpB4KzEgo1TxOgCoNL2FJcQXIyiAJ9fi4exfvlDHs83B5fE56W3gEoWU%3D%7Ctkp%3ABk9SR4Sl4_jAZw,single,False,True
BMW F30 LCI LED headlights set,Black LED Light Bar DRL headlights for BMW 3-Series F30/F31 Saloon/Touring 12-15 (For: BMW),449.95,2026-04-02,Brand new,False,False,https://www.ebay.co.uk/itm/374066766853?fits=Car+Make%3ABMW&_skw=BMW+F30+LCI+LED+headlights+set&itmmeta=01KR3RRT91YF7ZG01XHSTDGNVY&hash=item57181de405:g:~3QAAeSwdj5pzF2P&itmprp=enc%3AAQALAAAA4GfYFPkwiKCW4ZNSs2u11xC%2Fn7h4k6q0kAFGNlP%2FkHeIKvlAKl40ELUBK3TUmMTUFUHW98mSYh8IAULLICIiAK5KYKAw%2F4YUP%2F1axHnkASRwDk%2BqEYw8gJThnMerC6W70vaKC1DxiFEkmz1FvQ5C7S247aFY5P2Wq%2FU7ukw0nnLibcMzqAp196cQwyV6uzRYK45dgl9ToChDLoXfwdPYqK%2FyuEty0MYydbYa39Ia3g6CnrsTW8AbnaM5S6EaO2IkloDXdgFr%2F7nI6dr592jAdgBn%2FeyFToENq7nfkNCy4vrD%7Ctkp%3ABk9SR4Sl4_jAZw,unclear,False,True
BMW F30 LCI LED headlights set,BMW 3 SERIES F30 F31 LCI FACELIFT FRONT LEFT HALOGEN HEADLIGHT 7365597,265.0,2026-02-12,New (other),False,False,https://www.ebay.co.uk/itm/168147943022?_skw=BMW+F30+LCI+LED+headlights+set&itmmeta=01KR3RRT91SS1XQ4SXR0AFQS2C&hash=item272665fe6e:g:1lkAAeSwaJVpilCU&itmprp=enc%3AAQALAAAA4GfYFPkwiKCW4ZNSs2u11xAsK4%2FFaR2lJOWUU77HqQx%2Fh%2FB7uiX4cE78dtRrfjNHiSu74MYohN65%2BQa1KMvGd14wM9GIxVfu9LIxz%2F%2B50VcYIibFfhmaB017H868%2BD1Z0Nv43ZdTaV3DdW6ejMO5N21rL5eJO58hlkmz4rD%2B1v%2BYNaZDjTwGgu6BcE5KHHpoO7gQU3pbS29%2B741SMRafAF4ArLGdLEoUhme9n13t%2FJuzlwC5%2F6%2Fq%2BeJeOU3XjuSmUf5okN4by1xkaqbNghReBReW4db3U4JcsgD2W2ZVcxMW%7Ctkp%3ABk9SR4Sl4_jAZw,single,False,True
BMW F30 LCI LED headlights set,BMW F30 F31 LCI LED Headlight Wire Plug Headlamp Light Wiring 7453483 (For: BMW),14.95,2026-03-02,Pre-owned,False,False,https://www.ebay.co.uk/itm/276602764715?fits=Car+Make%3ABMW&_skw=BMW+F30+LCI+LED+headlights+set&itmmeta=01KR3RRT91W3XKNC95TJ9JE2WJ&hash=item4066cf3dab:g:kBYAAOSwit1mxEfF&itmprp=enc%3AAQALAAAA4GfYFPkwiKCW4ZNSs2u11xDjyA%2FY%2BhZN9OFVJjm7mpE7yPOp0Kw%2FdqJMUcDefp0g4iXBZ9uSfHjQszYltuCO%2FWO%2BYGht7SkohC3YN0EH3XBmX6gCc6w%2FZ66Lv23V%2FPBYEKG9orJKif7FbNWgmUahi9lvtoPxg4BpHi2ZBH4ULlwSqONMJgzMHV27BBp4Y93aBTZIQ%2FWEqHlusePQYJzywDwOt8ZNUcYKY86lE2nOY9H%2BIiJgFSc97Yua83VuVdZSmxzOCDqGxfnjQZhya8zyiDe76nibvXa8%2BVDx%2BERHf0dY%7Ctkp%3ABk9SR4Sl4_jAZw,unclear,False,True
BMW F30 LCI LED headlights set,Headlight BMW 1 Series F20 LCI 2015-2020 Halogen With LED DRL Passenger Left LH (For: BMW),189.95,2026-05-06,Brand new,False,False,https://www.ebay.co.uk/itm/296862918672?fits=Car+Make%3ABMW&_skw=BMW+F30+LCI+LED+headlights+set&epid=12093226909&itmmeta=01KR3RRT91Y5GWCAB3FT0J71D3&hash=item451e68a810:g:C0gAAeSwdkZo9j2b&itmprp=enc%3AAQALAAAA4GfYFPkwiKCW4ZNSs2u11xBRnDU7w0JL32BC%2FbMLFVU6D%2Btbk9xaJIGju0vgxxW%2Fw5lkOwgfILVsWTO4Skb%2B5q2u3KgRSHsF1ZlCYIfhPLFSvJJSqENP%2FuaM9p8F2PFQF%2Bs1ZyeWykUA9TCCmfsQDdG9aUt9F8OhXoLbYQ3hPkKrTfoeleuXRCUdFBpC4q5WNUoRqrxa4v7MPz%2Fk%2BYZ38N4y6hAODgDZKvDmBzfBTTboAztLC6uHqqFF4t%2B4mudCaA2c8Jz2gLpjEVoEsKE%2B8srkjDwUNWaLvwhp5ir4gNXP%7Ctkp%3ABk9SR4Sl4_jAZw,single,False,True
BMW F30 LCI LED headlights set,BMW 3 Series F30 F31 LCI Halogen Headlight Passenger Left Side 7365597,199.99,2026-02-25,Pre-owned,False,False,https://www.ebay.co.uk/itm/157707354543?_skw=BMW+F30+LCI+LED+headlights+set&epid=10006040495&itmmeta=01KR3RRT92W9CSSPAAHJYPTARN&hash=item24b81741af:g:CvEAAeSwe81pnq9M&itmprp=enc%3AAQALAAAA4GfYFPkwiKCW4ZNSs2u11xDdGJON7HhKC7m%2FZFkBsHcDcSw9ZJOFl8QITrxXOJn4VMkv5bzYYshYQr1UQ7pHUDvft6Z1dgErfm6x5MuvNj3%2FZG5ZsBx8Eit2CpI2%2FayVbnFod4Z5awELAZEkrLKsGoq3%2FbTg5S4Fmq7sJuqnuPzqNx8czXikxkEguzlNHifyL7TH890V94k0XjSpBB16A9umqA8sWUanocf3pJP7mmemIiruBhk2cOrXerWA%2BMLwH0NpnptSDLwTNebWcHeLG3oBxXmgClgzJ9x0Y7FvN3ld%7Ctkp%3ABk9SR4Sl4_jAZw,single,False,True
BMW F30 LCI LED headlights set,For BMW F30 F31 Pre-LCI 3 Series Yellow DRL LED Board 2012 - 2015 63117398766 Uk (For: BMW),32.99,2026-04-30,Brand new,False,False,https://www.ebay.co.uk/itm/188029090294?fits=Car+Make%3ABMW&_skw=BMW+F30+LCI+LED+headlights+set&itmmeta=01KR3RRT92HWQ486G2GNGPE1FH&hash=item2bc76839f6:g:zMoAAeSw-M9phNIW&itmprp=enc%3AAQALAAABAGfYFPkwiKCW4ZNSs2u11xCJW7vCgtDCl%2BXard6FY2wtVAdENS%2B2EM2qhXiNf7NCN2ydXGrdqpoikBK1t0rYOqBRIDBdJv3u698t1FDpTQ3sPZqkYP5RMK3u3M2I2u4Q%2Btipt4vQiymCajUrtonKKOo%2Fb%2BFARoJWK21yC4K6gNsvmJzuZhnNtGZiEu9ZdRjtdRqVOdAALB3jc2x6rSe9E5hBkKuVDEJZH5CuwTfO0B2wSvxaTwmhPtZekKMSBNR8OsKA77Zk%2BqmldlsdmyeR6A6EyXUlZLLwK6mO21tGKTSDhofQZg8BO3VzJnLQJ9sWRw%2B%2BMYY8KNmbnmrePSm%2FKmA%3D%7Ctkp%3ABk9SR4Sl4_jAZw,unclear,False,False
BMW F30 LCI LED headlights set,BMW F30 F31 Pre LCI HeadLight Adaptive Xenon Passenger Side Nearside 7259547,450.0,2026-03-13,Pre-owned,False,False,https://www.ebay.co.uk/itm/147170395873?_skw=BMW+F30+LCI+LED+headlights+set&itmmeta=01KR3RRT92NX1EX9RBHW17YZSH&hash=item22440a06e1:g:wf8AAeSwHiBpnc04&itmprp=enc%3AAQALAAABAGfYFPkwiKCW4ZNSs2u11xAZf1eZOacmGJIsaLJll9FWLccsCfrvx07E1x1VFkkDteuuyR%2BoSsGbdDFC0SeQJ9AlkoBRs99mLKdpZ1ipOPLmGcwfkqyQ4iEtDCh5kU8Le1GARiYti%2FoUuNps5D%2FKtUfWqorUAzlxl8ZGjaONNuBBIG9cF%2BEFciDqIj0%2BcftYQRYTE3ODELABJem25eWeKfcdrK7Asl%2BwKb8Dxn3E3196ZOOscxXssggGVhl2Y3n7rXnk6zUATr%2BstJ3uDa821wypRavwbg69jkSCvn9u2t%2FHtQINGvuDd%2FVN%2F%2BTLURMUSPZuM4i9ffOlFwZ%2FEsyF8Wc%3D%7Ctkp%3ABk9SR4Sl4_jAZw,single,False,True
BMW F30 LCI LED headlights set,BMW 3 SERIES Headlight O/S Drivers Right F30 F31 Pre LCI 63117259540 (For: BMW),129.95,2026-04-24,Pre-owned,False,False,https://www.ebay.co.uk/itm/206195234556?fits=Car+Make%3ABMW&_skw=BMW+F30+LCI+LED+headlights+set&itmmeta=01KR3RRT92T70T0EXYFFHXD76K&hash=item30023196fc:g:PO8AAeSwJ-5p1N6s&itmprp=enc%3AAQALAAAA4GfYFPkwiKCW4ZNSs2u11xAqlFP8uPyHt2rVF1GXvFT6itucjti%2BSYV2EvN66Oq3TTkwhapcdtb8%2FMWrOsemV0bAwoxTHVdEG5nqPwAzkoMxsoP%2Bev6i2QHXqvzFB195LpXcjqQb7NuX7FkyawbK9chLCRFTZcuXgMhcpMSTs5UX4GKd6oFObGCLYgzwRkaFarB8Bm3X1wNotNfiIyHnh%2F69xHUAqDUkonXg%2BjyYvUEmQOhq8DoUjwU%2BDnfP0d9zE4xA18euSCdA26A5r21h5IWf3jUdudbG%2Bac9Ea9zF2HP%7Ctkp%3ABk9SR4Sl4_jAZw,single,False,True
BMW F30 LCI LED headlights set,BMW 4 SERIES F32 F33 F36 LCI LED HEADLIGHT LEFT PASSENGER SIDE 7498915,320.0,2026-04-27,Pre-owned,False,False,https://www.ebay.co.uk/itm/156808706747?_skw=BMW+F30+LCI+LED+headlights+set&epid=25023050667&itmmeta=01KR3RRT920K5FE2M94XJC0ZC2&hash=item248286fabb:g:08YAAOSwOGBn0~hG&itmprp=enc%3AAQALAAABAGfYFPkwiKCW4ZNSs2u11xA7tP1INm%2BpF96UGOzM6du3ifCfWridmg8anUuRChblbOm2bNpAicUuThXyQEEt8J77jtVM%2BMH5hdQFQj0OJ7fg%2B7HU%2ByXj7NvRTu0Bq9tX6k%2FN8vxoRgl%2B%2BnKO35dff6IzO%2FQ59saajaEqJF7KzD4%2F1iVYUrXXIqUyzbc4P3nNOUpYbziQB98pPOD5SHCXUc%2By2WkNAm0H7jND98VGh6%2F3MyphWvpLFtnaz5TuzqdvCuJ1abupHG9jjTTpSbblxoLxC6Vif1fSGXRfqfBT21JlTAgEeN2ubV81Kuuje7GVNO6MmVn%2B84s5pMMHnNOQAsA%3D%7Ctkp%3ABk9SR4Sl4_jAZw,single,False,True
BMW F30 LCI LED headlights set,Headlight BMW 1 Series F20 LCI 2015-2020 Halogen With LED DRL Drivers Side Right (For: BMW),189.95,2026-05-06,Brand new,False,False,https://www.ebay.co.uk/itm/386427753891?fits=Car+Make%3ABMW&_skw=BMW+F30+LCI+LED+headlights+set&itmmeta=01KR3RRT92FKM8E3PB61RN4TGW&hash=item59f8e395a3:g:oT8AAeSwFWxo9j2N&itmprp=enc%3AAQALAAAA4GfYFPkwiKCW4ZNSs2u11xC8I2PyJkKVvOtLWqEW6s32rGJ1aUOQRjsH0y4%2B3OrTmlrUbD6rFhJma0Gy7%2BM1%2BLkKoMeZbMSgO%2FTUhcjXbd%2FlgeXXLx%2FX9T1nepV2aQtY3tGfT6kq61WDoqdHzqdGC%2BNF99ofMoWb1o6qkPeOHXCADQGdfV0mY5l--zzgy1U4o4Fr%2BP41qDjgrxq8theDH54HGnvh8vo6NwyuTyunzNsPHgEwSDgEXnq67ZR9dv%2BEdZ1p6gYeiEFG57nXxqG9Z7zLWRzxTgMxxBFHVCKBvLho%7Ctkp%3ABk9SR4Sl4_jAZw,single,False,True
BMW F30 LCI LED headlights set,BMW 3 SERIES F30 F31 PRE LCI COMPLETE ADAPTIVE XENON RIGHT HEADLIGHT 7259548,450.0,2026-02-23,Pre-owned,False,False,https://www.ebay.co.uk/itm/326847548493?_skw=BMW+F30+LCI+LED+headlights+set&itmmeta=01KR3RRT929GG2J6WFAN5G7BJ8&hash=item4c19a1cc4d:g:3LAAAeSwnRtpCJsI&itmprp=enc%3AAQALAAABAGfYFPkwiKCW4ZNSs2u11xBj%2Bqm8c1UrIXbJvNFOBok9Hc5pMauQ2huCNYM8Li9R282XU6bt2T4UkAbjmHK3WNpnXKq2Snvc11Jj6S5iGRnamnprcqqY4fGHL4e2E9S7wWR5UTYiXl1y%2FltJJNCZUNODFFzrXN7PtkIsJlfDBq9In9xS0ZZvUmS4OJgLoC%2B0BMQdN1IYS2OwpuzV%2FXWUok50mAJvIV6gB9p43YTxprtuW9eL%2F7IkBb5FTIkjx5e94wKoBmdPzoC3hUEJFaUTxI327cSK8XJ6l6GuC%2BoEoYyodl20TTpeNfxHxULP3epqu8iXjmYZEo%2FtoKkFeO3zIss%3D%7Ctkp%3ABk9SR4Sl4_jAZw,pair,False,True
BMW F30 LCI LED headlights set,BMW 3 SERIES F30 F31 COMPLETE LED HEADLIGHT RIGHT DRIVER SIDE OFFSIDE 2017,449.99,2026-05-08,Pre-owned,False,False,https://www.ebay.co.uk/itm/277967298693?_skw=BMW+F30+LCI+LED+headlights+set&itmmeta=01KR3RRT92YVVQ46Z7G62JEVR1&hash=item40b8246085:g:KEUAAeSwuzJp~Pva&itmprp=enc%3AAQALAAAA4GfYFPkwiKCW4ZNSs2u11xA%2FgXcJCtVgW%2BdkaoAmz%2B9j5fgupI%2B%2BH1mrYB5jzwseO%2BujJeSHemL82lKqJEGrfCT0elQdhSGI1Y%2BqXzn0ZbDg1pcWMn3IlM8ztUQ2IKoOkIYkqJZfZAT12yzoMDqjcGfF9W8WJaclnuQ2UKOe1RR8DCNdBjfRXR7sEudqLqhYfy5DfVt%2F65dGowIKPiqtShcAq3beAi6VPe4n3kjyOkaJbOfL2kGSlUo3SiZWsB1BcNK2qHbgqq%2FozprB2M7KeotUHGnAIWklajif4RvJH1aD%7Ctkp%3ABk9SR4Sl4_jAZw,pair,False,True
BMW F30 LCI LED headlights set,BMW 3 SERIES F30 F31 PASSENGER LEFT FRONT HEADLIGHT PRE LCI 7259539,89.1,2026-04-13,Pre-owned,False,False,https://www.ebay.co.uk/itm/157790718282?_skw=BMW+F30+LCI+LED+headlights+set&epid=838132545&itmmeta=01KR3RRT92AKH3JAGP36HJ0NRP&hash=item24bd0f494a:g:IqAAAeSwJQ1pxoyM&itmprp=enc%3AAQALAAAA4GfYFPkwiKCW4ZNSs2u11xBGNBPHjooZoP5b%2BzxWFahxIhbWISuhWlw7gtzZjzm9lmiiETzmqTxkSAyRT5w7CVXdcc8JxE%2Fm207RcrMtyeZdk7VEYMvJmqlP4ZIC%2BBiYeb%2FLyuDhuk6B8F65zx%2BcQ33xt80o7heUganABEQ%2BfrMRSmXTGwPsaRxVTK28SXd28Etc7EOphMw2suHVSL6bwmtFHwcdmNdszraxtA9Qh0tZ66tj05lEbzFC31XnHeL2%2FvZ%2Fe4KTZDXE%2BMVjg0kLxMrGaN4RF%2FJNs9UY5HK%2FTtt2%7Ctkp%3ABk9SR4Sl4_jAZw,single,False,True
BMW F30 LCI LED headlights set,BMW F30 F31 Pre LCI HeadLight Halogen Passenger Side Nearside 7259539,100.0,2026-05-05,Pre-owned,False,False,https://www.ebay.co.uk/itm/147270174591?_skw=BMW+F30+LCI+LED+headlights+set&itmmeta=01KR3RRT92HG2D10835B6M57MH&hash=item2249fc877f:g:10gAAeSwSihp504~&itmprp=enc%3AAQALAAAA4GfYFPkwiKCW4ZNSs2u11xAIlyU2L%2Bu%2F2tofXxebdsjBVsbrlq%2BscoZtUjRdahCMoz49mmYiywzJdNQzyxIQOXAETaqteTL%2FLucJ6aVD2vJnmkb46bZeICB5V%2BrlfUqJTLDrn9h3vcjumZI3pxpLRBlx8Oxj27ABmLMwlFm%2F59UUOfnlmyZMCoa0WoRCycj7I7g9ReHv7JZzPP3rRbiFXlpQz4gqH0LWE%2BCYI29fEzXuIoSj7LNBm1TSBPbN9vFnzc36DjCCRd%2FmqLKOFDgeZr5LKjq4nxAinEX4h8Xbxd73%7Ctkp%3ABk9SR4Sl4_jAZw,single,False,True
BMW F30 LCI LED headlights set,BMW 3 SERIES F30 F31 PRE LCI BI XENON DRIVER RIGHT S HEADLIGHT 7259548,249.0,2026-02-13,Pre-owned,False,False,https://www.ebay.co.uk/itm/157663422404?_skw=BMW+F30+LCI+LED+headlights+set&itmmeta=01KR3RRT92CP2YGC7AK4ESHJW4&hash=item24b578e7c4:g:x0YAAeSw~hhphC90&itmprp=enc%3AAQALAAAA4GfYFPkwiKCW4ZNSs2u11xCCRKq0SaY8t1545o9HSnMjj%2FfXbOpaEB84N%2F0Ya3gUgFLRJaEHZxgR%2Bn%2FdMl4dZuay%2BMRpf46%2B0od6isE8S2fraqGYPBkXQYMlY13jhq13q9TZ%2FZ5OHyCj0ZLypjqmqy9ooksyfF81dv%2FsA%2BcymdYLRn8Bpvrqwe%2Bza1o%2Bc9rMyWFJ%2Bmf8HO%2BYin97BRuNZyyTr4zpZd%2Bt7leaURL6A%2BmcYkR8EasQXe81ejv%2FnKpVMY1GvV0lYoG%2BdvDJ%2F7DcVS2ruazXvzD6fSARaIKLzZpX%7Ctkp%3ABk9SR4Sl4_jAZw,single,False,True
BMW F30 LCI LED headlights set,BMW 3 SERIES F30 F31 PRE LCI DRIVER RIGHT HALOGEN HEADLIGHT 12-15,69.99,2026-04-20,Pre-owned,False,False,https://www.ebay.co.uk/itm/157835240032?_skw=BMW+F30+LCI+LED+headlights+set&epid=2093198872&itmmeta=01KR3RRT939VHG6JQ7AMKE0QTM&hash=item24bfb6a260:g:mvYAAeSw7kpp32cR&itmprp=enc%3AAQALAAAA4GfYFPkwiKCW4ZNSs2u11xDCs7YMpzx%2Bt9tRD%2BPN2nSmUeZjXv3JhZDTCSaQwmYtbw%2BRI9nRRt7TTXp80DY%2B23JMjt182FoBoRnaXS5gFRySmCPFEQvm7Z6FvQYICbk4OiUaqaRSqF0FrsOFOWdCpI8xA4ulZoNo7SszWPD3j818blzBSY7qaJytkFJei9Cf757S2U%2FM6Ju8CXbAHMjgWnl1qXIddQ6nOfvEZdJo%2BM1T4hRpOq33P7IgTwilesnTi3omBRjEm1uD5KkoL%2BF4fE7UOsMSoMIEweCDZkeUrhnJ%7Ctkp%3ABk9SR4Sl4_jAZw,single,False,True
BMW F30 LCI LED headlights set,BMW 3 SERIES F30 F31 PASSENGER LEFT FRONT HEADLIGHT PRE LCI 7259539,99.0,2026-02-09,Pre-owned,False,False,https://www.ebay.co.uk/itm/157643150924?_skw=BMW+F30+LCI+LED+headlights+set&itmmeta=01KR3RRT93Q28GZD1AJ6PB1MBP&hash=item24b443964c:g:IAkAAeSw0MNpeeOR&itmprp=enc%3AAQALAAABAGfYFPkwiKCW4ZNSs2u11xDixKa11eF7QP4MVG8Vu0OcSLCGv%2FFR66BBl5%2FVi0EVStS%2BNEKD0RgFTTCT1cGTPaNC8F%2Frxnys6QjSIzbNvyi1xYJBVeQ20uPBlUj%2Bi%2FU31HkVCxLNL%2BmKRuxaeUwlvBZD%2FAwgABaRj%2Fz1pZGujAIJ7gbYnZiEdSvNhVrWQ2dODRAe4EWe5byPK9T04zqZZeFFbht0t%2B%2BY3UU0T7EjE2M5B3qetoaNKNHhfqNKWErg6DU7HOwwFHaSJK0psIoAbl1ORE7DHGV9r7esxKtyn%2BFXwfIsNQSk4gr%2BRwziuAmyju%2BBDGQurvMLy2YcRqTjdgg%3D%7Ctkp%3ABk9SR4al4_jAZw,single,False,True
BMW F30 LCI LED headlights set,For 2016-2019 BMW 3 Series F30 F31 F80 LCI LED Headlight No AFS Left Passenger (For: BMW),358.8,2026-03-23,Brand new,False,False,https://www.ebay.co.uk/itm/389484946998?fits=Car+Make%3ABMW&_skw=BMW+F30+LCI+LED+headlights+set&itmmeta=01KR3RRT93HTGMNVGD30CXVYPK&hash=item5aaf1ca636:g:LxoAAeSwNaJpZKbe&itmprp=enc%3AAQALAAAA4GfYFPkwiKCW4ZNSs2u11xCYcUGWS%2FGkV0ux9VUq4GPTnZwIqQIz8axZcgmatYcxWhBdTRNnyblzVZAbDwkVzhTdOYkeSnLduAZrUL8cMTcfhlviBpYYBgKQ5YjeTL%2B2JqxUqDp9Ha6ZLVqNQPYoGeQ4%2FR6tFdteqVzQ8VSSPv2PaTGIpwzTXxl9sslhvcDisI6Tbijrzv3jTh1yRSKBcfPDySQdDqQhLF%2F1yWzRtQHyHuRAbXdKxbocENmU%2FAGcHxI4SEZCa5j48oknnznkrXRKuUGDie0PBAwhl%2FOPq%2Ft%2F%7Ctkp%3ABk9SR4al4_jAZw,single,False,True
BMW F30 LCI LED headlights set,4X YELLOW LIGHTS LED BOARD DRL FOR BMW F30 F31 PRE-LCI 3 SERIES CSL 2012 - 2015 (For: BMW),31.34,2026-04-28,Brand new,False,False,https://www.ebay.co.uk/itm/177913756496?fits=Car+Make%3ABMW&_skw=BMW+F30+LCI+LED+headlights+set&itmmeta=01KR3RRT93N09N873AWJZWF6C9&hash=item296c7c7b50:g:~cEAAeSwfqVp4ZeV&itmprp=enc%3AAQALAAABAGfYFPkwiKCW4ZNSs2u11xBm%2F7QUsmO6rF6c9bFMuj6AkEk3PyyNNIFPg%2BcU1JmLWkHPm8xCY15qIqnoVmW%2FpbpjpkqYkcPZbH7RmRyQrcxsC4UzYiSIrn50xF37NqYbW5JqU37Z4InOXYw97FoFj5vMQUZFM9%2FIQSB%2Fbax7puSXXhWIw8dJIXvdsrlHiZCeD0pdD4%2FLGffvmOxZ5Jbe%2FQ6AC8J2Lm3zqQzWZs1%2BTbMWrrbm6voyyVafhmUWcc1ucdyRQSQsd74FptPK49LkOW98PdMjOoMlrOGmMbNXC1u4QHKfruJ3L1PK1s10ih4%2Fn1EDtdCeQxHwh9sljgZ786c%3D%7Ctkp%3ABk9SR4al4_jAZw,unclear,False,False
BMW F30 LCI LED headlights set,BMW 4 SERIES LED HEADLIGHT COMPLETE LCI RIGHT SIDE 7478154 F32 F33 F36 (For: BMW),529.98,2026-04-29,Pre-owned,False,False,https://www.ebay.co.uk/itm/327079545622?fits=Car+Make%3ABMW&_skw=BMW+F30+LCI+LED+headlights+set&itmmeta=01KR3RRT93NCSQG9N6XW3XFCZ1&hash=item4c2775cb16:g:bn8AAeSwgV5pyqWG&itmprp=enc%3AAQALAAAA4GfYFPkwiKCW4ZNSs2u11xDSN3%2FH%2BBlmCzdXPxm9VxfmxEGZvEDg1t3TfaNYA10OJJ6FM8ntnyQIB2cblPxICbBGxNJyqklKuBNce4Scm%2BifdVMnCWqPaF6Y91USdMiYL2dNbb4N%2FOLZorveobxaK%2B1MtRU%2FWNzy1gwCGYwQMWd%2FxTXkNRLmtOfqKv8aqRwcXZ3JeGImFJtgLt1It4blBHPkFn7uvQZn0ePI5qIFWEvHoH4QNPGlSPeaw1w5LKgOKlKLNSq5zqFfZ4oLYClbyQtGcB5hu8nH5%2FPEirmN0AAy%7Ctkp%3ABk9SR4al4_jAZw,pair,False,True
BMW F30 LCI LED headlights set,BMW F30 F31 LCI Headlight Headlamp Lamp Light Front Left N/S 7365597 (For: BMW),249.95,2026-04-28,Pre-owned,False,False,https://www.ebay.co.uk/itm/267648168025?fits=Car+Make%3ABMW&_skw=BMW+F30+LCI+LED+headlights+set&epid=10006040495&itmmeta=01KR3RRT93DWWSCTB2ZY3K7VP5&hash=item3e5112f059:g:BqIAAeSwZeRp6c8T&itmprp=enc%3AAQALAAAA4GfYFPkwiKCW4ZNSs2u11xBSV0ZbOaY6wjt%2B6Tlq3oaoEDyYc%2Ft0NNxtjY%2B%2FmnfocmnJOx%2FUxsZbssvka2Oi92PZnFORuQNpXs9sXG2OV2V0H0pLEAtMfILloESnOF%2F2Gb5mzuoyOAzB4MIXzFKuWnS1gBZYBAuNaAAZQeSEJeh6t9lTXt8Ljo7bROyT%2BxQzyg4WkZKDz8Miyr2w8PBRQCw%2FYprCijq8%2Fknq65b0CQrQv1z8fXCmF1tV1N%2BD89uhYU2BcO%2BNKmazbctCxSoaTIQKioabGAr9s6otsVFAEY3j%7Ctkp%3ABk9SR4al4_jAZw,single,False,True
BMW F30 LCI LED headlights set,For BMW 1 Series F20 F21 LCI LED Headlight DRL Modules Set 7428425 63117428425 (For: BMW),19.78,2026-05-05,Brand new,False,False,https://www.ebay.co.uk/itm/126987369496?fits=Car+Make%3ABMW&_skw=BMW+F30+LCI+LED+headlights+set&itmmeta=01KR3RRT93R5DKTCM7EKH7QXES&hash=item1d91097c18:g:O1EAAOSwJiJn0AEA&itmprp=enc%3AAQALAAAA4GfYFPkwiKCW4ZNSs2u11xA5wcZfnzliHL6dbl40K5lK0lFljL9eyToInppvElq208UWzerRAKYHYsrutBh%2F28tPQyCzBhrveVGMQ3421p4HYhTb2isLjvWFRTnUxLLAo72bQNhIhl--ZQtlU3wqDyzdL8y8mE6clIe%2FbGhwZ%2BmmNO%2FQgIPeWt3AS%2FF5lzaoG6xPav%2BTp23LzRGNxCKceFLV9infkdR7Lzb940NDCRmrOACtN3TJI00AjFQcomvHgM0YNZYed3%2Bm2pGrIR0Ra9lIXS9DMzx0tSdUasK5DvfI%7Ctkp%3ABk9SR4al4_jAZw,pair,False,True
BMW F30 LCI LED headlights set,BMW 3 SERIES XENON HEADLIGHT COMPLETE PRE LCI PASSENGER SIDE 7259543 F30 F31 (For: BMW),429.99,2026-03-08,Pre-owned,False,False,https://www.ebay.co.uk/itm/327028552367?fits=Car+Make%3ABMW&_skw=BMW+F30+LCI+LED+headlights+set&epid=9014855692&itmmeta=01KR3RRT93AZ7TNJ784F16H1SJ&hash=item4c246bb2af:g:--sAAeSwR51ppw7E&itmprp=enc%3AAQALAAABAGfYFPkwiKCW4ZNSs2u11xDzXv%2FHNLThQ7pYX%2FwK1G1R3fHG2z8ziiOTiOlqyfoBRBgjPvuyzUQ6WhDsOH4s7cjQ3l9u40oiItp%2FgIo0VDkJrlSrJvOA8p5uzgErm7ovyJauBlGYSMVxajMD1nxoywHHGCU--CQJ1JfSOiONjrJOfAzIACzeNnmqQehk0S381FwN29Av5o5SRIVxDjpoafxp%2F7dEHsCF5hQbhSoLZfMTzChEQdDHmmf5dwW%2BP5EsS67i5uIRkT7McwpBoM6cTDc%2Fhv%2BsZNLDvhctGK%2FL3FIr9HujnPRYv6QzHziUyv69%2BRPMOfZ1a3VFuH9uiZJe7wc%3D%7Ctkp%3ABk9SR4al4_jAZw,pair,False,True
BMW F30 LCI LED headlights set,BMW 3 SERIES F30 F31 PRE LCI BI XENON DRIVER RIGHT S HEADLIGHT 7259548,155.4,2026-03-12,Pre-owned,False,False,https://www.ebay.co.uk/itm/156152065124?_skw=BMW+F30+LCI+LED+headlights+set&itmmeta=01KR3RRT9304SR753J5A25B375&hash=item245b636c64:g:bxgAAOSwqbNmDlvL&itmprp=enc%3AAQALAAABAGfYFPkwiKCW4ZNSs2u11xCj2gos8rk2BRh4L4lqmJfdrdOvx6HZlfb--IAOz2XNGRJRKTmYO0BYNXHFZVyHlWvl5v5ITCXZwDaQkGmHBwPlS6bq%2BufVzCRc3BeMZTNPnFe83Q5WhboQxAnLxQ3YE9AjU6SuafLWS3zoWKS0imr03tPjJBQqn9cqSdu5Y%2B%2B0tfHUBUlpUnxq8WH8ogsS4XP8kXdeTcxvWHaMhOTi%2FM9ANbwFN4DMnYCfpSQ60kPs6wzrS%2FQ2pq2Afe%2FtpGrpr0r4rQph0H60oPltQYzpwBpOnhgHHfO5Tu9lewaQbV7pbTgfnLX34ktr%2B399955dX3M%3D%7Ctkp%3ABk9SR4al4_jAZw,single,False,True
BMW F30 LCI LED headlights set,GENUINE BMW 3 SERIES F30 F31 LCI 2015-2018 DRIVER SIDE LED HEADLIGHT P/N 7214798,345.0,2026-04-08,Pre-owned,False,False,https://www.ebay.co.uk/itm/298156961194?_skw=BMW+F30+LCI+LED+headlights+set&epid=11043420037&itmmeta=01KR3RRT93RZHQ2659GEZ3BV8N&hash=item456b8a2daa:g:u34AAeSwvqRpwsnF&itmprp=enc%3AAQALAAABAGfYFPkwiKCW4ZNSs2u11xDQv4knE4e2zhYyfmOEy7qojfAhN%2FvgYj1pLm9c7LRw3I64X7a7I4r0Mfm5TvMWjIjEJC0KU5kj14%2FLXv1n904ZBnLeUSEeVBxA3HwMaacDWH4DhNPIiCQ5cwDZdmMf6I%2BINlvXKqkDcixLc751J5A8k7F5eSuzzLYbU%2FeBY3V0Pro4e88sid%2Fsg1AKpFODvNVybeqYPhsBwEA6lbfmOb4qiw7c2kjc6VOZdxtb%2FzbHNT%2F2MQNUDgew7CEsMKNLdtpNWV8ZC8jRNFOrJk%2FE1WQMtlmUyKfyQp9nAHSGczxHnSwR0EAqBtxEMqDz96D7HMs%3D%7Ctkp%3ABk9SR4al4_jAZw,single,False,True
BMW F30 LCI LED headlights set,For 2016-2019 BMW 3 Series LCI F30 F31 Headlight Lens Replacement Headlamp Cover (For: BMW),49.99,2026-05-07,Brand new,False,False,https://www.ebay.co.uk/itm/285150323639?fits=Car+Make%3ABMW&_skw=BMW+F30+LCI+LED+headlights+set&itmmeta=01KR3RRT93682TMNF38GS4JZXT&hash=item426448a3b7:g:JqQAAOSwwhZj7zM8&itmprp=enc%3AAQALAAABAGfYFPkwiKCW4ZNSs2u11xApEjH6Mrwz4qy6izvSa9aJr%2FUKkHLVVzxO2NmogwAeE9sjitUnIZi9i0DxAe6gjt3tUdMw%2BD2pOCivHIYfB2%2FTFrQqGsQT7cQePan7zAkr4oOqPZ%2FhygABqBs2iVAotiNGvBMqnD5L9jh40eHZHWLXLQ1QaxSv5w5wbleW2tSYzjDVSEq0i3MvcVD9jnt9ARdKZJKD50quFg9tlCCkb%2BCBNHW0k5wSD8h691%2FWPRKjCUIi8Uv7GGpF6xsJSgEVcJW%2FX1z0jIUJ%2Fetl14feWqL%2FayrcVxLB0eK8BHN8mn%2BqEaNVKHskPnmEERjvvBq9wEE%3D%7Ctkp%3ABk9SR4al4_jAZw,unclear,False,True
BMW F30 LCI LED headlights set,BMW F30 F31 LCI Headlamp Headlight LED Lamp Light Front Right O/S 7471308 (For: BMW),499.99,2026-02-10,Pre-owned,False,False,https://www.ebay.co.uk/itm/316306274855?fits=Car+Make%3ABMW&_skw=BMW+F30+LCI+LED+headlights+set&itmmeta=01KR3RRT936B3TY3SG1GG9MNX7&hash=item49a552ba27:g:9S0AAOSwrIZnsvr0&itmprp=enc%3AAQALAAAA4GfYFPkwiKCW4ZNSs2u11xCLjB0UihzyEQvciDjKCe%2FQt7UubVK7gyqgr2mgtUT8beQIw9cRuQLm5TLFgfbD2KDpGPu%2B3PfoUP5J7jAF5xZYYy7Cn8BQEySU1%2FeluWpSjKUYlJo6v90BQJ2LuhaXZjSN%2BoZyP3CmR8PDM6sKk1%2FnEH%2F869mf9mrcWJaBRyqoM%2FIjh%2FUG2qa7Taxdl4y7wnovAoukunOWs3j99WTc0b0Mr6xKGKV2%2Fifk8WdX2HpX%2B394K4eR56YyBkKkDBpit80t8idBCcpsiKqbaoleRkyx%7Ctkp%3ABk9SR4al4_jAZw,single,False,True
BMW F30 LCI LED headlights set,6x Yellow DRL LED Boards For BMW F30 F31 LCI 320ix 328d 330ix 15 - 2019 4302016 (For: BMW),36.99,2026-05-06,Brand new,False,False,https://www.ebay.co.uk/itm/206028155655?fits=Car+Make%3ABMW&_skw=BMW+F30+LCI+LED+headlights+set&itmmeta=01KR3RRT93QDY3GPG7F2AT08PE&hash=item2ff83c2b07:g:FUwAAeSwIidpd8Ei&itmprp=enc%3AAQALAAAA4GfYFPkwiKCW4ZNSs2u11xBSC4sIre6jWbbpyB1VWfTLpdnEFO2MVz7ALhzYLakGQfOxVj0CHuCS5x2pbXkh%2B3jmj%2BeJTzuY62iosD%2BgugGqj3qpXjwO%2BI%2B0S2qDJNmbIbNYJlQcMVXkn5C6c0w0jtgtUpdETFiMtrFt69ekR4G9gOHbaeRxLezCKIlgHH6ePdQqwCbUK97By3FeoOyG97Yg%2FzDWPbPZWHn7ELx2R%2FHaa2bFT4VxdADGmaVJIL3ITOvTcxeHXUpILTwPWkKHukx5KnrldX5Wntafq2mFsKz0%7Ctkp%3ABk9SR4al4_jAZw,unclear,False,False
BMW F30 LCI LED headlights set,For 15-19 BMW 3 Series F30 F31 Headlamp Full LED RH Right Driver Side Offside (For: BMW),183.0,2026-04-21,Brand new,False,False,https://www.ebay.co.uk/itm/314152694079?fits=Car+Make%3ABMW&_skw=BMW+F30+LCI+LED+headlights+set&itmmeta=01KR3RRT93BSE7GTEK70TN5FJZ&hash=item4924f5b13f:g:O0QAAeSwxahp4a1X&itmprp=enc%3AAQALAAABAGfYFPkwiKCW4ZNSs2u11xA4pKhC1Fjf4%2BfA1WkM3hu7TgPufsDczu%2FN8hkmh5J0s5Pk6%2BZsGIG4M10qkxO6DDrKsF7JfDg8vLTr3NzF5taMeOn9GDBGSBKQl0L1UDT1jCFe%2BsIErdnKlAT%2BYshZ7lSLVL3xAB0vtgBrzFw6hJWKwkNfUbKyZUdskaSWoBVKIS3kmiMEFfOtCD6aETOoZfd8hvoSFCsmLBmXDnuLgK1%2BUoM6iNpAIStShuat56QulPpmeV6Odf%2BpA%2FVM65mww%2FBz%2F0GY3a330VFwHdFkLWdprNkHwa7J8pnRQededVbckAc9cY6BovJjO6yJbv6g244%3D%7Ctkp%3ABk9SR4al4_jAZw,single,False,True
BMW F30 LCI LED headlights set,2016 BMW 3 SERIES F30 M-SPORT LCi FRONT RIGHT DRIVER SIDE LED HEADLIGHT 7419632,680.0,2026-04-13,Pre-owned,False,False,https://www.ebay.co.uk/itm/326313300253?_skw=BMW+F30+LCI+LED+headlights+set&itmmeta=01KR3RRT94BHY5AB5DPGXG4HKA&hash=item4bf9c9d11d:g:EhQAAOSwAMhnGPw7&itmprp=enc%3AAQALAAABAGfYFPkwiKCW4ZNSs2u11xBybHyH8AFG51jSpn17ocGNnF3XTRkPWalMIW9ye1WkR8eEMvoqxCNWOsIZWHlhZStID9kggiNyhr9ac16Jo2jnTDnR%2FQ0WPyScUrFHqUkEiZGm9x%2FJzpBfDoQuiHHpGgP7VQna0nBkDiIjdxChfysDe9wRj%2ByWr6wKwbVawEpvduBYcVTZxaFo0aRx%2BiMNzrS0PF4D1dTKWDsFO8xVIC5eDGKt5t%2Fa23bvjqkyyMJtTqSHLUHiJPcQcfy1rRCCmYNX0nm0ay%2B%2BvE8JMdqd4x5oEWUGzlx4h5BbuuTxtKrRrIUzssY%2BcOrHUr7QafnQjf0%3D%7Ctkp%3ABk9SR4al4_jAZw,single,False,True
BMW F30 LCI LED headlights set,Headlamp BMW 1 Series F20 LCI 2015-20 Headlight Halogen LED DRL Passenger Side (For: BMW),204.99,2026-04-30,Brand new,False,False,https://www.ebay.co.uk/itm/126772126183?fits=Car+Make%3ABMW&_skw=BMW+F30+LCI+LED+headlights+set&itmmeta=01KR3RRT94MFBXNCPVZ1594E83&hash=item1d843521e7:g:0t4AAeSwzPxoyV-o&itmprp=enc%3AAQALAAAA4GfYFPkwiKCW4ZNSs2u11xDtNMqy0GCinjgtbwph6cpSeN3%2BaVM3YrIYrVmXHiTZksnGXfyohCZIul1EryMtc468Kt1wRjG4XMdsK00pPqRRT3xag2G8yqQq5hZLwdVep2FGMbMWxMc4gXlkdlQg59uBETbbs6%2Bjk97IsfEhrUaUnEx6bq46cWbeyiJnfVJo97luu8%2Fkhzu%2FtpXIg333W59i2n9ZeACj7%2FAwS%2FXzze0nrO4vQZ4fQZt%2FQsTshImDxf%2BL6iQUoPD54eAzEQ0%2Bu7y8QpgSqsAciNPBaM3WNwud%7Ctkp%3ABk9SR4al4_jAZw,single,False,True
BMW F30 LCI LED headlights set,BMW 3 SERIES F30 F31 PRE LCI XENON HEADLIGHT RIGHT DRIVER SIDE 7259544,260.7,2026-02-27,Pre-owned,False,False,https://www.ebay.co.uk/itm/227190279304?_skw=BMW+F30+LCI+LED+headlights+set&itmmeta=01KR3RRT94YFSVR1V86ZD9RDF6&hash=item34e5988c88:g:CEUAAeSweW9pd9s4&itmprp=enc%3AAQALAAABAGfYFPkwiKCW4ZNSs2u11xBO%2FSgt%2B4Bflbs6l5k3Ej3iOb%2FVxfRRg5%2FmDXIMj%2Fo5KE4A8ioGmi0hsGj8pciRCyYrg8Dxakz9pGaYSmtUVVBdT4DG85%2BTme5tZI81qzxBs06UIXRD5S5MJkQT0xjs1kCI2kU6VhhhI3eNfZpVmIakaF9fL3oi5X8jkmocZbSMq8pOj1WSB%2FGEowtEDTsa%2BuaI9n6IilaOgYR%2BYS7yTG28p6cJTfEuG2Mp08hS47TjijijxrrDkrzLKjSPYMhLRufbGW5Pe4Ev5xVNd0zl%2BlWElbovcKERtyJLpdN3pECMKiGkm7f0P0w6KG7YSBSAoDc%3D%7Ctkp%3ABk9SR4al4_jAZw,single,False,True
BMW F30 LCI LED headlights set,BMW 3 SERIES PASSENGER SIDE LEFT HALOGEN HEADLIGHT F30 LCI 2012 2015 GENUINE,90.0,2026-03-06,Pre-owned,False,False,https://www.ebay.co.uk/itm/177788348724?_skw=BMW+F30+LCI+LED+headlights+set&epid=20026008376&itmmeta=01KR3RRT94SMY5PWZZTQRDFWJJ&hash=item296502e934:g:m-UAAeSwPjVpaV5T&itmprp=enc%3AAQALAAAA4GfYFPkwiKCW4ZNSs2u11xDeMJKQ0nwRH3n%2FH7BNN%2Fa0OSL7YJXeMPE8DhyDRLCHULrFb7swk1pV8SqwElM1ON9SwmceUNShTwNKJ%2BWDqjMJUuw%2FM7aRpSPL%2ByLwF9zLtlWxViJFLJ%2BExUbNu%2FMnnq%2FJY6SBR%2B2oQvFjHa4f46JV5MJ3rSTulkQ%2FUbVEaLtkhiIezw8E9By5WEUD07l3R9HGFUHG60Q05eEAbjZgDLWJAqoPXRAxAqvVcb9j8K4EiEAIBn9HKURPOLqe3oxzsyVPR2ENkjakDCa3wRUgszU%2F%7Ctkp%3ABk9SR4al4_jAZw,single,False,True
BMW F30 LCI LED headlights set,Headlight BMW 1 Series F20 LCI 2015-2019 Right Drivers Side Halogen with LED DRL (For: BMW),204.99,2026-05-04,Brand new,False,False,https://www.ebay.co.uk/itm/146006437153?fits=Car+Make%3ABMW&_skw=BMW+F30+LCI+LED+headlights+set&itmmeta=01KR3RRT94ARB3APHP1DFDZJT1&hash=item21fea96d21:g:IB4AAeSwB9NopFI9&itmprp=enc%3AAQALAAAA4GfYFPkwiKCW4ZNSs2u11xAnw2I3omItdnnsvdTBlftlILWLcny48CUyHSJezgUte5Y4IcUXe4aoFhdItjsTpVFw8ygqJTPUBIuTnPOjLFOyfpLoRgAZV1J3vV1tO8AaQyhIponDSNErpOUALUIAjYSY4zyAAYRiRjOhLPY4vNZNU%2Bnt4f12i9rGF19pm0P2wRqbMi2IQRgEVW%2BTMLvkMnmzRj%2Fxl2hjjL6FziKXGomy%2F%2B%2BVrTigW%2FI7oddaoNsHyCfX99Rheyl2VV57fhhPbwwB49P6qek98LhMWqInGlF1%7Ctkp%3ABk9SR4al4_jAZw,single,False,True
BMW F30 LCI LED headlights set,Bmw 4 Series F32 LCI Right Driver Side LED Headlight 63.11-8738702 Genuine,300.0,2026-04-23,Pre-owned,False,False,https://www.ebay.co.uk/itm/336529101607?_skw=BMW+F30+LCI+LED+headlights+set&itmmeta=01KR3RRT94K0MC4N9A7YCKV4AN&hash=item4e5ab29327:g:qDMAAeSwzJ1p2jFE&itmprp=enc%3AAQALAAABAGfYFPkwiKCW4ZNSs2u11xBvinZldmQKa0K67Yij2kogCw5ZGTKY3E8YFuGpIAsa%2Bhpw4vHRWB6St%2BFDRAJRR193WwtNey8tkaDPMW9uAFONHdH4XgLsMbkY5dopBZfBZ52nLLjMrAG86he2rPr11ZLECN7oiPZ6elwdi%2BW3NYeifEa8u3y5uEQY9U7bISNWvouf4Tls2p2ScZxjLn%2FesJt2kOdfaHfFfKiMR4CBbtM6mB43X%2FfX7gJF0YW9i7z%2Bc7wmXv6w%2FZuqbE2bdRXMrdYDSz5FC461sGxD47BsarpMRRgmiPkE%2FveLTjhDdCcZQwwCDtq7Jihor5T71SF0vuA%3D%7Ctkp%3ABk9SR4al4_jAZw,single,False,True
BMW F30 LCI LED headlights set,Headlight Full LED Headlamp Right For 2015-2019 BMW 3 Series F30 F31 63117419632 (For: BMW),177.0,2026-05-06,Brand new,False,False,https://www.ebay.co.uk/itm/196292931836?fits=Car+Make%3ABMW&_skw=BMW+F30+LCI+LED+headlights+set&itmmeta=01KR3RRT9404D071TT3FBST11V&hash=item2db3f870fc:g:XJkAAOSwq8Nm88RZ&itmprp=enc%3AAQALAAABAGfYFPkwiKCW4ZNSs2u11xDOo79wd%2FchrT4XNFos58p5JJL3YirWqsYuLvdGcePOd85Gey90iH3tOYsAPTmr6JvEUl2P8bVJM14zSSv5VqxhibVYtyQZNaXh%2FKjyDR0YsrAUucVAaQUASGlCw%2FHK5WK842U%2FRRCU9GcMuxEirGsWS31R8pkwbxWD5nFKlHDvo3AEPmRU%2Fvr8nGmXodvwkLkKvr35REMIuaYNqYYQVocX4JqAbm4jGzeP4UYKq4Rkqhj8iv4nYVJfGvhvZF04dRX3LJbS4H4pePZR%2FkfY9kVMPRvj4QJzK0L%2Fpr9XWhF1z5bmOnupaV6ihwLJbZKQ2Wc%3D%7Ctkp%3ABk9SR4il4_jAZw,single,False,True
BMW F30 LCI LED headlights set,BMW 3 Series F30 F31 2012-2015 Halo LED Angel Eyes Headlights Xenon Look Upgrade,444.95,2026-04-04,Brand new,False,False,https://www.ebay.co.uk/itm/383651194789?_skw=BMW+F30+LCI+LED+headlights+set&itmmeta=01KR3RRT94FXB401CRDKPNPQ9N&hash=item595364a7a5:g:nAcAAeSwPbVpEbzM&itmprp=enc%3AAQALAAABAGfYFPkwiKCW4ZNSs2u11xCue7HtGJAJ%2B8ongX%2BAx%2BIdsvL%2B2YfmF9RmjPEoPuQMggmrcutypHs4XPcOCBmM167E1VIeUa%2Fe%2F2hrpgFqw2YignmSyJY66zbVDFDvPbT7MHIeLnqGx1k84ki3e4Cn8HEqjoWrAdn5IDzc7AfZaAyVN%2F9hi8mZxbPzRTixcP7fWwG%2BdwCkHv2%2FtSr5F8uajHYTp7OS3uYzRSDQqpwemea4utPaRb06RUopr3r%2BZEEEcKs1RvtOkWnl48t5fyVpHSpDGMW06EdJ2W2r2mZP7wZZ%2FrE8Ul7E7MMaS%2F7sIWxkGdLY%2Bm2Q9dnMBXMxcrF2tn4%3D%7Ctkp%3ABk9SR4il4_jAZw,unclear,False,True
BMW F30 LCI LED headlights set,Angel Eye DRL LED Module For BMW F30 F31 LCI 3 SERIES 2016-2018 Plug and play (For: BMW),94.8,2026-04-20,Brand new,False,False,https://www.ebay.co.uk/itm/405792236305?fits=Car+Make%3ABMW&_skw=BMW+F30+LCI+LED+headlights+set&itmmeta=01KR3RRT94MW5800M29FSP8FWM&hash=item5e7b1a2311:g:o9wAAOSwx11oBeBE&itmprp=enc%3AAQALAAABAGfYFPkwiKCW4ZNSs2u11xBDe2sgcajzh63z8%2BeQccCY%2B3mznoCZecCF2fr3CajuECBz6%2FWjoUBeoPKO72mcAi4nGGjJD3nYFs%2FVUufnXN4YY2YWuDKfrLZ95UD1dV9%2B%2FxG9FzMNFcuFS5cfQEVtsXSAH%2B%2Fc1NpIBsWBKDfaGvXAgJ6OCwOwD%2ByACCydcuhTW%2FHhFsShrrgmCVVx9lLmPpnZzdnEdegMuQuD0YwqrYo3bGaVXYV72ZCLOVssSIFowES7CmAvAai5oTQxWT%2Fr1%2F5YcaxC0nwmfSy8z6SbIh9TsQ6iyfd5hf4CCdh3jQDTa4lT069rCO1yPS3fwCiZQgs%3D%7Ctkp%3ABk9SR4il4_jAZw,unclear,False,False
BMW F30 LCI LED headlights set,BMW 4 SERIES DRIVERS SIDE RIGHT LED HEADLIGHT GENUINE 8738702 F32 LCI 2018 2020,250.0,2026-04-27,Pre-owned,False,False,https://www.ebay.co.uk/itm/178065703281?_skw=BMW+F30+LCI+LED+headlights+set&epid=18034807601&itmmeta=01KR3RRT944MFY0YWCRCMJ7V3B&hash=item29758b0171:g:MikAAeSwiJ5p5Uyy&itmprp=enc%3AAQALAAABAGfYFPkwiKCW4ZNSs2u11xB41MXD%2B9hplkPiAl9JGCyifjmm8xTiABJMV61IFkPqoSRU7J9Y0mJ7gWMVOMVySRrbpp3PNvTCZGy%2BSZb%2F%2BtTCpvu5o4oyXq0aH7Y51epsmq%2Ba6k1oqMsUaW3qa0rxiPO3a6CNNBZlOQAuW92XmPhwu%2BTHv3HEN8tXhy4yhOGL7mIKfbGRDznM3Z96oK%2FZMqy%2FH8s42%2B%2FqNOUtLqMWr38TZLpWJoJaQqChkldTMfGmUj2AGqyGoL5Ksvj4O%2B6liKEHNHTGMU%2FJCqibqpXgcwhzXieDPur8JvaJHKzs--69SWB9yBx4ksbUwoZTTVdiwOI%3D%7Ctkp%3ABk9SR4il4_jAZw,single,False,True
BMW F30 LCI LED headlights set,Headlight BMW 1 Series F20 LCI 2015-19 Left Passenger Side Halogen with LED DRL (For: BMW),204.99,2026-05-07,Brand new,False,False,https://www.ebay.co.uk/itm/146184016026?fits=Car+Make%3ABMW&_skw=BMW+F30+LCI+LED+headlights+set&itmmeta=01KR3RRT949RZNGRNS9GG0KB6Y&hash=item22093f109a:g:WocAAeSwCsFopFLz&itmprp=enc%3AAQALAAAA4GfYFPkwiKCW4ZNSs2u11xDrZinpCr7dL1bdlFIHenrWnZwymqSndFCQOO01lfg6QS0C7eayVpUjARExNK6UNRW6xHG0T8nRNfDh7JcocczjBpCQvcWuugsXcugCFzJB8xpntGM5jhML44%2BSBJN9qhURuciUG5h%2BTb%2Bo1ye%2BTXyaThgQOmm7A%2FVo%2Byqj%2Bfll1ty9DUjab5bsIssv%2BZKmBDKUG2WaSIxkgaXTfjpVC2VyGcx8ixcwToZYVWAi3pcB6zp4tICUdtyqF1WQNk5pxCAvqsjObgXCf%2Fqj6oHE6OgX%7Ctkp%3ABk9SR4il4_jAZw,single,False,True
BMW F30 LCI LED headlights set,Headlight BMW 1 Series F21 LCI 2015-2020 Halogen With LED DRL Drivers Side Right (For: BMW),189.95,2026-05-03,Brand new,False,False,https://www.ebay.co.uk/itm/296698160988?fits=Car+Make%3ABMW&_skw=BMW+F30+LCI+LED+headlights+set&itmmeta=01KR3RRT94BNMWAXDHWDMQVEX4&hash=item451496a75c:g:FToAAeSwEk1o9j0P&itmprp=enc%3AAQALAAABAGfYFPkwiKCW4ZNSs2u11xD92i%2FDnBFZms4MZwJ9u0C3wus5eEx8NjfHIlSiSwXD9m5ia%2FNLlhfuEp4%2FoptFhCscsx2Yg65a2DAO4S1d9omRe%2Fn4xs80aMM0x1IXWgmuY5fgSM3voR%2Fcn02QrC3lAHJCQgc2033kL%2FVitQZnf0l2oog1WTvAuy1qALX%2FOMthJZuQovcLyDFRjv9HrmnB%2BGqsZDUHtQOCjmN1VZanXFvpT%2BaZlrfnAZqxN9xgz0LW%2FJNqgxN5hX1p8XZa%2BFQZt94DITK5aymYt99ZnyhJSd7H2q6EJdgMQ--8HPAQrukpxViSYXGKQhZpOfUDQsB0OEM%3D%7Ctkp%3ABk9SR4il4_jAZw,single,False,True
BMW F30 LCI LED headlights set,BMW 3 SERIES F30 F31 PRE LCI DRIVER RIGHT HALOGEN HEADLIGHT 7259540 12-15,89.1,2026-04-15,Pre-owned,False,False,https://www.ebay.co.uk/itm/157790545075?_skw=BMW+F30+LCI+LED+headlights+set&itmmeta=01KR3RRT94XG5ED983TC5MBQQS&hash=item24bd0ca4b3:g:9WAAAeSwfbVpxnlt&itmprp=enc%3AAQALAAAA4GfYFPkwiKCW4ZNSs2u11xAZROIYMhlKsuIFxVVe5lVzUm1loJrEP0dPD8QCof7prvMzZILrsC65jY00bnkiSCraTIwB3QpLqq3klFh0n%2FXQ2dXNI%2B6aUTq4dGKMOYN75OCD%2BbXb4Bf7fGCZEJdIozUUj%2F2%2FNNFkRAKw7OCFE3AXTkuRP%2BrrlMlZlYoPdIoOLrwakm1y31UnupkvIVKwCkcm8rckVTLQX%2FAZ0vnVtoHFnmdMVMnLHiBonpLb0zgo4U5iXFoIPQAounXamqVWU0K5FtPwtVosgc8Ez4tbE0fs%7Ctkp%3ABk9SR4il4_jAZw,single,False,True
BMW F30 LCI LED headlights set,GENUINE HEADLIGHT FULL LED BMW 3 F30 F31 LEFT SIDE 1LX.012.120-43 COMPLETE,260.7,2026-04-13,Pre-owned,False,False,https://www.ebay.co.uk/itm/188243995249?_skw=BMW+F30+LCI+LED+headlights+set&itmmeta=01KR3RRT94GC27EK36DXECY6F6&hash=item2bd4376a71:g:VFkAAeSwebtp0Rnz&itmprp=enc%3AAQALAAABAGfYFPkwiKCW4ZNSs2u11xBGS0jj%2BZjaFk17onwkwkHBQxmUBcvQty5r7fXEfHqwA04j8mAm3W%2BO7Q3uy9wZuZctu5VqciAS%2BuqSgS5acUyj%2BZ4QTrt5VKxv3bNteZgIJkEKQPTt41t%2BFJASifEqagnoR7w3jhZ4IIjcLSGX%2BUj5quZ9UMgp9w3Et%2BjXe1bz6Tw9AN2Mq%2B4ruu8%2FaelXaUrZopjbTZlPz8bFEb8JtyFZ6jsxMhhDNjeCd8ZagvBfG5juVBLdGKIU3QYfbkXaT33%2FMqGO2zoESjQVC%2FjuLhjrqq%2BklzF4kFGckFGu9MUKPXE9Sz%2BlzOdUP65B3GxmOb4%3D%7Ctkp%3ABk9SR4il4_jAZw,pair,False,True
BMW F30 LCI LED headlights set,BMW 3 SERIES F30 F31 PRE LCI DRIVER SIDE RIGHT HALOGEN HEADLIGHT 7259540,84.99,2026-03-10,Pre-owned,False,False,https://www.ebay.co.uk/itm/227246762703?_skw=BMW+F30+LCI+LED+headlights+set&epid=2093198872&itmmeta=01KR3RRT9560T952A124QSPEPD&hash=item34e8f66acf:g:W9UAAeSwmeNpqW6m&itmprp=enc%3AAQALAAABAGfYFPkwiKCW4ZNSs2u11xCDjgUZ72NJRY1fUtcXH5szrW7wHrpTXB7Dd7MmFmfJ%2F9Xy%2BsBmWBwX%2BRPDNB5H6Cr7iV7z9DGiiMHJCL%2BRXYd4wP5%2Fq%2FVBWxVpx%2BXmbZWb12zn%2Fg3c30A4agiSCuSiHP6e03b5oaU0eFY%2FpqTVv57pNnuc5psl8r30JM%2Bp3n%2F5cH5dYhpGm899rElSYFTIrhWVwUjJfju5vJK8Wp7tG30aCeRADKbIswfYzbJTTAnOMXCCj49Yi50uyMjfXIhFIsJ%2BNif9RSgief9QbrCypopwYgJ0ogFOFIJ1SS1LdSjAa3e1c%2BCUfQYhaGup%2F5swCfA%3D%7Ctkp%3ABk9SR4il4_jAZw,single,False,True
BMW F30 LCI LED headlights set,GENUINE BMW 3 SERIES F34 GT LCI 2016-2020 LED ADAPTIVE HEADLIGHT 7470443 UK CARS,588.88,2026-03-05,Pre-owned,False,False,https://www.ebay.co.uk/itm/277532878644?_skw=BMW+F30+LCI+LED+headlights+set&itmmeta=01KR3RRT95FF21K20N9TEADRW9&hash=item409e3fa734:g:McoAAeSwyf9o7g57&itmprp=enc%3AAQALAAAA4GfYFPkwiKCW4ZNSs2u11xACJiD1C3bcXWSOAgjlXVzxDPaGgRACCYhVCCje5KBZR%2F%2BDw2FUfbRYgB9fOCW%2BvRxtkY2Pv4reXC%2BawHak3NxMEalLVzDOCXe0ZqdH1Bv3uXo4J78jnFQZNoGGY%2FLLD1DDBRIOQKA9pxQR24Y4pduXJXwZoOiP0sXqGa1yw1nb7gfQr7ERDQBcSP2j28cHn35vREZGr4BXPRT3Q%2Fi9QDcwMp669dxwc2Nba0665LxIMyCfEWDywkckIyZS2s2XUwWtZb17lw5TY77pI66jEhZ4%7Ctkp%3ABk9SR4il4_jAZw,unclear,False,True
BMW F30 LCI LED headlights set,BMW F80 LCI DRIVERS RIGHT OS ADAPTIVE ICON LED HEADLIGHT 7498922 2015 TO 2019,529.0,2026-03-27,Pre-owned,False,False,https://www.ebay.co.uk/itm/257319851174?_skw=BMW+F30+LCI+LED+headlights+set&itmmeta=01KR3RRT95BMM3BNCYXV5VDD56&hash=item3be97554a6:g:7i4AAeSwm-9pcA-1&itmprp=enc%3AAQALAAABAGfYFPkwiKCW4ZNSs2u11xAMfa%2FCtv94xXoVaiLDmNNXeEAVkToYoxbMLZmf4Miqj3fQjtq8SHnDl6%2F8CqtxTWa05vk4CTBKIPepyv0bpxKUma6a%2Beft52T4SvHetgHvzzBIwiLHYyzsRkFfnmZGKABUsCQM5SLd6SRPr1ZrKCEVheKy9zzFuByJpiCNHkrYzc1RuKL6oKQyMRdFJQOHbz8cA6Mj4GUugEbudnooYKZSEyWagvLJLOsZ6Up33SeSI9aZIePxD4SsywedAlwFZ2K%2BxRv8frmhaRMX0gBKBkk2kGQXRCip6poe215V7fbI2v%2FxWDosSNBM2RbovYNpCPE%3D%7Ctkp%3ABk9SR4il4_jAZw,single,False,True
BMW F30 LCI LED headlights set,GENUINE BMW F30 3 SERIES FULL LED DRIVER SIDE HEADLIGHT 2016-ON P/N 8738714-02,291.9,2026-03-31,Pre-owned,False,False,https://www.ebay.co.uk/itm/389668752192?_skw=BMW+F30+LCI+LED+headlights+set&itmmeta=01KR3RRT95Z5PVPNHP4N6EJ3BN&hash=item5aba114b40:g:HU0AAeSw0oxpnyh3&itmprp=enc%3AAQALAAAA4GfYFPkwiKCW4ZNSs2u11xCG3h8RzHs%2F91uchfqi3%2BIcUpW4I8KPCx4133guegSLhcfzKk15MGTHVY2m2keCIhxgPlXibpSWXAtEHSuPCXDy2BJPlxe%2F67KFBOOEaPbkCVolggTKdDivDM%2B3W88xDvKy6bnzFdPEA0Z2EvHHhKa6OQ8mOBcelNpFqxKXHAw32w7DDWhI4o8SZZz5wsocdfbMjgWhaVXp8Z%2Bzh6tF5ChzyQFDOkHmP9QWOMW%2BQJ4SCcmN0yIcwEM9ViZ1rtLcQ02vY88AQ097Ju1HqRP4T3gF%7Ctkp%3ABk9SR4il4_jAZw,single,False,True
BMW F30 LCI LED headlights set,BMW 3 SERIES DRIVERS SIDE RIGHT HALOGEN HEADLIGHT F30 LCI 2012 2015 GENUINE,65.0,2026-03-14,Parts only,False,False,https://www.ebay.co.uk/itm/188151856355?_skw=BMW+F30+LCI+LED+headlights+set&epid=2093198872&itmmeta=01KR3RRT954EGM4ASH5QAX87PH&hash=item2bceb97ce3:g:YTMAAeSwYOVpsIx3&itmprp=enc%3AAQALAAABAGfYFPkwiKCW4ZNSs2u11xBDMDlo8OAMtaTjflcYbE91n%2BWEIKcx63nXfsjdH7zfTJTMk7S1twWCJiZVuLbHSDNzv2um1VvUJzWCDigLqdXe5LvTuJHYVCN5pDZea7PnWgE12tzhYr5HDbKov7k%2Bv0tIT%2FGP5zLaWyvrTspfhhFMWdh2EgtKHe4J7ECXSRgXhhueyoqD2yv%2Fm7A6oNYCjwm6Bg15CRhh%2FHVGSem5sno5JFco8jXiKXVzcRSrQxz6hqPF5GS6cpK6Hq%2FC9Yxzb2LHZx3PNzUBoRg6CKEqYoYjflAMAWoYc6kAAWYb27P7%2FWdtGlRxObYCMiYpNDBf3oE%3D%7Ctkp%3ABk9SR4il4_jAZw,single,False,True
BMW F30 LCI LED headlights set,BMW 3 SERIES F30 F31 LCI LED HEADLIGHT LEFT/PASSENGER/NEAR SIDE GENUINE 7453483,255.0,2026-03-25,Pre-owned,False,False,https://www.ebay.co.uk/itm/366159956401?_skw=BMW+F30+LCI+LED+headlights+set&itmmeta=01KR3RRT951S29YM9FH3WKT34R&hash=item5540d589b1:g:tskAAeSwHlhpe36G&itmprp=enc%3AAQALAAABAGfYFPkwiKCW4ZNSs2u11xDArgUDh2fgFonxqTf72aPui%2FmoOxKX5JtyFdDqENKo0%2BNdVB%2BngfEDdOFyUrew9%2BkOpFF7OKcf1u7cvJBpiQO%2BCpSO5KNsRO9lmTL1VEkGPCztE7tcqRQC%2FuIx2oOrfkn7En0QZDMCaUtnlO8XZ5nrtqsaDWEHsjWm5I7MSogBxtxVTw9vSdeD38xbrFbhEJupywi%2B9uTFSeXQVl%2Fi8ZfYF8q%2B6pTN0We4BngJM6CvSM9n%2FQB%2F27NLIWub94%2BUUkgxRYOzYMHlcp3NM0rm6KlkXNnkk0CDhCNqDG0P07bxmdvl6uW7TMHsFqhimTDGGJ8%3D%7Ctkp%3ABk9SR4il4_jAZw,single,False,True
BMW F30 LCI LED headlights set,BMW 3 SERIES DRIVERS SIDE RIGHT HALOGEN HEADLIGHT F30 LCI 2012 2015 GENUINE,69.0,2026-02-27,Parts only,False,False,https://www.ebay.co.uk/itm/188072053721?_skw=BMW+F30+LCI+LED+headlights+set&itmmeta=01KR3RRT95AG77E4BBBS49CYTY&hash=item2bc9f7cbd9:g:RsEAAeSwmvdplX8C&itmprp=enc%3AAQALAAAA4GfYFPkwiKCW4ZNSs2u11xA4o%2BUYeo3lo2OPZlHIwC7atPNz4n4VBr%2FJrCiilbxe4CMleFinLA1XzTxYKsFnTda2TfWKJEvLFkxmNfWrI5s3NbRgufxevtP0aFzagpa74Go0n4G0SWism%2FUUjXDdLM0rPBHusKm6MGYQsk3w3W1TBc2HjfqQzfpeXEv8xs1AdBXcgCHfB%2Bk6tfqJ5%2F%2B%2FKBtK2pWldqNZqe%2BKGjSFh%2F0knGL%2BYseCNCSozKhQmU%2F9tRoofPxxyHSJEGdZUwLdNX0LSHENAkcv48SyIEBc9OI%2F%7Ctkp%3ABk9SR4il4_jAZw,single,False,True
BMW F30 LCI LED headlights set,BMW 3 SERIES F30 F31 PASSENGER LEFT FRONT HEADLIGHT PRE LCI 7259539,110.0,2026-03-03,Pre-owned,False,False,https://www.ebay.co.uk/itm/205909784491?_skw=BMW+F30+LCI+LED+headlights+set&itmmeta=01KR3RRT95RAYWJ11DX083YXBQ&hash=item2ff12df7ab:g:sYgAAeSwWfppOJuW&itmprp=enc%3AAQALAAAA4GfYFPkwiKCW4ZNSs2u11xC6FiXWcg%2FgT31p6EuEY1rB0Uzj0aqtMggH2Q9FppNYBZlPWNmqQ%2BKxhJNuAbb7qILHvMSeibat1ukb2HkQ5ODkJGti9mlLhXJTJTByBZ%2Fb%2FCIzD4j3opqNvLls5Wwll3Uh81eAJN5APtEFHgfAgEuZl405rM4%2FbqY0AugvmfIkT5NyOUHOknO8JOwK1s1hyUf%2B%2FD4RLkAtc%2Brs%2FOr0RQ0fEvf2mxw8kWNfyhUhYOuD40ooAOr6Jjde%2B98EdtIY6kXeI%2FlnuBfPTWDgRRNMYtEy%7Ctkp%3ABk9SR4il4_jAZw,single,False,True
BMW F30 LCI LED headlights set,BMW F20 F21 LCI Front Headlight Headlamp Light Lamp LED Right O/S 7471342 (For: BMW),224.95,2026-04-18,Parts only,False,False,https://www.ebay.co.uk/itm/318115935367?fits=Car+Make%3ABMW&_skw=BMW+F30+LCI+LED+headlights+set&epid=2268765514&itmmeta=01KR3RRT95KGRQPDEBKRJ61JSD&hash=item4a112ff487:g:j3kAAeSwE9dp1IQ9&itmprp=enc%3AAQALAAABAGfYFPkwiKCW4ZNSs2u11xDixBlljSSTJsrY0wbtRhYHnN34M4SytnZhv2MEPb13b0dzWAtErbfP5nk%2BPsUxVW5nebHYK%2Bszo1A3WpnReF%2BfTG6kFAKEIpsOGFh%2BWVtnmeoerhSBox%2BP2zoXpgRuS8KisfEjkmypc0m5YJjpgUU8frieF5zjlqFhJRcl6fp6unoouxgHHH24zzUTELm7no25krOzN1q%2FrDm2Ym%2BYUxUs1l8j2Qe7EyMaeslaio0nfTn60%2FRz0VgkZK0sfMithU9SBzm6eWwZX84fwfeXIly%2F6fmR9UdjZ4Vc6o0NX%2F5q36%2F6YWOuVF4EZZyA%2BzQGKY4%3D%7Ctkp%3ABk9SR4ql4_jAZw,single,False,True
BMW F30 LCI LED headlights set,For BMW 3 Series F30 F31 LCI LED Headlight Indicator Module Right 63117419620,24.07,2026-04-02,Brand new,False,False,https://www.ebay.co.uk/itm/406816940503?_skw=BMW+F30+LCI+LED+headlights+set&itmmeta=01KR3RRT95G7BH4048HAXAST4C&hash=item5eb82de1d7:g:RJIAAeSwGVBpvXmV&itmprp=enc%3AAQALAAABAGfYFPkwiKCW4ZNSs2u11xAWJ059lImZsYbxRyAF8f8J5UFBZFxnGQP9mZ67wBT4f3LHsYL6ywxYSLr%2FRroYGmiPUuAC5EPZYQ4f951VyknqwAbUp%2BqwiT2WsaXq4LqpSMhAO7W7wXwymUf6NFJ86DvnN8rHIXLKA9ZOF%2F4qnVEK1Lt1hpsL6BdAmmIzYVop1isDmwx9d2OqVyiG2E95us6kJdXtCJj9S9BSiGup8xl%2B1UwN0%2Bm3UgrylmOdXmoTfvdADJ%2BoPuph29zD%2FTDggaReo1ZH%2BA8FKtYEmgBe7UwSTztw6lfPV%2FLRmxpCgUeeN34xTHPCOqkJA%2BBIh4g9ZFc%3D%7Ctkp%3ABk9SR4ql4_jAZw,single,False,True
BMW F30 LCI LED headlights set,Genuine OEM BMW F30 F80 LCI LED Rear Tail Lights Complete Set L + R,146.3,2026-04-30,Pre-owned,False,False,https://www.ebay.co.uk/itm/257471555784?_skw=BMW+F30+LCI+LED+headlights+set&epid=880488036&itmmeta=01KR3RRT952T4Q3S170VX5ZWSB&hash=item3bf28028c8:g:OS0AAeSwcE5p6nhV&itmprp=enc%3AAQALAAABAGfYFPkwiKCW4ZNSs2u11xA1nPKbZt4662%2BKH53xQOLN3vqd5ERL2ZXkuxhKP399HhcjhyFTuzul7NYwaQXUXGoE6NR0RhJ1sz%2FAvdCtuvVYxSJgNppPWbIibKiR56ko1TW8sNhMRtSPpalJdce4lxOATCTQxUx2QUq6cCsoFri064kG4BalKH6YKrhcMdzbh2JjLT4D1a33BQ78wc%2BKtwI0bE2BibVMADT%2FnFFbupIIR1ersraamuRsqq8jRL7t45etgyKpeNM1ReYiDtGRv%2BG1zd8w3noYJe2PuidPon8Ax2z72RlgQcQMsD6IFw%2B3TuHsRwRn0rikYX8pf3ojll8%3D%7Ctkp%3ABk9SR4ql4_jAZw,pair,False,False
BMW F30 LCI LED headlights set,BMW 1 SERIES F20 F21 LCI RIGHT DRIVER SIDE LED HEADLIGHT 2015-2019 LCI,415.0,2026-04-25,Pre-owned,False,False,https://www.ebay.co.uk/itm/406879961246?_skw=BMW+F30+LCI+LED+headlights+set&epid=9013570161&itmmeta=01KR3RRT9561PWJX5KB6K80KB9&hash=item5ebbef809e:g:mAsAAeSwldpp6cPC&itmprp=enc%3AAQALAAAA4GfYFPkwiKCW4ZNSs2u11xA3WDROihKp4qnR2JFk13CLcYbYzeK1CNBfokoes5j3GP39YGeYXjwKFNSfFOHhymZCB9%2Fh9m4r47YxLX7FyBDEz173pkkY5c9VIFOk%2BFUtIf%2FF3dw2u5HJoUnlWFQrGcaYnoHovEmgqvQ0WYI1sHbX70xcG3DS%2Fx0SEG%2Bw7qf0%2FDbVDPasecM1Dt3yqirqWyWVb%2B%2FnTNu3JC5bvtlyYm0Ft8QwrC5oxhzgxW6a28%2FKXN5fphHwnlur06lrRoQkNraFIrpw6T5HXpW2f7TM5Gzt%7Ctkp%3ABk9SR4ql4_jAZw,single,False,True
BMW F30 LCI LED headlights set,For BMW 3 Series F30 F31 15-18 Full LED Headlight Headlamp L+R Side 63117419631 (For: BMW),387.99,2026-02-08,Brand new,False,False,https://www.ebay.co.uk/itm/317106473974?fits=Car+Make%3ABMW&_skw=BMW+F30+LCI+LED+headlights+set&itmmeta=01KR3RRT950M1HB38XWJJ3HNJ2&hash=item49d504cbf6:g:vU0AAOSwPIBlUeYm&itmprp=enc%3AAQALAAABAGfYFPkwiKCW4ZNSs2u11xDwrxoxs5gygAoRlPR1TltoRY1wOj0LxqA%2ByczYH7Kw0wRc1hTDqG3uT4gJ%2B6nVEXQ8MZcw1iAmYAhHdwYXgdPT138Tp9YCJwtxeF3IAW9WQQQoFMV0SUzaq35XVOmOSXPkiCz0nzKl%2B2sjAidlzUIKriDWOngcNuIV%2BPf0v5CvBIevk8%2FREfYU4T%2BApiNBjZTnKn5ERsGAyBb3P1xbzaKjoT6yu3dQwaqRxMaUcw9NlCzscatnK1iIjJWWlRtOJ7eodjMh%2BRp368rSSpQe1Kh%2Bd5kVnJ0QHvbSY1f9zR0Vqt3V75XlZTxFvxVmfmthIig%3D%7Ctkp%3ABk9SR4ql4_jAZw,unclear,False,True
BMW F30 LCI LED headlights set,BMW 3 SERIES F30 F31 F80 LCI SHADOW EDTION LED HEADLIGHT RIGHT SIDE GENUINE OEM (For: BMW),475.0,2026-05-03,Pre-owned,False,False,https://www.ebay.co.uk/itm/366167172147?fits=Car+Make%3ABMW&_skw=BMW+F30+LCI+LED+headlights+set&itmmeta=01KR3RRT95PFTYVK0GZ24P49VJ&hash=item554143a433:g:W-0AAeSwMDlpCCrH&itmprp=enc%3AAQALAAABAGfYFPkwiKCW4ZNSs2u11xCDlugaZ%2BNib%2FbQzbBs2SB9ge%2FvR4DPiK%2FVqfaKvAYUZpAgS8mDFMuqtGUIPMCbAbFTDlVL2NI9AV5P4ZBT%2BhyU0C92suf2kjN11fMGUexNtyLnzmCf7lSCeAVi%2B36P57jKdbphS9pJ7OMocqGmOte3bX63GSIRHkwQT8vXq7JN7CoquUZHaUwGNYlAApgxqMXl1jmgGaSj8dhB4BpgGfrn%2FbRzvW3dAufb96Yu1HQejkbXhNd4PnKrkMzyh3NIPWUEqFjDNUtr%2F1w3oWY7XgOzMlvcAeV7gBgly8yj07yCbLEPx9xdlrcl--%2Bqh5QUp9A%3D%7Ctkp%3ABk9SR4ql4_jAZw,single,False,True
BMW F30 LCI LED headlights set,BMW 3 Series F30 F31 2012-18 RHD LED Headlights Lamps Plug&Play 320 25 30 35 40,999.95,2026-03-22,Brand new,False,False,https://www.ebay.co.uk/itm/334798587089?_skw=BMW+F30+LCI+LED+headlights+set&itmmeta=01KR3RRT95JKZ9V9PCDCDG0N0J&hash=item4df38d04d1:g:RcQAAOSw861mPVOP&itmprp=enc%3AAQALAAAA4GfYFPkwiKCW4ZNSs2u11xDU5dpKQKFNCce3XZu3dk4AlxJ6zDzb%2FIFEX294IUVsWbBAch1BulSC6xSC8r2rdKdNpCe1%2BZ0QUgRhs56e%2B%2FZu4hiExIbUexkhXNgV4ahEoOoeekDPnCwJakoyBxl9%2FA%2B4FuwAbUgSFBpFdWN7hj0ZHHvIRvWf5moaRR6uLrDOyuyvfKJt2915cEBnrBXsorvasx0dhI1Kzrjg5UtEGGeLui71lKBbjnwvvLfxESAn18%2FdwcWMscmxS5dc4r1IO3Nmar5NqF0SJWyVEmFC0J6L%7Ctkp%3ABk9SR4ql4_jAZw,unclear,False,True
BMW F30 LCI LED headlights set,BMW 3 Series F30/F31 2012-2019 Halogen to LED Headlights (Brand New),338.2,2026-03-26,New (other),False,False,https://www.ebay.co.uk/itm/127762329080?_skw=BMW+F30+LCI+LED+headlights+set&itmmeta=01KR3RRT9638V8BHBEZR3TXZ32&hash=item1dbf3a6df8:g:FT8AAeSwLqFpvyrB&itmprp=enc%3AAQALAAABAGfYFPkwiKCW4ZNSs2u11xCfjI8J3du7UW8V%2BWm%2BLYAkOObsXevy8n3SaWNLs6Wq2GN1oQAGNxvzAiuATuOHn0FN1f7UI%2F4VsqNgjzQiLQUwxOMMDpZE9KmZEamBXe0VPVv2uh677yqsxiRfWN2PDaoPkLu3ZnLNrp1C8EYzyF0u9hlWq204MKDF9DJMiDbkwqIlGtpp6dm7jeMhrauZ7ED2uHSVrJleL7ThHMNZYdm%2F43M9aBMbIdoMYRSHvvXEafVkUN%2FwfSCEzYcyVicZPR8NJeGa5Pnzltwk4d5mmzBWE8R158yysj3shfccObEnO%2BlTw16O0IPv3NtCeQJH5Pc%3D%7Ctkp%3ABk9SR4ql4_jAZw,unclear,True,True
BMW F30 LCI LED headlights set,BMW 3 Series F30 F31 LCI Halogen Headlight Driver O/s Right 7365598,99.14,2026-04-20,Pre-owned,False,False,https://www.ebay.co.uk/itm/267618335368?_skw=BMW+F30+LCI+LED+headlights+set&itmmeta=01KR3RRT96Z8HQ5HPACM4Z35A3&hash=item3e4f4bba88:g:8fIAAeSw7rhpwlpn&itmprp=enc%3AAQALAAAA4GfYFPkwiKCW4ZNSs2u11xCX%2F8FakpfkBmaKf14%2FxHGKE3Zl6HvfLtf4anv06kd9d8TzM0sRnxLjMnoa1MVJ0UYG8iewij4pi%2BF21BGLEsuFGKgLlovHzNMneFgYCVzoI%2BVLuhqa0fHDimYxGyHDVPWXYuED%2Fv4sqGRhCdkJ%2FXLLx%2BwpTVfMeOGjVnd6Y%2B3I5XxUzkLNjKMBBrM6uyYeyRADm57C7cf7UcVPkTANW8uX%2FP842nN6KSvmX5QlIUI8LRE--KN3PLoxbYvS1F6n6diPvoDjvPYkR8a89CS4CdLp%7Ctkp%3ABk9SR4ql4_jAZw,single,False,True
BMW F30 LCI LED headlights set,BMW 3 Series F30 Start-up Show Mode LED DRL Indicator Upgrade Headlamps 12-15 UK (For: BMW),649.0,2026-03-01,Brand new,False,False,https://www.ebay.co.uk/itm/296337738353?fits=Car+Make%3ABMW&_skw=BMW+F30+LCI+LED+headlights+set&itmmeta=01KR3RRT96XN9ZTHN1113WDEA6&hash=item44ff1b0a71:g:p3wAAOSwJeBmKaUw&itmprp=enc%3AAQALAAABAGfYFPkwiKCW4ZNSs2u11xBYd0%2BD4JIWo1iHoVyyDwxDE5UA5HPwn75GONXwoF%2F4Mn2c%2Fe8JBAslRnCVsUbG%2Fs5afOyS8nQredyifhzvG6e0scI4G9ZtGilT0LZ8D8ZbYZGa31%2FAtk6BTYix8JArWkz%2BBkK60wuvnJfqu5e4km5JG3RWAk6PskA9GmuJ6a1eJU8%2BlxoGOVnC1ZUE5FnQ36ZEYiN2cgMNhNEV1Cb8QajKV6BHdwmJjtC9CmQ4Q6GjWnlAo3qHOq6F96LK8IEqsg7WW%2B%2BOqFs9oGHBLfspVUHUmABGeuIqoU4u3QauUQPoRiPFU%2Fe11idEqS6XbkFB5jw%3D%7Ctkp%3ABk9SR4ql4_jAZw,unclear,False,True
BMW F30 LCI LED headlights set,LED Headlight Angel Eyes DRL Boards For 2014-2018 BMW F31 F30 LCI 320i 340i 330e (For: BMW),35.99,2026-05-05,Brand new,False,False,https://www.ebay.co.uk/itm/377031952494?fits=Car+Make%3ABMW&_skw=BMW+F30+LCI+LED+headlights+set&itmmeta=01KR3RRT96FGP39G177JK5HPF6&hash=item57c8db086e:g:e7kAAeSwNVVpoEoL&itmprp=enc%3AAQALAAAA4GfYFPkwiKCW4ZNSs2u11xBwvVi565PXYrwm38LB1VygYbO3OB6yreKSMvWUICdg5U538cjyIuJaNraUq74vNQ%2FwnY4L7c1AayGj8P807E56cJ305KSOlKxG%2BF3ImyKWOBhJtVgaxGjghaOOXNqQqHzGA3oze7KFLPoRTUaDz2bE2VcuBrPbgFFUbWkPD62deXiZTB57wXnVyANKK%2BSw5tn%2B24DLbSE%2FywzVtoQMYuxNpPMBCe3V5UDJ%2B34eGwyZG6sc4kEznHmo7rf1JlJ0pNg%2Bf4RNRsQmKIbGUHz%2Fkvtw%7Ctkp%3ABk9SR4ql4_jAZw,unclear,False,True
BMW F30 LCI LED headlights set,GENUINE BMW 3 SERIES F30 F31 2015+ LED HEADLIGHT LEFT PASSENGER SIDE 8738713-02,185.0,2026-03-13,Pre-owned,False,False,https://www.ebay.co.uk/itm/267544614058?_skw=BMW+F30+LCI+LED+headlights+set&itmmeta=01KR3RRT96DJA0DM6BYMEV2YC6&hash=item3e4ae6d4aa:g:~UYAAeSwvltpZ5Tn&itmprp=enc%3AAQALAAAA4GfYFPkwiKCW4ZNSs2u11xBClxuP7SFReWJ4QnmK1oIuMndn0%2F6HOJcarkO--8n%2B9KLydg0aD4cLruQgM7KG8LUowElxfcvL72s3NJjcSrbUDn%2FlGjc%2F44oglzYarW1YJtTBLn%2B21INdXRm3Va7G3AyncOLrLNhckq9iF7xYkIEReSZHjYO6ToXV9MYiAyytT5eSg8qUv7O0s8WWnHzsaOcItzHC4ArmetMZGXkrwchgj1RbGyWtCHHIUOk7NpS%2BUqsUFmzHRdpSbgcwYr9OdWj8639vHgT9Z79okUZbWeJx%7Ctkp%3ABk9SR4ql4_jAZw,single,False,True
BMW F30 LCI LED headlights set,BMW 3 SERIES F30 F31 LCI LED HEADLIGHT LEFT/PASSENGER/NEAR SIDE GENUINE 7471307 (For: BMW),475.0,2026-04-20,Pre-owned,False,False,https://www.ebay.co.uk/itm/366167172049?fits=Car+Make%3ABMW&_skw=BMW+F30+LCI+LED+headlights+set&itmmeta=01KR3RRT96D4VHFTE17R7G980R&hash=item554143a3d1:g:csgAAeSwAEFpA0Ow&itmprp=enc%3AAQALAAAA4GfYFPkwiKCW4ZNSs2u11xCwPTEBVZYRzXQDRhu0kAw5fwLGXx8QwwBccrms3%2B5VsVUrmuJS9nBkrFrgF%2BOMTmjB1h8zB%2Fqr7Y3THpvlkGGJZlL4YF8vLlWBanzlrfvKH3PJXO9qowSJJgbvBh7ufNhJPErOftz5fSv388jutkyxQkGzLq%2FnIdvqZfEuJGX1G4PYj4JCTsgJbYU5dMdNY%2FRtvhdObykdqb%2FZ%2BjEfC4Ys6e74l4dnH8zGTRrMGYx0ENxQILC%2Bps7eHGqrfDsPLz3cnf6l8zNN%2B%2Bm4cQV4sqg5%7Ctkp%3ABk9SR4ql4_jAZw,single,False,True
BMW F30 LCI LED headlights set,BMW 3 SERIES F30 F31 2012-15 PRE LCI BI XENON DRIVER HEADLIGHT COMPLETE 7259548,299.99,2026-04-08,Pre-owned,False,False,https://www.ebay.co.uk/itm/277860785051?_skw=BMW+F30+LCI+LED+headlights+set&epid=624218477&itmmeta=01KR3RRT968JZ7V20YJ8ZR0MTE&hash=item40b1cb1b9b:g:AwsAAeSwgGNpz6Ef&itmprp=enc%3AAQALAAAA4GfYFPkwiKCW4ZNSs2u11xCDhTk7XX11dlpPf6Dd9a5OLAIz%2Ba%2FQ0oQdDJlNspvuLmkTcxu9IbLOo1N%2FATCOHvawLilDg23MOTKgFBCYBLKunFBcT55bgqiisHSwjxa13jVZaUxGoCOGd4waQBltMjl34EOMtIrYBzLVgQ%2Fs6ChxOnstMS0q0GNaMFjXU51TdbvyJ5c3emkGfB12vdzgmy2TqvYRTn0iK1NESfyE4wy1f3FSr9C9pSUg%2FaIuSzb%2Fw5YmDrr9z9a2MfMWyrZOgoQ6XVoKfbWdVmvGb%2Fm451rP%7Ctkp%3ABk9SR4ql4_jAZw,pair,False,True
BMW F30 LCI LED headlights set,BMW 3 SERIES F30 F31 F80 LCI SHADOW EDITION LED HEADLIGHT LEFT SIDE OEM 8492471 (For: BMW),475.0,2026-03-05,Pre-owned,False,False,https://www.ebay.co.uk/itm/366167172143?fits=Car+Make%3ABMW&_skw=BMW+F30+LCI+LED+headlights+set&itmmeta=01KR3RRT96GD3H5W21ADNJWHF8&hash=item554143a42f:g:K0kAAeSwjPVpCCOl&itmprp=enc%3AAQALAAAA4GfYFPkwiKCW4ZNSs2u11xB3bLcnElDPav%2FhQQ8y39s1bvq2Q1uLzBpG2vafatf0jQYLOyzCM%2BUy92YjscHeRpTsltyFKIHHXVK9FSAVnGZu%2FJWyed1RyVX6Yv7%2F6o3%2BEWF%2FIBIIIhaengMtwc7NixiefQiIGBEjAnRYMC5wGABf8CyiBOZabJbMgqcsNIXILKyABPPaRlWoHcKIHqH4GkiKGH3ouS4%2BPuyfkmDHjvxsjRtSvWKIO0AKNamGqqw8Uo%2BEg7EBe33fGJRYiAeVerLq%2F4--1V0kxaxPxU1ygNlj%7Ctkp%3ABk9SR4ql4_jAZw,single,False,True
BMW F30 LCI LED headlights set,BMW IKON HEADLIGHTS V2 LCI 4 SERIES F32 F33 F80 F82 M3 M4 WHITE YELLOW UK STOCK,649.99,2026-05-05,Brand new,False,False,https://www.ebay.co.uk/itm/198158356227?_skw=BMW+F30+LCI+LED+headlights+set&itmmeta=01KR3RRT96NY3R18H7NYRPWD2W&hash=item2e23288f03:g:TFIAAeSwX1Zpqgcl&itmprp=enc%3AAQALAAAA4GfYFPkwiKCW4ZNSs2u11xAqY5ddTfKScXVgrtT%2FI3HGKxggzAh1gNgPIe388T0asufHZ1xWgFtiKFh8kLJaBXDkfrAQg%2FOidQwhPimv7CVmmp05k0yCylwWi1dRJe6Zx8LPFhl%2FEW4C64ac5FsYvWoyJH%2F1WuhapFffqZXNXiDrIu%2BmWHUEvrWYHyl0F4EQQkuR%2FLlLMOV1d1EkyJ9oNeBP9vetXF3U9ZLjLakGE9lRTGsHUEGGfI3gNst2uFVWhteKHm4fCVcM%2FZNRmth4mIvlFX1DXaR7VXlR1r%2BxhVLc%7Ctkp%3ABk9SR4ql4_jAZw,unclear,False,True
BMW F30 LCI LED headlights set,1x LED Front Left Fog Light Lamp For BMW F20 F22 F30 F32 F36 LCI 63177315559 (For: BMW),18.98,2026-02-09,Brand new,False,False,https://www.ebay.co.uk/itm/284255882853?fits=Car+Make%3ABMW&_skw=BMW+F30+LCI+LED+headlights+set&itmmeta=01KR3RRT968Q28CB476YHR84YW&hash=item422ef88e65:g:0yEAAOSwVO5gdWE6&itmprp=enc%3AAQALAAAA4GfYFPkwiKCW4ZNSs2u11xCLv%2BEZwxsqhdVlzvJnLnkXZF2AflES7pv2JOAj61mSl9G9JnSAT9vguA6saG2WiLXqN%2BpjIiSxYfhqdtDd8grnMdJgQMUVO80gKt8tVuD6gJuOqjVDABlY95wp%2F5irGy%2FYMloPcWtk7wcPAQed9%2Bw6VVBFHAsajdOIcaowzcOocpHDLu8BOzNrqO4HllygCJ9DOBkJ5hjh5IpQmpfGfubMp22ySLsiudndjh7dwCtodThYuwzKQyYClmwY98kdgY8hdneWfhmEYe%2B8tZ1S7nJ8%7Ctkp%3ABk9SR4ql4_jAZw,single,False,False
BMW F30 LCI LED headlights set,BMW 3 SERIES F30 F31 LED SHADOW EDITION HEADLIGHT DRIVER RIGHT SIDE 8739562,499.0,2026-04-17,Pre-owned,False,False,https://www.ebay.co.uk/itm/157721737562?_skw=BMW+F30+LCI+LED+headlights+set&epid=17030011164&itmmeta=01KR3RRT96YA64Y8EQZV5TBWF5&hash=item24b8f2b95a:g:JFkAAeSwb25ppcuN&itmprp=enc%3AAQALAAAA4GfYFPkwiKCW4ZNSs2u11xBzMzg7qEYX7yrqlQGk2ASHjP8N6Sc0L492vpXxxeZAvBgIHOZfLO%2BWJ5j3nSXiaS3sYx633cvqaMBOgZrII9SXKt0AzHeQKvp6doRzF4hFEwqroSUKvrvBgvkx1sIOLCuRWXnMrwSnJ4tOqbtUTP6sWHLJCZYp53%2Bjs6lisfQGCRalvG4Z%2FZWctf4v3Yrb%2Be00EJqDOBc9YuYDNrjX%2BPGtKtE4Z4pBuAFlYcvboGAvaet3qn478aUIR29Ztc1y39cuBVLlNXyBt8A%2BHgR4eqX7%7Ctkp%3ABk9SR4yl4_jAZw,single,False,True
BMW F30 LCI LED headlights set,BMW F30 F31 3 SERIES 2012 - 2015 LED ANGEL EYES HEADLIGHTS,363.7,2026-04-12,Brand new,False,False,https://www.ebay.co.uk/itm/157813062477?_skw=BMW+F30+LCI+LED+headlights+set&itmmeta=01KR3RRT96C528GRVJ9ZG72B0R&hash=item24be643b4d:g:YiYAAeSwUatp1ADn&itmprp=enc%3AAQALAAAA4GfYFPkwiKCW4ZNSs2u11xB4TW8B0yMKHQLoPwFEqxwt2tV5mOGiEIrxPVC%2B56c4VpINj2m%2FO0KqrPWRAXDfodG%2FYFUPh5mQZy0qx04obh81DirT2X4PU3RlZgaVY%2BTfuKiHQI1fGRjnO20uL4Ip7DHbQRbaD3kPY%2BP%2FGS1PidMH8avIHwezO7GMrKVtzvFtWVwD%2B%2FO1G2SB8XJOWt9TZC%2F1EEuyPuFpMnroE09oZV5UlFIF%2FjuxLgbt9hJP5oa7fhixaw36pR2RdZQrr%2Buamlh9NR7%2FuDuzs9zJxmW22ckK%7Ctkp%3ABk9SR4yl4_jAZw,unclear,False,True
BMW F30 LCI LED headlights set,NEW! BMW 3er F30 F31 LCI OS RIGHT SIDE FULL LED HEADLIGHT 2015 - 2019 (For: BMW),999.0,2026-04-14,Brand new,False,False,https://www.ebay.co.uk/itm/188237813162?fits=Car+Make%3ABMW&_skw=BMW+F30+LCI+LED+headlights+set&itmmeta=01KR3RRT961J07HD1VFSXXN85H&hash=item2bd3d915aa:g:HpIAAOSwbBxn~TxJ&itmprp=enc%3AAQALAAABAGfYFPkwiKCW4ZNSs2u11xBB%2Fv9BTEhog1WbG%2FSDEvCsXRBQ2zpMhLUoLeoXIgrVe3uhuY4BI0uczh9g3ykrdREhoWdqQHsF1oi6DjyRGbBSTDHp32jltcUaARuEgOh1EgrVi7ALPWmXTMUnsk4ZJEyZtdL3qJYUdbooX4kDhgYhobgE5vPD5S6gAPDwtC%2Fy8mjopV36ttpBU98cESBAIpbPR1Hr06uLR35niGSIP%2BTiiZCD8oKES75ZbZT43KBe5IvaTSuFJPmAEa7thnrj996e7%2BL4%2B1xjVVnzBKYMJsPTnmCF8j1HuUXxND0GE13%2BX8%2FyGkQhk4DkeiHz7Zqyals%3D%7Ctkp%3ABk9SR4yl4_jAZw,single,True,True
BMW F30 LCI LED headlights set,GENUINE BMW M3 M4 4 SERIES LCI RIGHT LED HEADLIGHT F32 F33 F36 F80 F82,311.66,2026-04-06,Pre-owned,False,False,https://www.ebay.co.uk/itm/157764188628?_skw=BMW+F30+LCI+LED+headlights+set&itmmeta=01KR3RRT96HMN1GDGGM9TAH7EA&hash=item24bb7a79d4:g:HO8AAeSwc-Bpuc8E&itmprp=enc%3AAQALAAAA4GfYFPkwiKCW4ZNSs2u11xCFm%2FGsna7oVhwgSlsd7H1z515IdvR34rkuy8g%2F4LSX1IuBshRSuMHj12LJSX15eSWjS7i6U0PthI5Irq0jrsX7RtDqLdnP5cwSQM4DAldUQWG3QS5BPGxWgs%2BCda1wXQi5edss9aay7iavB2jCa2SSP3LuPLrDjffJHt04WbXKp2qPBWyow4lCtbPi%2Bffr0Cv9YsxyPeEjkTwDoqrcGLsCjIokvNVyrx%2F2YEFWlPR0L242vh5362SD7iSjnr2izXmCQ8AZDSf4S5cu3Opuqgoa%7Ctkp%3ABk9SR4yl4_jAZw,single,False,True
BMW F30 LCI LED headlights set,BMW 3 SERIES F30 F31 PRE LCI COMPLETE LEFT SIDE HALOGEN HEADLIGHT 7259539,150.0,2026-02-21,Pre-owned,False,False,https://www.ebay.co.uk/itm/327005638482?_skw=BMW+F30+LCI+LED+headlights+set&itmmeta=01KR3RRT96RNEP86WKEYB1XCAD&hash=item4c230e0f52:g:MsEAAeSw7RtplD8W&itmprp=enc%3AAQALAAAA4GfYFPkwiKCW4ZNSs2u11xCK5WEzG%2FezHws2OxhaP7AStWzx7VXXf2dE6Xke6v370z8TVgvDja54qnO16r9bPH%2BsQPl0Khrs%2F9%2Fy3dssio56eEl1ROzoqBNW19gqUnwy%2Fj4q1mrQcsexCOXgkV5j5onuyXHOOg4f%2FNPaaSmzjrBayU%2BHYeHaUvHOhxypISpp8sAjS8wAGN4ieLD7O74J6ZVle8xfEPAeWF6AqgEGeWUa%2BRjs0CMhqRW1a8CRAqlMZ0LUcOsT5wlmdwuURxagb1R1q6HoBnCGBV3qID7LuPwF%7Ctkp%3ABk9SR4yl4_jAZw,pair,False,True
BMW F30 LCI LED headlights set,For BMW 3 Series F31 F30 2016 2017 2018 LED Headlight Lens Covers Left + Right (For: BMW),44.39,2026-03-11,Brand new,False,False,https://www.ebay.co.uk/itm/377013040183?fits=Car+Make%3ABMW&_skw=BMW+F30+LCI+LED+headlights+set&itmmeta=01KR3RRT96PV6WJEW5G56ZCDS2&hash=item57c7ba7437:g:cjEAAOSw~FBnBKHm&itmprp=enc%3AAQALAAAA4GfYFPkwiKCW4ZNSs2u11xAD1WjaBLqorSMMXi9aucrJ9qTEEewkdnFrGi6PQb%2F19M2iQty1GG1%2FhEtJmCeuSfh8iAtOueVtGoQvVcIFHVfRM8pD%2BcRd42tN1cPTHZpZ5tPCTkNSAjm8cdBoKT2Hi1vYHHqA1HqPepgFLF3NStcypMucvdCHlz%2B%2Bg4aFaiba%2B5v%2FSh86yEZMGYSJwO7DGd5X69gcqM3ueWWAvzJAgiSCYR%2Boc9%2Bgja9wIAHxh3JqvfxVh0Hcv5edozFbs9X1QFPuMY4E7TS%2FLs%2BnNZniEwTJ%7Ctkp%3ABk9SR4yl4_jAZw,pair,False,True
BMW F30 LCI LED headlights set,BMW M3/M4/4 Series Yellow DRL Xenon Headlights (F80/F82/F83/F32/F33/F36 Pre-LCI),64.99,2026-04-13,Brand new,False,False,https://www.ebay.co.uk/itm/404478274780?_skw=BMW+F30+LCI+LED+headlights+set&itmmeta=01KR3RRT970D5AZJ1FZ3BJE7J7&hash=item5e2cc8acdc:g:IzsAAOSwql5lhjgq&itmprp=enc%3AAQALAAAA4GfYFPkwiKCW4ZNSs2u11xCOq2aPePYMdEz98YtRk4dJ3ehyTLRItq%2BLi1sgCgklR3h0jn2vJNuBCIZVReozpv%2FTL90e65m8mHCLgY4Az696VuPWFbskuvBN7Yp9XmdrL69B%2BSf%2BkKXWK%2FyKjvpty0%2F%2BBXYHgyzTVijdXlc8RZGgOVMkRPEET1aIYxucjj%2FOyZ9VNBnGEuEeXZTzVyJT2yDZJZYi8yFt5XUlKq7tyCzKU%2Fd4Lns%2BqdSwfrvdZjAc8dnabiU7sHdECeDD%2FDXbLCUCQE3qImSGotcZ%2Fqmos5eI%7Ctkp%3ABk9SR4yl4_jAZw,unclear,False,True
BMW F30 LCI LED headlights set,BMW 3 SERIES PASSENGER SIDE LEFT HALOGEN HEADLIGHT F30 LCI 2015 2018 GENUINE,155.0,2026-03-05,Pre-owned,False,False,https://www.ebay.co.uk/itm/177914210531?_skw=BMW+F30+LCI+LED+headlights+set&itmmeta=01KR3RRT972XD27PEQVFPKBVDP&hash=item296c8368e3:g:~n4AAeSwyZxpoMUQ&itmprp=enc%3AAQALAAAA4GfYFPkwiKCW4ZNSs2u11xCj7paxfHe3FpUOEvp2rP58yYuRFklmtDnh3Y9x22XWZ0xYPfMLHVCTffBmLB760jGnleo3qabwXJpMe57OgHir0H5F1gCvFEA1tdTKduigXNAdAp5t58sruTL%2F0Os2d2ZCsadABZ5Pol6mcpoycn6x8qDVIYNrKLNyY6Ywh%2FgKcvgkqeAgXPlTEfw3Ys2IXniXMVD%2BSzk9Zo3vcJjWl1KGTkzfxjUh4WKhYTsyvJAj0aILEitVMxI4as86mSIs6Vag0l93SI%2FIEuUBCtJj02fZ%7Ctkp%3ABk9SR4yl4_jAZw,single,False,True
BMW F30 LCI LED headlights set,BMW 3 Series F30/F31 HEADLIGHT FACELIFT Upgrade Dynamic Lamps Projector 2012-18 (For: BMW),587.0,2026-03-30,Brand new,False,False,https://www.ebay.co.uk/itm/406776961024?fits=Car+Make%3ABMW&_skw=BMW+F30+LCI+LED+headlights+set&itmmeta=01KR3RRT978FK5NYTCEYMBCF7G&hash=item5eb5cbd800:g:JuoAAeSwutNpuYPF&itmprp=enc%3AAQALAAABAGfYFPkwiKCW4ZNSs2u11xAUk6nRuZRMjShPRdG69LMxS1OvoC6sfv%2FGEsGy7OFQEJqKZ%2BmJiM2rZHZ%2Fzj9EHJXWryUirivh6J%2B9CwfmreyAV1H9m2Ys8PNAzrL%2B%2BB3bv5lU0U04ICzowQe47tpKORwxck5ezNO7Olu6i90LFhqx1VoUKaAMRCybVIqZek9%2F3Jw989J5fXUFIObJ6G2a2uL99a3dxq6%2BFfXIervHT%2B1f5ykzcMHo0vNJgiF9fWNv5GDHUa6QfuK01ipPDGWxH8sl3ivJ0hWlL5fxxrWgrWDM5wNCJ9uXj5AARDqXdC73FMduZbUtOoRbYy802AEjjnc%3D%7Ctkp%3ABk9SR4yl4_jAZw,unclear,False,True
BMW F30 LCI LED headlights set,For BMW 3 SERIES F30 F31 12-15 PRE LCI O/S RIGHT DRIVER SIDE R XENON HEADLIGHT (For: BMW),249.0,2026-04-30,Pre-owned,False,False,https://www.ebay.co.uk/itm/318159102571?fits=Car+Make%3ABMW&_skw=BMW+F30+LCI+LED+headlights+set&epid=15041386026&itmmeta=01KR3RRT979S4965B0E4RDE4QE&hash=item4a13c2a26b:g:6FIAAeSwhPFp4eWQ&itmprp=enc%3AAQALAAAA4GfYFPkwiKCW4ZNSs2u11xB58TWC5O9KPi77hdasxbI2veWJy9sC6PVyU7JtxHlC9nK%2BHzrij0ECwevwpZOsscx0lPq6b8BV5J7AlWvpRkNgRR61NflAv3NfQXlsIPN2dH7yzSIzIM0dIS7LD0laAkvQGMsvzaa5fP2xNz1uNgfCluYD7uIdpQ9szEnTNNt7f7OWviVLRtaHlmCkQEhQ5cj3%2B24PdrNjfrQM8%2FwBA0WxSqwLQOqnGkJJnuKqUv0NV%2BFaAMxdEb3AXekkmChhIqSgR6IQOfqf0GZKjEKM%2F%2BnO%7Ctkp%3ABk9SR4yl4_jAZw,single,False,True
BMW F30 LCI LED headlights set,BMW 3 SERIES F30 F31 F80 2014-19 LCI LED HEADLIGHT RIGHT/OFF SIDE COMPLETE LIGHT (For: BMW),599.0,2026-03-17,Pre-owned,False,False,https://www.ebay.co.uk/itm/366167172096?fits=Car+Make%3ABMW&_skw=BMW+F30+LCI+LED+headlights+set&itmmeta=01KR3RRT97WDZDXQBRM8BVR64K&hash=item554143a400:g:eeIAAeSwIJ5pA0fK&itmprp=enc%3AAQALAAAA4GfYFPkwiKCW4ZNSs2u11xDwwNgMn3s4zQ5zoOJ2moUUYQkOG9aEa4BBYKbApNWiD1NVWZuiI%2FFubZcMbRMYQd%2FuNtEOicmAqYuW7Ls0%2F9qm3xY7OsA3MaNHsNwt23rgfve5zZ4P0YNLPWgrtbsJHeLbhQQRZBLUkTLOE%2BCS80MTKQKygdPRTWms6ROAB%2BkqkMZ6pQfJYc6DorLw0kJhF%2BKoYURA2NUW8FXl%2Fct0VMLy5mWpvZTd40t5aV43J%2BuAJGX5AFqu44shcY9F%2B2UGE2Uy30QnGjUpM9ivMHwr6Tx9%7Ctkp%3ABk9SR4yl4_jAZw,pair,False,True
BMW F30 LCI LED headlights set,BMW 4 SERIES F32 F33 LCi 2014-2021 LED OFFSIDE RIGHT HEADLIGHT- GENUINE,295.0,2026-03-14,Pre-owned,False,False,https://www.ebay.co.uk/itm/287192746158?_skw=BMW+F30+LCI+LED+headlights+set&itmmeta=01KR3RRT97WQZ4JAGB1J3JGM1P&hash=item42de0588ae:g:vbUAAeSwjLdpr~2E&itmprp=enc%3AAQALAAABAGfYFPkwiKCW4ZNSs2u11xAXxONvO8RSM8QLCARpsvN5dDVn4ZD8n36AS45cjclRcLJB0%2BJldK2LJ2iGr1V2%2FBNAsya%2BZ5M7pUrzRSQj2Rk0zRn%2FUUuCLitxiW5oUQnwezOHMDZaqcjokbUiA8L1we%2BZYh8OsjxBxgBixPaOgRpuxKllukGUTkx7RJXmVXke%2F0b2v0cKHOODYppNazAiRiMQfq%2FMZMkRngStIA00dudL3dp4ZjeuwLsk1M%2BYe0BLS4XaEcnqLi8s70UZEXWPWzrJC7hqvMRUm0dmj8%2BINJqGeV2jWzuGWCpw600jmah5xpr61wBseyyzT0EswlTL21Y%3D%7Ctkp%3ABk9SR4yl4_jAZw,single,False,True
BMW F30 LCI LED headlights set,BMW 4 SERIES F32 F33 F36 LCI LED HEADLIGHT COMPLETE LEFT PASSENGER SIDE 8738701,535.0,2026-05-05,Pre-owned,False,False,https://www.ebay.co.uk/itm/157832479834?_skw=BMW+F30+LCI+LED+headlights+set&itmmeta=01KR3RRT97BSFYMX44ZWWXJCSK&hash=item24bf8c845a:g:azIAAeSwnQ5p0-Y9&itmprp=enc%3AAQALAAAA4GfYFPkwiKCW4ZNSs2u11xD30hpNo89i8pIDxqkHOGzPR1r1acxOEO5dy02yf9OdM09da8QveFzI5bfNYNc9s8ByB1eH4OTvIq3VD0rOVdWri2XuOOlky7X63TRmjsUyS9mowfJselmmU9Se8BVEQnO%2FsClNry5YcSFmoxJERqY%2BBFzy8UFBLDZYazu8xAIwj9GU5O47XRQMzWIuvBlio%2B%2BZxEasip32z0%2FYeaLxd8KYWPDylxC%2Blk1CJpsvDaIq8Lo8uaPJq997jmJvgKnWNfAlyyiDUTa7opwXrguPBy4l%7Ctkp%3ABk9SR4yl4_jAZw,pair,False,True
BMW F30 LCI LED headlights set,BMW 3 SERIES F30 F31 F80 LCI LED HEADLIGHT RIGHT/DRIVER/OFF SIDE GENUINE 7498948,400.0,2026-05-04,New (other),False,False,https://www.ebay.co.uk/itm/306915292329?_skw=BMW+F30+LCI+LED+headlights+set&itmmeta=01KR3RRT97D53F2G8JSJKKNGPP&hash=item477593b4a9:g:FyUAAeSwmH9p8ec4&itmprp=enc%3AAQALAAAA4GfYFPkwiKCW4ZNSs2u11xDXmhilmoc%2BzsY1B2txUnaWZtgVV2JXeI%2FsoOHZg0atU4aGJAg5aJedWOZAvA1C7KC%2FYoMr5BqsbFQOI%2BFwjezI2sFNrLiqv9O7APGCe2LrJiED%2BMYfFwxmoCklcUJu8kkh3Ct3I5k88AiGuLwYuTbkxBsIhlcCV5nepYEFgyN1HBPzK92g3MpyjTIfUZpKwA8OlXuTKzZZgA8eTK9SV%2FFoupPY1Rbu9S%2FVuEn2%2BcxisQufoeL5j6c90%2Fo0zmaY%2FzsYoYssD9wefOAxlwqqFBKy%7Ctkp%3ABk9SR4yl4_jAZw,single,False,True
BMW F30 LCI LED headlights set,GENUINE BMW 3 SERIES F30 F31 LCI RIGHT DRIVER LED HEADLIGHT 7453484 2016-19,333.1,2026-03-19,Pre-owned,False,False,https://www.ebay.co.uk/itm/267607829970?_skw=BMW+F30+LCI+LED+headlights+set&epid=910723417&itmmeta=01KR3RRT97VENZ3SVG1KBFT4Y5&hash=item3e4eab6dd2:g:eu8AAeSwDwJptr6H&itmprp=enc%3AAQALAAAA4GfYFPkwiKCW4ZNSs2u11xAu2%2B5xmZFlDOvn7GxUgMDkDnzF6B120k0BibmGW1IVZQPyPHQGeIbH5ocTcRCOls5A76MCNdf0s5WtM6EywKhm7C2NC%2BKBtlWKuo6tfrwvCzdlzjtVmcMAyKiNwrZVaD3wVljBmsaVpi5cLTMpvORx3gUL0e6qHGVBOlQm%2FXBpgtJyTw2L3yWr5BQ%2FlexzIgfM8whejmNI6yjAvakL3fUJJoOK04eZ4g6gxf96wCgKtC9zFmw8FBWdpWBUgH6cZ90Ljx2wRBWRDgLlO4K0NVa4%7Ctkp%3ABk9SR4yl4_jAZw,single,False,True
BMW F30 LCI LED headlights set,BMW 3 Series F30 F31 LCI Halogen Headlight Passenger Left Side 7365597,199.99,2026-04-03,Pre-owned,False,False,https://www.ebay.co.uk/itm/157745148152?_skw=BMW+F30+LCI+LED+headlights+set&epid=10006040495&itmmeta=01KR3RRT97301FDDSATRFET7TX&hash=item24ba57f0f8:g:vQIAAeSwtwtpspyV&itmprp=enc%3AAQALAAAA4GfYFPkwiKCW4ZNSs2u11xD09jl%2Bobip%2FJnVMkG5ok2%2BszzLIIcH6qgANownqN78VkELvn5hSLtBNg%2BSmnbWu0bXE0gysmUs97Kdq92kzGiReCU1lWWnLAKrlRGLMk5P58mt%2Bq2WfX6sdjjcomsV0OffNW0XO1l2cA0q6NbIAqyYQZsRzXqhp93567qXAlRcSmTlcK5PxGxQCSkGq9VdVMpBAiPj4tPR8A71P8jBgcbUk8ZpdVnH52DY1BmS6Z2tvaCwnLdPMXWMubOO%2Ff8JAFBSd%2Fuac5Eb9hbrAjFe%2FtPM%7Ctkp%3ABk9SR4yl4_jAZw,single,False,True
BMW F30 LCI LED headlights set,Yellow Angel Eye Drl Led Boards Kit For Bmw 3 Series F30 F31 Lci 2015-2018 6Pcs (For: BMW),36.99,2026-04-24,Brand new,False,False,https://www.ebay.co.uk/itm/127651385815?fits=Car+Make%3ABMW&_skw=BMW+F30+LCI+LED+headlights+set&itmmeta=01KR3RRT97SC6MCWXSEZVYKVSS&hash=item1db89d91d7:g:ofUAAeSwnM1pemyE&itmprp=enc%3AAQALAAAA4GfYFPkwiKCW4ZNSs2u11xAyDM6LYSnUdLa174iO3rMKk3qbmkv1AnoVhKSCwrzkEvRouWRJPJ5dIRj8xpumI1ITKr%2Bobnd%2F64f43GAuVCfMtZL64rQZfIpJq1KtYLNeEHzr23k8DJFRA4%2FFQ7yO2W2XDvZmU4%2BSAronVDwTSPRMhV9VdUsE0aK0BQ%2F9ekHSb5i61Xdvif5bA5xq1cGxLPdPli1RT9hluRBAceKmq1p7R%2BAdUjkpPcgcXSY8lHr6M71%2FOz7Qp7yBGDCSUtmyCzOGdBrPGsqdHVzCIIkRDhc%2B%7Ctkp%3ABk9SR4yl4_jAZw,unclear,False,False
BMW F30 LCI LED headlights set,BMW F30 F31 LCI Headlamp Headlight LED Lamp Light Front Right O/S 7419632,499.95,2026-02-19,Pre-owned,False,False,https://www.ebay.co.uk/itm/267569767867?_skw=BMW+F30+LCI+LED+headlights+set&itmmeta=01KR3RRT9756PKGXS9CMD46AAR&hash=item3e4c66a5bb:g:EHEAAeSwgXdpy07B&itmprp=enc%3AAQALAAABAGfYFPkwiKCW4ZNSs2u11xDpU7oajytGxU6vdlDbz41ErlY0MweQvWj2FmhaxueYbi4Ab%2Fhwm8nF3LHKxs2kREJu3rG%2Fs55KzUXyc7Onoba8ioX5N38NeWbkZYbRq5jxOJBmhdtcGJtCfbGDDjn0Umq4Wc6knudlEBlhA1XTPDjmUF8E0DJEy5SvKeVf2w97fD%2BSPKabvl9hZNjfkiIP76tiqAXohvh%2BdD87Tv4ZVAd7sMW4%2Fm5Bsd8siKQO%2BzBKxGjsjywWFJgzedQI59Pr4CVlrQAXaO%2F2Cew99ejCmhV93qKNDF%2FUE12pRaXWUuTkakAdGNfkpjcMonuQlq%2FF5yI%3D%7Ctkp%3ABk9SR4yl4_jAZw,single,False,True
BMW F30 LCI LED headlights set,BMW 3 SERIES F30 F31 PRE LCI DRIVER RIGHT HALOGEN HEADLIGHT 12-15,99.0,2026-02-13,Pre-owned,False,False,https://www.ebay.co.uk/itm/157672568294?_skw=BMW+F30+LCI+LED+headlights+set&epid=2093198872&itmmeta=01KR3RRT97NT358ZCCNH9ZD69X&hash=item24b60475e6:g:4YAAAeSwx~BpivQF&itmprp=enc%3AAQALAAAA4GfYFPkwiKCW4ZNSs2u11xBXX7OrZqE00jgUf4GpHoK0f%2BPKtGK2E84E765XK2CfvPqa%2FPQNDp3xLLgMhk%2FDbd7Bf2Yy41HG%2BOmCDybMVJb036GyKmMvlqtJ1QFn1mxaBh2PTuzS0xdXvEsmdjX0qcq6Q%2BYpvMV0zLkGijUXslwQFaC0TYVU5SQ1Zul24p7gBkLMDzoaof7ctPYPmKtp%2BLEfzqgbwGWDkDqhZkeSYb7UMZYpi%2B08rsEaSMRJ5ze5bVbXLLyu%2Bni9rQ7n61emdeRyPo%2FkfT5IjsqIvFvtxTtu%7Ctkp%3ABk9SR4yl4_jAZw,single,False,True
BMW F30 LCI LED headlights set,BMW 3 SERIES F30 F31 PASSENGER LEFT FRONT HEADLIGHT PRE LCI 7259539,99.0,2026-04-20,Pre-owned,False,False,https://www.ebay.co.uk/itm/157835190359?_skw=BMW+F30+LCI+LED+headlights+set&epid=838132545&itmmeta=01KR3RRT97JKBJ8P0HBWE5F5B6&hash=item24bfb5e057:g:HpEAAeSwvuZp32Mo&itmprp=enc%3AAQALAAAA4GfYFPkwiKCW4ZNSs2u11xC0jn5DhVilk8j%2FdKNR00QHzUzeieWLq1vrIViv6%2B4nQ9Fct9pfAzOSjMieRsKFQ6iEkSAoJLsvCCBmdl9j17QiHZB6WvRrW7P0hdeoLdZlHTVSTgctvP0CQrE%2BLcWwz0qwqG2CD7fIrhB4VHiw9Sw1KD8BXC1OaItAasX0fMWnwI8mq%2Fpgc4RbagiHMMrj%2BIlhuQcPg%2BZ8maDeAKBfttVlRO234Ly7ov3esEy8Sqqm%2FRzS4KUO84Bbkz%2F9BVdYiC6UoAkCABAibm%2F2HlQbddFq%7Ctkp%3ABk9SR46l4_jAZw,single,False,True
BMW F30 LCI LED headlights set,BMW 4 SERIES DRIVERS SIDE RIGHT LED HEADLIGHT GENUINE 8738702 F32 LCI 2018 2019,349.0,2026-04-14,Pre-owned,False,False,https://www.ebay.co.uk/itm/177940769068?_skw=BMW+F30+LCI+LED+headlights+set&itmmeta=01KR3RRT97S308N5XCT48RAX9F&hash=item296e18a92c:g:YCkAAeSwlNtprdPe&itmprp=enc%3AAQALAAAA4GfYFPkwiKCW4ZNSs2u11xDJYdkwS9b4KSiwq6%2BgS7U5clKz%2FmiInNZkZkXD8FwxEX8Xt2%2FWuXwXDgRueBzV0nlP8p%2FEiRw3qMQi%2FxSP6apbiJ%2FohTNlcmW60z9s3tgxiSj6hPCLOLzi0laZdVVQJPfbqt5eUe582qFLCf2e4ygeb3last%2FJo9otF7DYuDWaAastyB%2BHLJv3dy9A1XC3hN8gdNRUZNDb8mER%2BQO6PGUE76hxRrA8DV4w8issRwJiJoygeOY75N8Cawki3BpRc4C0s2sZ3TbCi2CIkSmRwo0n%7Ctkp%3ABk9SR46l4_jAZw,single,False,True
BMW F30 LCI LED headlights set,BMW 3 SERIES F30 F31 PRE LCI DRIVER SIDE RIGHT HALOGEN HEADLIGHT 7259540,69.99,2026-03-31,Pre-owned,False,False,https://www.ebay.co.uk/itm/227275542471?_skw=BMW+F30+LCI+LED+headlights+set&epid=2093198872&itmmeta=01KR3RRT97D9Z28NQ3WHTJ7Q0Q&hash=item34eaad8fc7:g:W9UAAeSwmeNpqW6m&itmprp=enc%3AAQALAAABAGfYFPkwiKCW4ZNSs2u11xBqu7edfw5xUQYzukG9YeKbJ215tzIiLnY6VYRKSN%2BuShNIhWMh1OU2oTLxVzTV8c3Qmq%2F93%2F%2BLYHeBdCLr5xqk4%2BbGt%2Baztcy2Zqs4K9n7kJecnGHvLBZywKLwcIv08wnqpO3sOWK1HFGz2NNoqmJHG%2FfidzfK2fSIgQkuimo1t5TY50MlDAHsv10IHumila724N1TlN4DOWuD9WpN%2Fj6GZckl5bM4cNfMOWHydJlBS5hcdVNA95pD0J%2Bv2nTphSGgvFcAsCewNcK61ZD58bfBOmJ9dnNFAb2XxfbjWhDPS71aj8V7fBLA0QrQG7OAVZk%3D%7Ctkp%3ABk9SR46l4_jAZw,single,False,True
BMW F30 LCI LED headlights set,BMW 4 SERIES DRIVERS SIDE RIGHT LED HEADLIGHT GENUINE 7478152 F32 LCI LED F30,140.0,2026-05-03,Parts only,False,False,https://www.ebay.co.uk/itm/177958924420?_skw=BMW+F30+LCI+LED+headlights+set&itmmeta=01KR3RRT98VG3DZYHG1H5XB96K&hash=item296f2db084:g:uwsAAOSwrxRoTHCj&itmprp=enc%3AAQALAAABAGfYFPkwiKCW4ZNSs2u11xDue%2BomMWJ%2Bkm3xJuV3yWz2v%2Ball6TYFKsAUWowEYursZnoszlHKxu1jDP7NqQmLO63d%2FnXJz%2Bamu6MRSWzLpV7MIjjXqAQXPbf%2BCAzENpxZXxTRwStvluADLqyCsgczUBUsEZfvIvCPBlWjGv0wPYl7TKDw8g6Ucfu5aVilSQn6%2B%2FH87H9cq1Zznvh2sZAj3OhbaNIWTdg%2FMfsWnCwcEEvLjllQFhBjSefHwyWMsfULy7xP9jlmpXnVP8AzVa7f2OWlTeC%2Bx8XF03IRmnyxM9ypgKogX4Ccwf5g3rcSTCiYmd6z6l38aB2FSsxrsuUhzM%3D%7Ctkp%3ABk9SR46l4_jAZw,single,False,True
BMW F30 LCI LED headlights set,NEW! BMW 3er F30 F31 LCI 2015 - 2019 OS RIGHT DRIVER FULL LED HEADLIGHT (For: BMW),999.0,2026-04-02,Brand new,False,False,https://www.ebay.co.uk/itm/188097752788?fits=Car+Make%3ABMW&_skw=BMW+F30+LCI+LED+headlights+set&itmmeta=01KR3RRT983MD998Q040H5DY3Y&hash=item2bcb7feed4:g:bfUAAeSwwVVpoEaq&itmprp=enc%3AAQALAAABAGfYFPkwiKCW4ZNSs2u11xC2OATDtqdkkm%2FVOxC2NHlkmq26eGrBsyxKy85BeM9Do4X30hofnvtkzVYru8fgFK7RnVAoqpFUD5qUesy7pWVhVADUhDS0IYcn2SqGXeVOjY4ECXBIL5quvhqjCRVHLpWoJLLxqFwpdC%2BDzOT3mPRIXyOTejoyww3vlLe%2B7hWaofPvngZYvMUdD0w7VLT%2Bcif59xipkPwbkDBUWmIYt5GVbhH8bakmvuDDaVb9YhakiiJaRFtzIX9LSJaXqR5%2FUmk2koBvuMuTZAATT5NkZOiulmFp8AUvcd59Qnk2wDrCDRg7UIKWbFon1k%2FEGSeh3R8%3D%7Ctkp%3ABk9SR46l4_jAZw,single,True,True
BMW F30 LCI LED headlights set,BMW 3 Series F30 Full Led Left Passenger Headlight 7453483-01 OEM,156.7,2026-05-03,Parts only,False,False,https://www.ebay.co.uk/itm/157878800037?_skw=BMW+F30+LCI+LED+headlights+set&itmmeta=01KR3RRT986NS3KDVJST33M4G7&hash=item24c24f4ea5:g:b2kAAeSwrURp9ieO&itmprp=enc%3AAQALAAAA4GfYFPkwiKCW4ZNSs2u11xBGZn08spcwiLGjRQjwLXW15PbQqIKXB2jhDWytPbVkE%2FUbrdfA%2B6RRbXB4bABPFVdtX7BkGWXFBJmPN0Ayd0UbjFFq8g78RsBCywuyajHDKblIJTMR6e2PI9NgzftEb79CwCaOwlGO%2FBq40eYWz4mVHch8did%2B1LMvDQENwaW6bf33hVCWFTaHtb3DP5zYmNUOhyxAFzHNmgJoXNFHTI04R2ZXtu7pTA5J5iZ2D%2BmPAyFM0lqSmdvP5MBRKvlLQ9t3PxNIhGXXt3aHanwLla1S%7Ctkp%3ABk9SR46l4_jAZw,single,False,True
BMW F30 LCI LED headlights set,BMW 3 Series F30/F31 HEADLIGHT FACELIFT Upgrade Dynamic Lamp Projector 2012-18 (For: BMW),587.0,2026-04-23,Brand new,False,False,https://www.ebay.co.uk/itm/406783950756?fits=Car+Make%3ABMW&_skw=BMW+F30+LCI+LED+headlights+set&itmmeta=01KR3RRT98882JX7FWXJ5JF3S0&hash=item5eb6367fa4:g:JuoAAeSwutNpuYPF&itmprp=enc%3AAQALAAAA4GfYFPkwiKCW4ZNSs2u11xAqB1riZ9ntRGsnsmrNYgQR%2FosZpPLSVRss8Ag7Xlb2VckQTDpXWf%2Fctr4XNDxf6oqrrHFfTyBX6G7j7AQQAs%2FJXbaelJnWDldBN5dPwV10GSAgp0cOiJfV6ahvci1DeCrDH0vJL1gPSVmnElUZ3LfN4dN0Ue6nMxD09grACxbfmCpSs9nCWvV6A7fuaZClm1TBBNFcCBnRRVqzsuXeX%2BT%2FrEamVHG%2F9cQ68zW0Zois4pjY8jgQlhk%2Bu4HBySrxfySf7MaZUmLnXfNaeYvmBsxa%7Ctkp%3ABk9SR46l4_jAZw,unclear,False,True
BMW F30 LCI LED headlights set,Bmw 4 Series F32 Lci Left Passenger Side LED Headlight 63.11-8738701-02 Genuine,289.0,2026-02-19,Pre-owned,False,False,https://www.ebay.co.uk/itm/406697612178?_skw=BMW+F30+LCI+LED+headlights+set&itmmeta=01KR3RRT98K29QTPN0GKQQXRGZ&hash=item5eb1111392:g:uIgAAeSwy4ZpkLWG&itmprp=enc%3AAQALAAABAGfYFPkwiKCW4ZNSs2u11xC9XNI0zdOYLxK4K8slQ2THM%2F%2BCWCYgFB228yc%2F5ysGIypYsT6BCOMQhuP3YvyKrFnxGB%2BqMb6kr9grClWEvoK5Bx%2BGxlbzGvxtFcRHY4ZzBidN6gaVv9Zk%2BzvA2osOSCow2HGRRhafd%2FDCd92qG9%2B5lsZQ7JEP92Nhd6MrGNaeE651IGiS34gzD2abwvV5MgyB%2FElXOET1ePedDUPB91PVQMQeubOxnLzNiNCUjvGBDGGR8qu1hN12BiFosaDQMCBIkrP2I48bS2XTshbDWxAWccQ0T1LISw82Hqg4iql%2FLcmnIwdPjrCVKSxuAJouFvA%3D%7Ctkp%3ABk9SR46l4_jAZw,single,False,True
BMW F30 LCI LED headlights set,GENUINE BMW F30 3 SERIES FULL LED DRIVER SIDE HEADLIGHT 2016-ON P/N 8738714-02,271.1,2026-05-01,Pre-owned,False,False,https://www.ebay.co.uk/itm/389905032610?_skw=BMW+F30+LCI+LED+headlights+set&itmmeta=01KR3RRT98FB7AFZ0K7DFJE6AM&hash=item5ac826a5a2:g:HU0AAeSw0oxpnyh3&itmprp=enc%3AAQALAAAA4GfYFPkwiKCW4ZNSs2u11xAoXial8460jbNBXqgpVZjkwmlJ7hQhSSN7KK93op%2Fz7IYy%2F0lCVqCjfcFw0wfKJqx5f1PjEsN%2BExKlMG7arW9696Q5uID6QhcKnwo%2FbAu0uDZhy7be5MaOjyl6ZfOtLSfXPjnURQBaAugZGwA04IwrOi%2BduUuRR2cyHgWbjNOQACgm89mkTi3dRU8y5U%2BZb3LVvsELEGViiJ2hJozqBaylu2d08NvdeAJ7mLAgvPyaDBoMtMO9MV8tkz%2BSAniDq5bFiBkn7bjhkOoB6aD9OkDy%7Ctkp%3ABk9SR46l4_jAZw,single,False,True
BMW F30 LCI LED headlights set,6x Yellow Headlight DRL LED Boards For BMW F30 F31 LCI 2015-2018 63117419615 Uk (For: BMW),36.99,2026-04-20,Brand new,False,False,https://www.ebay.co.uk/itm/358158532173?fits=Car+Make%3ABMW&_skw=BMW+F30+LCI+LED+headlights+set&itmmeta=01KR3RRT984SFSWTS1FXSRZBWF&hash=item5363e97e4d:g:oOUAAeSw45Bpd8Y3&itmprp=enc%3AAQALAAABAGfYFPkwiKCW4ZNSs2u11xAnI44PkI5lwkmE3WMbdoRabGZSejx5szibX9uckuCMWepGfzG9p%2FLKmz9tDpqUiQw%2FT%2FHPJS3Ddu08q3d3Z7YVyE91xoZajSXKd%2BzZRuFgna0z7BqdnKTAcyZMWmrAM8xSutaOwMIOWudkED2AxGvOrgNjTnNwyG7aCHJtbhLAkoUUWGc4iuzHAPTKVlweywiztF6S0O15oZBDsuNoxw%2Fo7P%2FEshX%2BFYYEy4YgNsTAVM7wrUgj37dYdrhLpxmJ7mKugf4tA8B8f1ciLmXRZ2OB7hLi2PKTwmwJWBGEkgixzJlhVm5oaEQFu6aiVV1WQiw%3D%7Ctkp%3ABk9SR46l4_jAZw,unclear,False,True
BMW F30 LCI LED headlights set,BMW 3 SERIES F30 F31 PRE LCI DRIVER RIGHT HALOGEN HEADLIGHT 7259540 12-15,99.0,2026-04-30,Pre-owned,False,False,https://www.ebay.co.uk/itm/157790539396?_skw=BMW+F30+LCI+LED+headlights+set&itmmeta=01KR3RRT98Z5QBP561XA77BDPE&hash=item24bd0c8e84:g:QSEAAeSw3-dpxnhX&itmprp=enc%3AAQALAAAA4GfYFPkwiKCW4ZNSs2u11xBh0cIgGAZ5Dn705mwUI04vt20q4PvEpIww8tJqlNS7q36gv5SLQd%2B0n1i%2BhGtsAIBFfPHdjvoHlHSxA%2FgEuwGgUqqXirLWnINd6MKDl79Xle5UwKAIPf4K9ckPQKD7gSExQndamCvZloMBtIBvxkzDRsJLma0kufAvesZE0eFYckktwF%2Byxjnns7uUCLgyt9mbEN9y4xny8sbKn2OI2f1urxOsPP2uyKU%2BaCyeuqJ1UzEJQdXVgape7jUg8O3nn1a7DRzRvOlRqVlgB7z1MU25%7Ctkp%3ABk9SR46l4_jAZw,single,False,True
BMW F30 LCI LED headlights set,BMW 1 Series Headlight Passenger Left N/S LED F20 F21 LCI 2015-2019 8739573,410.0,2026-03-19,Pre-owned,False,False,https://www.ebay.co.uk/itm/397727762408?_skw=BMW+F30+LCI+LED+headlights+set&itmmeta=01KR3RRT9877R08NSAYJGCWGR3&hash=item5c9a6c07e8:g:ek8AAeSwO6xpucVj&itmprp=enc%3AAQALAAAA4GfYFPkwiKCW4ZNSs2u11xAOyFGwWs0xm1Dzv%2FlWWQVd6TH6MOSnuvXxIv%2FYq34PDY08qFkz%2BUys%2By%2BqPcYH3rKKge30RN%2FByFQLUmBQ87o4y2C4qdBAloc7BKpeGgV0mJ4uridg3AT4ACcNvmN9wtdK56rKFLw00%2FopvkfVjYCsr5rmtbFmQzhMMt%2FqvkRleX46SHV3gdaop%2BUFVoBooqi%2FRbc0dtQaV9m4AkXVGJkR1g7FOPSDtHgTUVZ6ci28b9JGJBMJQpaSM%2B2uWERcptWGYqVr2wtTGW5epqTLSK52%7Ctkp%3ABk9SR46l4_jAZw,single,False,True
BMW F30 LCI LED headlights set,BMW F20 F21 Lci 2015-2019 Passenger Side Left LED Headlight 7453521 #097 (For: BMW),629.95,2026-04-01,Pre-owned,False,False,https://www.ebay.co.uk/itm/205825494138?fits=Car+Make%3ABMW&_skw=BMW+F30+LCI+LED+headlights+set&itmmeta=01KR3RRT98PVHV5CZX028W3ZED&hash=item2fec27cc7a:g:cd4AAeSwlWJpCbeW&itmprp=enc%3AAQALAAABAGfYFPkwiKCW4ZNSs2u11xBh6MZSwx8ZjaygO74gwtaR4jsEZNnfW9AyICrjtdmClgl0uKEFT%2FK3cx99gaJkq8ZbqGmCSXLR33MKB7OD5AivnVOVr4IiEuZr%2Bl11e7oWC34rh%2FDizBf8LsifGEpuOixjBVi6Wp3vvNeFJei0by8BbJ67V7didJcckSi8dSj2b3llDldegJtDFix%2B5fddVAzP3wYtYjeY8TMFTntKVqsK%2BDmvfNl7c%2F2Z7VM%2FGtccLKl9MGccEC4nKXRQC9win64ZFbRPjPm90%2BFtNeI42L704VMpDi%2FKbNK1DZoRimI9nDO8Fr3faudHOqG7xNEETuU%3D%7Ctkp%3ABk9SR46l4_jAZw,single,False,True
BMW F30 LCI LED headlights set,BMW 3 SERIES F30 F31 PASSENGER SIDE LED HEADLIGHT 7498947 2015-2019,250.29,2026-05-05,Pre-owned,False,False,https://www.ebay.co.uk/itm/198274057079?_skw=BMW+F30+LCI+LED+headlights+set&itmmeta=01KR3RRT98V0GJTS38XXEJJK97&hash=item2e2a0e0377:g:SpkAAeSw7ztp2rwf&itmprp=enc%3AAQALAAAA4GfYFPkwiKCW4ZNSs2u11xCpwMSMOEXczorXlIgTq4XUJycOQhQul%2BKbDgQoNFw2nR%2F1swx7KMhnybYV6U19DcGaWxp%2B8qFzgcEygxYQl0tWmd5sEsdN8e7DIGmUoOzPf2g1yWXGhYNKrMTglJ1wInM6s%2BmEtK2lbLZRn4PjqcDdd1z07PS4k5p7RlJ0tkH78QiX5jJmJxsS2rckTdpKG11xo2sy24e3rnZqxPZOGvOs5yBOSRb7xmZtjLrCW0iiedNjO6Kaz09S1yr0JG5podWvvFuU2WH6Z%2FoyvbixDu%2BW%7Ctkp%3ABk9SR46l4_jAZw,single,False,True
BMW F30 LCI LED headlights set,For BMW 3 SERIES F30 F31 12-15 PRE LCI O/S RIGHT DRIVER SIDE R XENON HEADLIGHT (For: BMW),249.0,2026-05-08,Pre-owned,False,False,https://www.ebay.co.uk/itm/318259966912?fits=Car+Make%3ABMW&_skw=BMW+F30+LCI+LED+headlights+set&epid=15041386026&itmmeta=01KR3RRT9842Z4CACGBSTMMCTC&hash=item4a19c5b3c0:g:6FIAAeSwhPFp4eWQ&itmprp=enc%3AAQALAAAA4GfYFPkwiKCW4ZNSs2u11xAFSnaQjIDBa0pb56mMerqXJzgUMxUJ4ZFpLl5EzcgFTdlcR6YYqJp9wFYE8RUkyohGmX4CqmEqBPzGXIaVGMu4mDimE%2F5zyu7OudvQoJqyhGEVe1Ds3gzCSK3lN820LlozwJuJQE2fvZubWtTM%2BgSCrgLDFDGvehvr8Ba9XqTSK0aDpPffN9FHCVRXlR01piOcfTGimDsa3xPOWzHRncGefyL0xhPgF2NtVBEJVvU5MPnOPiy%2Bx1KEQFJOZJkBL%2B4ojbE%2Bjd7WfgSrW1l4A81w%7Ctkp%3ABk9SR46l4_jAZw,single,False,True
BMW F30 LCI LED headlights set,Left Headlamp Full LED Headlight 63117419631 for BMW 3er F30 F31 2015-2019 New (For: BMW),185.99,2026-02-26,Brand new,False,False,https://www.ebay.co.uk/itm/317922643410?fits=Car+Make%3ABMW&_skw=BMW+F30+LCI+LED+headlights+set&itmmeta=01KR3RRT98274QEP7BS626REN1&hash=item4a05aa8dd2:g:g0cAAeSwoPdpnsp1&itmprp=enc%3AAQALAAAA4GfYFPkwiKCW4ZNSs2u11xCDc6hSxv1kqWSbklSZv%2Fxu4lG6ezHXCPJDN3a7ZFn1D27B5U2ljLVM8KlFjT74hpcl8eOv21mSVaxUDTlU8rJRpGuPILRBIbe30d9Sy6scGYOrGGDmRGr8B%2Byq7N%2Fz1Poqi8s7meFcASWkqKHgRTjv8TaQ%2BetlGtRk1ZEyuEEVquo0MrYmaMl6leUXKSkfQjr7VL9v0QU%2FbTXjKUygBe7Qbjzqc1AVHOnLLr7xbmhLlrjSLxVFu0aGD4xEmJ9Ohf1I7l6K%2FfEKgLGQWM3ehMJt%7Ctkp%3ABk9SR46l4_jAZw,single,True,True
BMW F30 LCI LED headlights set,BMW 3 SERIES F30 F31 RIGHT DRIVER SIDE XENON HEADLIGHT 2012-2015 PRE LCI,370.0,2026-03-08,Pre-owned,False,False,https://www.ebay.co.uk/itm/406328652210?_skw=BMW+F30+LCI+LED+headlights+set&itmmeta=01KR3RRT997XKQ4CJ1NH5H8KQS&hash=item5e9b1331b2:g:jCAAAeSwNE9pAKnM&itmprp=enc%3AAQALAAABAGfYFPkwiKCW4ZNSs2u11xCgzkTFOFwbl0Q20JIxIy%2BwoW31itTBKdO2WmmFWLGlcUWcjJT395dLNkzE%2Fsmk%2Fj5aKGb3TAEc6V4xB5UctOTV%2BJXQ0M8Am1tfmUG0XCq3uUVmhQIdTcycWbtPiQc%2Br7RPq%2FARhz0BCqb7qg%2FeevD3%2BBl94UKwpdeZ3Qy1xOJL3Ps6FN%2FQfsyZYvytwrsYg%2FU26yXY21AMk8%2B%2BDq83Z7jkcXmJTVb9CJBSWqIAJnSF8UhoKiT%2Bcqqxyigi0i8AWqSLKGjwAYWKlkuqkV9D3PCLr4Bh5u6gm99Wc%2FQUyYp%2FWKdt%2Fg%2BGvwB3mjRPlgHOHUI%3D%7Ctkp%3ABk9SR5Cl4_jAZw,single,False,True
BMW F30 LCI LED headlights set,BMW 2 SERIES F22 F23 F87 LCI FRONT LEFT PASSENGER SIDE LED HEADLIGHT 8738681,399.0,2026-02-09,Pre-owned,False,False,https://www.ebay.co.uk/itm/157244478677?_skw=BMW+F30+LCI+LED+headlights+set&epid=9052130486&itmmeta=01KR3RRT994T48Q9KP0YFPRTT9&hash=item249c8054d5:g:Q9cAAOSwBMloIvBq&itmprp=enc%3AAQALAAABAGfYFPkwiKCW4ZNSs2u11xAyt62mdXm7J77K87Z0P3IUlJo1eQGipevIsB%2FwzYOufLlRKmFoHmvB4QLy9X3Y3Xa5l1SLtfK1fmN3df1l7mUsMwFcQxEzGz1XxQhejCF6J9duCkywC%2BUeVNi6dVutC%2Be3%2FfVCaUfX125pgb1Gy%2FB9duvcL4Kb4Gj8Bfd%2Bc6c7PGbj8IOedTtzaiAUhd5O2XfqUrhN7RmIUotWkOBA6hbLT%2FDRLAqUFGtIAWV37bl8TIlwl3Dg4qib9KjLrTOc79voYjuJKlojIiEUqDoaNu5kZNxvV%2BEUqdX6Fhytqvjj5eAw9rK94hGx8n%2FAvNhA11E%3D%7Ctkp%3ABk9SR5Cl4_jAZw,single,False,True
BMW F30 LCI LED headlights set,BMW 3 SERIES F30 F31 PRE-LCI 12-15 PASSENGER LEFT HEADLIGHT 7259539,85.0,2026-02-24,Pre-owned,False,False,https://www.ebay.co.uk/itm/406581127470?_skw=BMW+F30+LCI+LED+headlights+set&itmmeta=01KR3RRT995DNT9QQ0DHBHYJNS&hash=item5eaa1fa92e:g:lh8AAeSwe95pYq3y&itmprp=enc%3AAQALAAABAGfYFPkwiKCW4ZNSs2u11xDJLgAeDrpP27vaZnDwzYobjNDsx49%2B%2FuCeJEQx%2B2pZjZk4gavnkW%2BgMDpPKICBa3o1aqNSu4HcnVi1MnIhyP4C4pPn2RJ36k38pIP%2B%2BSF5h8q2azYeO2JdHYWUPWpWvvfMDIIT%2BlRis887a45IGXNqTtAPw2DRWsrcfV8wP0zwOVcTaq8yOaIhGmDPQYkv2Fd0gV%2F3Sp4Oty3KU%2FApS%2BXzSlh4HMCjuZ5n8%2B%2F0cYRDnhxiVeG7HDDVMXmF38zsjPLX1hsF9oba6CbsSkr%2FwXD5bswasIk%2FFTn1QnyUSjZaeJcyw3CzKKt8CbUHEHl4JNc%3D%7Ctkp%3ABk9SR5Cl4_jAZw,single,False,True
BMW F30 LCI LED headlights set,BMW F30 F31 LCI Front LED Headlight Vertical Actuator Left Right N/O/S 7401878 (For: BMW),34.95,2026-04-01,Pre-owned,False,False,https://www.ebay.co.uk/itm/317638379821?fits=Car+Make%3ABMW&_skw=BMW+F30+LCI+LED+headlights+set&itmmeta=01KR3RRT99AWBA9G8PQYS0B1SS&hash=item49f4b9092d:g:dAcAAeSwAI9pNt4D&itmprp=enc%3AAQALAAAA4GfYFPkwiKCW4ZNSs2u11xDW25KvG4KmxHaiKhOmsGOElLe1j5wPQqLekrkEglPvsHBw%2BxrIxuxoIg%2Fd9YCqpLJeHKciqMw3yuvU3dIRu%2F9YHd5oswGHhBLXJ4ICWt5q%2FdC2HubXADBWopoen05EN4SMUYsIFN2s7aKUq1%2FXt0nKASDOB2H3Xhlxe6hkb7%2BgI7A6uKm1AjR3PPFiplWIvpQcmI9LrTYLqKABCqWJ68Mqaxh9H92oFVZdie9HwYs3r8L9YwISJ0KjHjRiHI%2B1iUbKfzkYlfCt5wvCnPyUszbN%7Ctkp%3ABk9SR5Cl4_jAZw,pair,False,True
BMW F30 LCI LED headlights set,BMW 3 SERIES F30 F31 LCI 2015-2019 RIGHT DRIVER SIDE LED HEADLIGHT 7498948,161.9,2026-03-31,Parts only,False,False,https://www.ebay.co.uk/itm/287095811827?_skw=BMW+F30+LCI+LED+headlights+set&epid=10024487713&itmmeta=01KR3RRT99W5ZK2JCS1C8W3ZTC&hash=item42d83e6ef3:g:hEcAAeSwKZxpEej7&itmprp=enc%3AAQALAAABAGfYFPkwiKCW4ZNSs2u11xCYAoOyyhbNH4zbIPxkcx8NQLiepVt3xyaDRQSExmvJw1NQRMH%2FQdn%2Fe5Y0%2Fey%2FZTZg%2BLf%2BPdis7ecyoLojr2a%2BGPD7PuXCXer60eI6Fv57XjZlnlL9FUpsL%2Fo4SdiSf0778DpNGLOEE5RKF3Yu52laeeoqns5y8G8LoYOEkKzQk%2BcnFixzmoX%2FodGRSJG8G24QQ58j%2BYg%2Ff2SZP%2BnNa69zgxOCQrR3L5f%2B9HPaSzIrKH%2FAbkJSps61BWq%2BsFyPXYlBmLRnKwSiNAF0PGRdsMRejjpqUbsulBIwsqUZJX6QiV38iZR1z1QnTEhU07ivWd0%3D%7Ctkp%3ABk9SR5Cl4_jAZw,single,False,True
BMW F30 LCI LED headlights set,BMW F82 M4 LCI Headlight Headlight Assembly Lamp Adaptive LED Right O/S 7476213 (For: BMW),299.95,2026-03-31,Parts only,False,False,https://www.ebay.co.uk/itm/318084203471?fits=Car+Make%3ABMW&_skw=BMW+F30+LCI+LED+headlights+set&itmmeta=01KR3RRT99NYQJHTKRXGWMK4X3&hash=item4a0f4bc3cf:g:iQoAAeSwfDRpy216&itmprp=enc%3AAQALAAABAGfYFPkwiKCW4ZNSs2u11xCa09Sl%2F1JxckWJpbPRNuP4dJ2mt4jRQZrrwRMV9KjNWkNtc6aIbnQ0JtNwPAcCcDaJSVqKlsPiGJYBfRbQRmXrdI8EhvI00oXRSEO%2FEcxmBbVni7hEQIGKymymoqnDrOt20KrJS9U%2BNfBgvFHR50jH5uCUyBj3OU4P5xFrz3nWabKuKsWfKIR4uIoi9SJo%2B3LQ2kVC0MiIL1jF4CELJ8M6Ebs8B1tLM89YFt8%2BouFZi%2BzMlSCIVxmmrMRYFtB3ckbc3btz4ZpN712xohmiwaccnnQ7%2F7DjY7PAd4wEJdPY8db9%2BTOQwa9g2WZ7DK7qKlo%3D%7Ctkp%3ABk9SR5Cl4_jAZw,single,False,True
BMW F30 LCI LED headlights set,Angel Eye Headlights BMW 3 Series F30 2011-2015 LED DRL Halo Upgrade Chrome Type,444.95,2026-04-01,Brand new,False,False,https://www.ebay.co.uk/itm/274526610555?_skw=BMW+F30+LCI+LED+headlights+set&itmmeta=01KR3RRT99YFPG26CKEM2ZHNMR&hash=item3feb0fa47b:g:mu4AAeSwA0BpEbzi&itmprp=enc%3AAQALAAABAGfYFPkwiKCW4ZNSs2u11xCCKNVo1cBASy%2FLZoJMaRRxK0QJnZrm1QUpxSHmrm%2BmozvoCK0ZkVzK4OTAhPy%2FgyfEjPD4YfidzqQq98xCO8HzlAvPVpg%2BSkWg%2FfRnTNWvDo64YgR%2FV7rU0sGl4GrlRhn8Zi82mL2VEFCrhVQSopfV8utZ6WQJ%2BaOgGT0dRdcvjcIdQqMhtm97xmNOG6E5SSwdhy39zUtBYBFhGeRzynH6%2Bos%2BtnfgmVkU90NIHvUJjTmILIPPm9Jlcy5JknyxUzRb7PEgcmh%2B0yN1viy5UJPV08A0JCmvMWGOvEqpqU%2BIe1aTq%2BJ52CnCrkUhItnpWLw%3D%7Ctkp%3ABk9SR5Cl4_jAZw,unclear,False,True
BMW F30 LCI LED headlights set,BMW 3 SERIES F30 F31 LCI LED HEADLIGHT LEFT/PASSENGER/NEAR SIDE GENUINE 7498947 (For: BMW),475.0,2026-04-07,Pre-owned,False,False,https://www.ebay.co.uk/itm/366167172092?fits=Car+Make%3ABMW&_skw=BMW+F30+LCI+LED+headlights+set&itmmeta=01KR3RRT99K2324BZCW6GVG7MJ&hash=item554143a3fc:g:csgAAeSwAEFpA0Ow&itmprp=enc%3AAQALAAABAGfYFPkwiKCW4ZNSs2u11xCSE6GsEfhhqrPkUsvOZ%2Fo6NX21rX6qTNQ5gaeGIW7FjXtwZ8i4Py4wgCa9ft8nFVGoiwMaDfiYT%2FXHLthDkAqoNIZYA%2BdRToaZkTOkOyiwxzjX2swWNCvGQUFuoDBtoUuOMeTAtv9M%2BURNBRDbU%2Fl8FSOyc3cDty9qpWkfnEvDglayuiM6SI3XntlkIOntzdlyAKyV2OTW6tTIRQlCbUaBrO3qtIX3NKz%2FnkmTslgYXIPyCWbwuM0eaVT5AYOwK6OBGx3zR%2Bs82P3EMxzESTiaPGXIgJad--WQRYyJl9jV6F0oSiNQuChWA96aC%2BaqMXw%3D%7Ctkp%3ABk9SR5Cl4_jAZw,single,False,True
BMW F30 LCI LED headlights set,6x Yellow LED DRL Board for BMW 3 Series F30 F31 F34 LCI 2016-2019 63117419615,38.99,2026-04-14,Brand new,False,False,https://www.ebay.co.uk/itm/236738369139?_skw=BMW+F30+LCI+LED+headlights+set&itmmeta=01KR3RRT99GKBCARMMSN9FWQSB&hash=item371eb4d673:g:jpwAAeSwLydp0oMD&itmprp=enc%3AAQALAAABAGfYFPkwiKCW4ZNSs2u11xAX%2Buvj8IY82eEz49toVPrxd0AB%2BtCMy98nrehjQZw7g8Le6rIaZ6gMmGmF8gDJTmiZONqLFGXmCCdwlDw2HC2%2F4NasH6v9RtVxr0HClbxeoaeI2lOS5YeRQMyAkygwJHzEJAqeGa2LxZFW31zC0Od2Ou%2BPp5COcTx2iZtAtiUq1zQk8Z8r7iXPNN8eeV8HAA4IK5CnlTmrkUuJBmqnNYUR6JJfIUSMheOTWDCq%2B%2F1G9h8dSYTGHcDSqfNSrvwzjMhox4%2FslZA9JSWiDSxd1JPSmCU6qa%2Bvg1GtCHYMdsnqWdK%2Bf35rhA4CtGhbzgPrR9E%3D%7Ctkp%3ABk9SR5Cl4_jAZw,unclear,False,False
BMW F30 LCI LED headlights set,GENUINE BMW 4 SERIES F32 LCI LED LEFT HEADLIGHT 7498913-01 *EXCELLENT CONDITION*,400.0,2026-04-27,Pre-owned,False,False,https://www.ebay.co.uk/itm/318154538338?_skw=BMW+F30+LCI+LED+headlights+set&itmmeta=01KR3RRT9952APC8HFZMSCV6GS&hash=item4a137cfd62:g:4zkAAeSwEDFpWaFO&itmprp=enc%3AAQALAAABAGfYFPkwiKCW4ZNSs2u11xCu9RI%2BPsKKlvfhjM6Vk3g%2B35T1r9QMNb9UZtST8HMiwXh9z02%2BkAyOER6Nt59yyHt02kaDl4l9QpZC990K24FJyOHcsRO%2Fx08qxGzLh5JhDS718%2FHX5pyPIbvkzjMBv4iKFt22Efxj1p1Rxgj6rIEwTKBy0Dp%2BAdZDhvbJb%2F2g7ErJMZGG%2BicYF0HBsyYlX3V9xwROKNUQ2gIAPpC4v4TEZ6ioc%2BajO0x%2Fd0tGI6U%2FqETS96uW4gVDRIOrbHJZ6vrFuzb%2FkWLd96GZJAfS3aM7qkIt8Y3k2NDocypEiiqb%2BrAg2%2B2sNJMp%2FjZEvyU9S0Y%3D%7Ctkp%3ABk9SR5Cl4_jAZw,single,False,True
BMW F30 LCI LED headlights set,Headlight Left Full LED Headlamp for BMW 3 Series F30 F31 2015-2019 63117419631 (For: BMW),195.0,2026-04-25,Brand new,False,False,https://www.ebay.co.uk/itm/276830960269?fits=Car+Make%3ABMW&_skw=BMW+F30+LCI+LED+headlights+set&itmmeta=01KR3RRT99J3S173F9FGA0HVNT&hash=item4074693a8d:g:vFsAAeSwP8Rp4ajr&itmprp=enc%3AAQALAAAA4GfYFPkwiKCW4ZNSs2u11xDhE9RDMkIDbk2Q7bGOuZ4lgkczUykaY5SEE0XFIHLH7FgGNPJkfwScwHpY2rJRQpeVZrn02Yjbh8O30UZd0HW65Bw6rWVyun9aCjQLwFLqOipOH3Fg2Evm7Ks9IAzZvO%2BN27ubW3KHjv9WL1dCyJtBbI0jVTlctO%2Fmk91Bs4tGOj7mIbmAR%2BDEs8%2F1Ufy0lGnfM%2BQszhiBQLJ4lh4gL87E5BQt87C1%2FHdhLyx8fjZEwbYNMWVJx8KS7dHpyChBmswLaM0C%2FjIu%2BRRLjlT%2Bzx3r%7Ctkp%3ABk9SR5Cl4_jAZw,single,False,True
BMW F30 LCI LED headlights set,GENUINE BMW 3 Series F30 F31 LED Headlight Left Passenger Side 7492611,350.0,2026-03-23,Brand new,False,False,https://www.ebay.co.uk/itm/397716215308?_skw=BMW+F30+LCI+LED+headlights+set&itmmeta=01KR3RSFKD9AF1KMRTFAHCG3MF&hash=item5c99bbd60c:g:QYIAAeSwIXlpmII9&itmprp=enc%3AAQALAAAA4GfYFPkwiKCW4ZNSs2u11xBavR5768bFPKmFdyFUSug%2FVyKKq%2B9Sr2Qt%2FuOzH%2FvFrOzLK9U%2BfDFyTJKxJjKYvHgrPyLXyxdmsuane2J6i%2Fy0B7fASfH2l1Klv18Fo%2FXohVmvalR8BcUD1rptHwY%2FC%2BREMiJoqa6o2VpEjU70wk5MB9asgAXQrVpxmbOchq4P2t%2FKtL7%2Fgbdfu6cxhhobrJ%2FUpM5Vl0228kd3Wx0dd6wmVxk0H5DTdKX8%2BC2RCD2tJWXv3rCiHIZsTjKpfdqgnP%2Fz3E%2BjyCYaiV4vvn2eeSA%2F%7Ctkp%3ABk9SR5b65fjAZw,single,False,True
BMW F30 LCI LED headlights set,For BMW 3 F30 F31 Front Right LED Headlight Head Lamp 084441183R 2012-2015,179.99,2026-05-06,Brand new,False,False,https://www.ebay.co.uk/itm/168311812746?_skw=BMW+F30+LCI+LED+headlights+set&itmmeta=01KR3RSFKDCNR2W8A6PCDPQEFK&hash=item27302a728a:g:tBcAAeSwo41p2Wj1&itmprp=enc%3AAQALAAAA4GfYFPkwiKCW4ZNSs2u11xA4nKxN1z33nOty8iIm47MsoS45qSgKVfVg%2BNpVYrZ1zYDoDDJKY0qlkNOpzjgUvhqNOXUv%2F%2B2yZJBRqi3st6f%2FYr2TCEhYO2T81bjxG0Eq4GTe%2BnkaSd%2FzsSRNwg824x8nsKLfn6ZrYQUFR06vE3Hwxr7ns5Oq2eOFx4tqw7q%2B0jqidcgBkNc%2FCtT3WEKBd5%2FOWHSCGrLYt8GXYDhkh99tFsYjk7bY%2FYJa9LpSdzZ8zaPTKVTp%2FRKdi0GeTk7ZA71JMN3QaG3LC1JYjf6JhpQd%7Ctkp%3ABk9SR5b65fjAZw,single,False,True
BMW F30 LCI LED headlights set,NEW BMW 3er F30 F31 2015 - 2019 LCI NS LEFT PASSENGER FULL LED HEADLIGHT (For: BMW),999.0,2026-02-26,Brand new,False,False,https://www.ebay.co.uk/itm/187997647782?fits=Car+Make%3ABMW&_skw=BMW+F30+LCI+LED+headlights+set&itmmeta=01KR3RSFKER4W4PME1FXW54SV8&hash=item2bc58873a6:g:m0kAAeSwqVJpkx6E&itmprp=enc%3AAQALAAAA4GfYFPkwiKCW4ZNSs2u11xB4F70w0JRFBKglWGQqhvQfBQ1siSX1ICTHoSe%2FmN2NyhHXrCOnhAOrPEfDxLG2LxYgsQR31apPnT7%2BJljINalwGJNX8AKx%2BZjYA4Y42w%2Bwnlfm4157jycd46UTOWthWGmTghAVGLOWjRhMBfSYJ5UjnNa5m4g8Inp%2F8Yo5fcujLOsSigKwdf%2FlJ90f%2BUVebw2VwNftDef7TvsWJ2cYZYYUAXvikilc7Di7oxMpfzLKdFX9bnMM2IF76rtPdAj8gy6kMo2QpGxGoMosYqjd0Ghv%7Ctkp%3ABk9SR5j65fjAZw,single,True,True
BMW F30 F31 LCI headlights both,Headlights For BMW F30 F31 2015-2019 LCI Black Light Bar U LED DRL Projector (For: BMW [F31]),469.99,2026-04-27,Brand new,False,False,https://www.ebay.co.uk/itm/167308459745?fits=Car+Make%3ABMW%7CPlat_Gen%3AF31&_skw=BMW+F30+F31+LCI+headlights+both&itmmeta=01KR3RTM6YSRX9EEXJ5EA2ZNCN&hash=item26f45c7ee1:g:LWQAAeSw-Ixo46F5&itmprp=enc%3AAQALAAABAGfYFPkwiKCW4ZNSs2u11xAf480IK8jHSQlsKOAda8mA%2BRR5N8u43BtgecFw1XZvlZY%2Fl3km3R5xYAcL0tuPj0w7jOHmh2HiCn%2B3xT7A%2FiU9HDGCIPxRES0hYZGo%2BYZke69PhRXxkyDuyJ6eJvNgUEUjkJlcf1SgRFJiiqMkhPgbE2CdLjbobvrIhg4GCq3b%2BzkMGk7ez2ipd50Ppv9tlVYbTx8ByVtYwFY%2FPlXd1catvm8RctnvBDTW8PB9FTnA1y4ORsze93vdDbbpqy0HmT0%2FhDswfi%2F35wLeCUHuXwpEZEzyNxTL%2BGqYOHf0WFdx8YvbXDHHzJ7PPifLUlRhL1I%3D%7Ctkp%3ABk9SR_7D6vjAZw,unclear,False,True
BMW F30 F31 LCI headlights both,BMW 3 SERIES F30 F31 LCI 2015-2019 ADAPTIVE LED HEADLIGHT LEFT PASSENGER GENUINE,250.0,2026-05-07,Pre-owned,False,False,https://www.ebay.co.uk/itm/157722909672?_skw=BMW+F30+F31+LCI+headlights+both&itmmeta=01KR3RTM6YFYR0WM94QYXARCKC&hash=item24b9049be8:g:DR4AAeSwMihpzVt3&itmprp=enc%3AAQALAAAA4GfYFPkwiKCW4ZNSs2u11xCqc%2Bl6PDWI3BDeF81JmQutoyutpmaAXyvg7WDBZlz%2B1N62TYrNZq6ZeFKtcHXTZTABHVBYynWjzGAXq1jhmtMMzLeDxt%2Fd4nx0%2F7oMYJSQkSyI5GQS461ijNOP5HlhpMJ9%2FDbJmmXabe6wfDDaM1z4hlL1W8o7cal0%2Bs5BK2WOrGNW4CfpaTz%2Bfv5vNqoI6cStYLo6grVJJcLk5zSMregpSqQGeAE5uEoJtMT1cySOVD74KN1lEDEBAbMo7cneTZ4scKHZ5moEJ5iNH1xST93a%7Ctkp%3ABk9SR_7D6vjAZw,single,False,True
BMW F30 F31 LCI headlights both,BMW 3 SERIES RIGHT DRIVER SIDE LED HEADLIGHT 2016 2019 F30 F31 LCI GENUINE,307.5,2026-05-01,Pre-owned,False,False,https://www.ebay.co.uk/itm/168343557842?_skw=BMW+F30+F31+LCI+headlights+both&itmmeta=01KR3RTM6YGD1X2P2PTFFRT2WG&hash=item27320ed6d2:g:pcwAAeSwYbhp85KS&itmprp=enc%3AAQALAAAA4GfYFPkwiKCW4ZNSs2u11xCbXkzeeoRIRd4rzuXJN0lzYjPPFhQ%2B%2F3%2FPDmWFWQ7%2BLM%2ByGt7VSV4oyxmnRSAL3M7tXw0iZdN8CwRIVFh0BCzcaaa5ZWjBMdgnxN0dA29GmVfgMiTKD0cnK9tMv9dtlHcp3X82uIDz9zyUSJplhOsJoXFdbO%2BG8v5Nl19Zq%2Fwcd9gX3B3UlzNnA1US8Qhhz9m0YDr3eo1DkY34pYpDyrRKidnRhbgFmLPnAbamNX2%2BKHZCk4Q4yXZbmjXPXXmRh4XNmog8ba%2B%2FabDOfaprpim7%7Ctkp%3ABk9SR_7D6vjAZw,single,False,True
BMW F30 F31 LCI headlights both,BMW 3 Series F30 F31 12-15 Pre LCI Passenger Bi-xenon Headlight 7259547,208.7,2026-05-06,Parts only,False,False,https://www.ebay.co.uk/itm/127849290009?_skw=BMW+F30+F31+LCI+headlights+both&itmmeta=01KR3RTM6Y80186K6VBPCFGSD3&hash=item1dc4695919:g:NmMAAeSwDeVp-vgr&itmprp=enc%3AAQALAAABAGfYFPkwiKCW4ZNSs2u11xBr2I7dU63jZoBqVDmRSE13H%2Fd46TelO97ZstQiNRFMk4BWSQKfoQNP9VR%2BJmNiJPuWtaxNC93hF4cuRpJX35GaujoSKZ7inA5SgnDFS%2BD22wtbY7V0cjPlfOBzTvW%2BmfDNoAuZIxnIfHGLkGtlXl94MVpbO671Q4F52QLwzKBbJIGEpSKZzQhx1NwsNvc%2BrH9%2FGVzsXPu9uN%2FPxFz49KHDy6YZT4u%2F8iCexGTPSJDv2Q8WxxIVRcpvQJ1PwkTZQD70GSWwVGIqaw7TxVDZAYTX9sXxooiQ8UcnH973QvbF0C35zglz7WzcMls46kFAcK0%3D%7Ctkp%3ABk9SR_7D6vjAZw,unclear,False,True
BMW F30 F31 LCI headlights both,NEW! BMW 3er F30 F31 LCI 2015 - 2019 NS LEFT PASSENGER SIDE FULL LED HEADLIGHT (For: BMW [F31]),219.0,2026-03-26,Brand new,False,False,https://www.ebay.co.uk/itm/188127107113?fits=Car+Make%3ABMW%7CPlat_Gen%3AF31&_skw=BMW+F30+F31+LCI+headlights+both&itmmeta=01KR3RTM6YC8JVMZT2SP3HQ68Y&hash=item2bcd3fd829:g:oBMAAeSwD1lpoCXk&itmprp=enc%3AAQALAAAA4GfYFPkwiKCW4ZNSs2u11xBJEdlk4MaEdOB8yNKPe1v%2F%2B6jo36w7mNWfrnRJI%2FN33kOypujovx10xnyx%2FoNtMrI%2FbZLCKeDkTe6NgfbjWLQeywZun5%2FANOsi1dde%2BuDSO0taRuYgurCe0OGDOHdrkIawhJpi4zFk1CDExw6H2NoWh9txKff%2B%2F%2BxeuTpayBfLP0rR31YRMC15E4lJlu%2FekpN66IvEdy11HMQUIKVNR2SvC5YziRfJctIIKDnp3e%2B08HY5%2B1P%2B5GcfFok%2FCmOLfw28TfuTO%2FR4oG8mgHqZDHVK%7Ctkp%3ABk9SR_7D6vjAZw,single,True,True
BMW F30 F31 LCI headlights both,BMW 3 SERIES F30 F31 F80 2014-2019 LCI LED HEADLIGHT LEFT OR RIGHT SIDE GENUINE (For: BMW [F31]),475.0,2026-04-30,Pre-owned,False,False,https://www.ebay.co.uk/itm/366167171979?fits=Car+Make%3ABMW%7CPlat_Gen%3AF31&_skw=BMW+F30+F31+LCI+headlights+both&itmmeta=01KR3RTM6Y7C2W0NH21Z3JBGWQ&hash=item554143a38b:g:fNkAAeSworppAjNw&itmprp=enc%3AAQALAAAA4GfYFPkwiKCW4ZNSs2u11xAOnqUBXmy7%2FHAYfNaCJghiJde1tVjUFhYQ8ysHG7hEyTqgzMA0mb9Ba1Gyzl%2FKDEEKTCN3zovOSqEBNij%2Fz7vF3ZLxbENDuwqx3uuKYb5hp2vyhTxUE4EKzU8TI6QGdNx5jeceWKxN%2F3r0YLSsdO5tnIGXF4D9dYpe92N3Aq0bAMTZd4DH5vpugk%2FuYvDsyhTqavzOtfVYw8EZXjYzklg7BuXdNdoHIHCSid%2BHMmD1kVJb4SeVvS8exKLitFSnnbCn7hcPblgfN7dMGowZJs9l%7Ctkp%3ABk9SR_7D6vjAZw,pair,False,True
BMW F30 F31 LCI headlights both,Genuine OEM Hella BMW 3 Series F30 F31 LCI Halogen Headlight LED DRL Left 15-18 (For: BMW [F31]),309.99,2026-04-21,Brand new,False,False,https://www.ebay.co.uk/itm/255204360421?fits=Car+Make%3ABMW%7CPlat_Gen%3AF31&_skw=BMW+F30+F31+LCI+headlights+both&epid=14016361240&itmmeta=01KR3RTM6YPBTW817KQPCHP1HF&hash=item3b6b5d80e5:g:9P8AAOSwXfFhl5KO&itmprp=enc%3AAQALAAAA4GfYFPkwiKCW4ZNSs2u11xCT6a8e2VqxT2xxaRGZ2fXwoFzHT80b10GYVQGxJ0PIR%2BtdlJPIAZU3iBkg%2BYlq17EBNQ8V2ynOSEtHY0sQxzqpZVBavc9HTRZZN%2BqWBGipmvikCO3WmHP%2FfsuDI3o7NmmPtExtO7sKl0D9A7qiGzcoTjqITZOfnlG6CHawkTSvc3Qw3Ztms3gOXM0yCp7OuuzIEdqaIhmb8aVnU0hVwvb9N9P2R8TJq3o7lQBj3CjquJsiy%2B2QCcrtnBHP%2BY237csWPqoGPao0p6xXO2ZSZbwA%7Ctkp%3ABk9SR_7D6vjAZw,single,False,True
BMW F30 F31 LCI headlights both,BMW 3 SERIES F30 F31 PRE LCI XENON HEADLIGHT RIGHT DRIVER SIDE 7259544 #210,299.99,2026-03-05,Pre-owned,False,False,https://www.ebay.co.uk/itm/167242488226?_skw=BMW+F30+F31+LCI+headlights+both&itmmeta=01KR3RTM6Y3A70AJMMNRW8KMD9&hash=item26f06dd9a2:g:g0cAAOSws4Fnf6IH&itmprp=enc%3AAQALAAABAGfYFPkwiKCW4ZNSs2u11xARVPuZ9bDsiChvu3DjiPvpu7t45opT%2FiMRNn7aIB50mSR7vX0hZYEXuGTUN6lKnnIN1vvIeAJQZWRddWaLAd5cHMoSiBWtNqYWfAOnmOwO9rY5fx4iGdg8Zfz4l4DUMe4e9Q%2FOkdHPWXj4XyVlspaUmJmFGO5AB5ElfUFuSW%2BnFFQ8bu6SkKIh9VVG5tT%2F9j3V%2FQ%2BLNaYJXikkv2X2IxWYjzcmushlpNt9SA9hwOGdenDgWmaM7TkS2uzDuxscDVPfoFRph81%2B5VFI5gkdnR9UKZq7Z7er8wqAscki8lpS2PBtTHJxe9TJRVCFceDcNns%3D%7Ctkp%3ABk9SR_7D6vjAZw,single,False,True
BMW F30 F31 LCI headlights both,BMW F30 F31 3-Series LCI Facelift FULL LED Headlight Left Side GENUINE 7453483,550.0,2026-04-23,Pre-owned,False,False,https://www.ebay.co.uk/itm/317560914733?_skw=BMW+F30+F31+LCI+headlights+both&epid=23018921415&itmmeta=01KR3RTM6YMJPJB2ZY59J0ZSXQ&hash=item49f01b032d:g:QU4AAeSwDJhpHjbX&itmprp=enc%3AAQALAAABAGfYFPkwiKCW4ZNSs2u11xCa1iAr3arIdl1gIBAqSBBz4C7UaI4v7aFFS0BCH2htGWE9HccJWV3kfhZAGQ1R%2Fl48GZEAbIHc6dmDwuW0VdebvODwLB8qDXSUEYL3m0hrjc0VUn9GtEWLZtAQePKox%2FwbYT9sWmh1t0GceIsDJ1YuLy6zjy8LgScLObwKVzbAVBEr84%2FuAZRvcdIjQTZ5PQXoTmrc6PAetfuuHh%2BMA5JjD1R5eGJMPWD6l5oB0y28tGK1BNTfop5Oa2HESVFCZIljSB16VHRHP97jAkl2MPewDB0u5RiEZHEiKYCSioLQmxNkZgU%2FJFrbX4nu1MsCAB8%3D%7Ctkp%3ABk9SR4DE6vjAZw,single,False,True
BMW F30 F31 LCI headlights both,GENUINE BMW 3 SERIES F30 F31 F80 2016-19 LCI LED HEADLIGHT RIGHT OS,312.7,2026-04-23,Pre-owned,False,False,https://www.ebay.co.uk/itm/267630269667?_skw=BMW+F30+F31+LCI+headlights+both&epid=910723417&itmmeta=01KR3RTM6YQYS9DW97H7HH05N8&hash=item3e5001d4e3:g:DUMAAeSw-2Bp0h1Q&itmprp=enc%3AAQALAAABAGfYFPkwiKCW4ZNSs2u11xBb6YQ9JuBNJx95dtcP7EtkuXieeSJiBbimaf0TtRB0ZTjLgxYWiHAKddeQBFrHjmovBpO4xgMQEx%2BDIgDTFnsr9BYQwXFRo1Tuhvx6tnlz4LdNVSUNx5xEzmHg5aS3CuLtJZtIFpyygCTma1HXP%2FXWGlXkgNkiu%2FNIGROnF7YWhOx3ACVy2hqaWZTiBWrxVUR8jgEUVUG%2FsFpXbK%2FpOLrh7ykW5ufYes%2FtRn16mDWvIS8%2BaB5l0GDGN9i%2FDszZK32XB0IgEZfiNsMLD30qJ0qbCRtm%2FCfaW9PuDaz5jayRzTHr3%2B9QR8jH4itrWBS4LVE%3D%7Ctkp%3ABk9SR4DE6vjAZw,single,False,True
BMW F30 F31 LCI headlights both,BMW 3 Series F30 F31 LCI Halogen Headlight Driver O/s Right 7365598,99.0,2026-02-27,Pre-owned,False,False,https://www.ebay.co.uk/itm/157707354022?_skw=BMW+F30+F31+LCI+headlights+both&epid=8007670353&itmmeta=01KR3RTM6YNS0W8RYE2SQH6XZ9&hash=item24b8173fa6:g:xEAAAeSwmxlpnq8P&itmprp=enc%3AAQALAAAA4GfYFPkwiKCW4ZNSs2u11xC%2BeMq4UzNnIXtqM3dIq2UJKDIiE9BgL76KsskdP3vv72BTzDGASTO7B1Cgayh4us5QA8eXoYk3iWggqsw7CGhic72ZSS2shRnvQJDvmtRdRn4O2oOyghSaU9377xnH0dzl0nT4iBpAqsC3Y9xGBcvpOajKVtFYrVRbHZ5pA0i1fdrdpUD15DYyi5XFUL%2FZWs4nAUKu%2BfIsLvwtmU3MDB%2Fh0fe1oDy1OzZvxG25tE2dvEreV3oipAiFj1a7mk8lYG99xPGjwKNxaEthKgOFbLe7%7Ctkp%3ABk9SR4DE6vjAZw,single,False,True
BMW F30 F31 LCI headlights both,BMW 3 Series F30 F31 2012-2015 Headlights Headlamps Xenon Look LED Angel Eyes (For: BMW [F31]),444.95,2026-05-07,Brand new,False,False,https://www.ebay.co.uk/itm/283675720894?fits=Car+Make%3ABMW%7CPlat_Gen%3AF31&_skw=BMW+F30+F31+LCI+headlights+both&itmmeta=01KR3RTM6Y5RX2BSXKHNH5R56T&hash=item420c63fcbe:g:lfoAAeSwoVBpEb0E&itmprp=enc%3AAQALAAABAGfYFPkwiKCW4ZNSs2u11xB9IPCO9%2Fwa%2F37SQJ0pRCOS5jSzFDjNmQ0WV0ItwOqBtaUceUCmA%2BhAuGwaM4oLyB42zsdo0UnABrmoXuYUykCkDoD0526UFJQpL6oqV9GGZR1i6SjWZqlaZ7nCqW9KVVcHznRpQK9glafLBBEATqNk7iCVJpC8YNNYFQ1%2BJSQQc4mE6CtARE%2FJm%2Bs3Kln66fUuPIo0nNOu2hMNGfCU63vP7dVB2utItCktExEh7rhaNqieMnibM9RhMnjPLSUPpVJYMlRbjQ3mDi6ycKtYUSwM9V68v%2BhHX5PUijhs0RDAg554xeM1v0kVzRBi%2FSm3uFk%3D%7Ctkp%3ABk9SR4DE6vjAZw,unclear,False,True
BMW F30 F31 LCI headlights both,BMW 3 Series F30 F31 LCI Headlight Lens Replacement 2016-2019 RIGHT DRIVERS SIDE (For: BMW [F31]),45.99,2026-04-08,Brand new,False,False,https://www.ebay.co.uk/itm/185535715871?fits=Car+Make%3ABMW%7CPlat_Gen%3AF31&_skw=BMW+F30+F31+LCI+headlights+both&itmmeta=01KR3RTM6ZG206RPRT4BJFGV8Y&hash=item2b32ca5a1f:g:ngoAAeSwKsNpgXrs&itmprp=enc%3AAQALAAABAGfYFPkwiKCW4ZNSs2u11xAA4itgWswH92oeIF9NygVlw%2BUA13w3Zt7tgXhvE7CqOb%2Fh%2BYloyK%2FWLv5%2Fbrz7Wins0uHxuKR9XVbhJtZ6qMBru6WEo%2FLJWTL6rA9L0BRClHBluZ5zVW%2BGnrrYoLC2TCZxBv9B2Grj%2FG404q3nrWSxnqaGN5ML%2FgetaGK33zY16NDXKF7ChNxnDYgn9ncim%2BuM0KZ71LwMTt0U03mmqn0kOo3LitsEt%2BkJGYwd1gsJrAr21zGiFTpIllysAt5AYaGYZcIS216nb53RwMBaBWfGbeLisEucb6%2Bv%2BTP5aGkBHfkKJBLru6ptDKtl%2F3fVYI4%3D%7Ctkp%3ABk9SR4DE6vjAZw,single,False,True
BMW F30 F31 LCI headlights both,BMW 3 SERIES Headlight O/S Drivers Right F30 F31 Pre LCI 63117259540 (For: BMW [F31]),129.95,2026-04-24,Pre-owned,False,False,https://www.ebay.co.uk/itm/206195234556?fits=Car+Make%3ABMW%7CPlat_Gen%3AF31&_skw=BMW+F30+F31+LCI+headlights+both&itmmeta=01KR3RTM6Z0G44VG99V51H6SBP&hash=item30023196fc:g:PO8AAeSwJ-5p1N6s&itmprp=enc%3AAQALAAAA4GfYFPkwiKCW4ZNSs2u11xAqlFP8uPyHt2rVF1GXvFT6itucjti%2BSYV2EvN66Oq3TaFj6wZq%2BuP23SZXvTN6zc36vVU66uyykfAUpiEzvuvL5vg%2F%2BM%2FrG2CPPDz%2FrzB196bl%2BpgM5F3tr9WZKIxkXP%2Ff7kRjwoP5rsdrJYr0L7%2B6rvItMYkwUj0ipytKI4liXmGpFTMHJpQFnl37B29BrEkEdqziOYvEHY2s980YrRF13t6Wi8l9DbvbDWvG2kTKPQvH0dbQ%2BqvqGMhkwvtJ%2Fagi%2BIv0oP9v7cfQKx5An9oV%7Ctkp%3ABk9SR4DE6vjAZw,single,False,True
BMW F30 F31 LCI headlights both,BMW 3 SERIES F30 LCI SHADOW EDI. LED HEADLIGHT RIGHT/DRIVER/OFF SIDE GENUINE OEM,450.0,2026-05-06,New (other),False,False,https://www.ebay.co.uk/itm/306915311129?_skw=BMW+F30+F31+LCI+headlights+both&itmmeta=01KR3RTM6Z0H81K39754DQTKQB&hash=item477593fe19:g:w4UAAeSwuhVp9vo5&itmprp=enc%3AAQALAAABAGfYFPkwiKCW4ZNSs2u11xDCs4d0cBxRXCe1xMy3mteIP14PKgrubXuL%2Bs073FlHXXeQ42dfTHjLgZ3QPxgvIKHqFNTDGFGrB60HGK0c1JLAxR6cdhq3Makrj9d9FV1Wn6X%2FrrIXGk0XV%2BZCDuHrS9nT5o69%2BIZV%2FhHiJw5SqumAkdhOO%2F2X1Lx2WOEgiGnJ6boRvBp3A4C0M9hjwPaAXd59nPFLx2jvPtUV9fxbIo6exLXgzzMKcUfrLTgP%2Fx0w1kqtRwO8C%2F848EQN%2BmsAeMrtboJKBqk7ofV6s%2BkPqwNIu9Gcaxxl7BQXX6oS44jxtI23n4ylvcAh7OEVd9XPEpg%3D%7Ctkp%3ABk9SR4DE6vjAZw,single,False,True
BMW F30 F31 LCI headlights both,For BMW 3 SERIES F30 F31 12-15 PRE LCI O/S RIGHT DRIVER SIDE R XENON HEADLIGHT (For: BMW [F31]),249.0,2026-04-30,Pre-owned,False,False,https://www.ebay.co.uk/itm/318159102571?fits=Car+Make%3ABMW%7CPlat_Gen%3AF31&_skw=BMW+F30+F31+LCI+headlights+both&epid=15041386026&itmmeta=01KR3RTM6ZQJ2FX0T458PNFTK9&hash=item4a13c2a26b:g:6FIAAeSwhPFp4eWQ&itmprp=enc%3AAQALAAABAGfYFPkwiKCW4ZNSs2u11xAuuXKBYharKAWduoqvrourXp7fyPb8u6Dl6q4MJQI21uZQ3r5UX8E0Q8S2n0EKkcqivTRI8TRcn4hhQBydwUstiZ8rch9fu46tqwLtYperiDcC3KsdEjf84B2cttMFpF2HigNbRhwxGmO6BKhNR6Hv6AxygSa%2BEF6kV2KsdICaNYQqwRCpRsIMG4CuOnQupbGQo9O%2FXAhJdlb95gY%2FDj6V%2BTnbKkYkOnGcyPSPmiK2tDb3p0smoKrDPd8yyhR4hPnW0Q%2BMihzZafpeAQnqE9Topd%2FdFwsq8j%2FDpnD0zAMeCZI%2FoskHo3TmWxeL5dmT1Gk%3D%7Ctkp%3ABk9SR4DE6vjAZw,single,False,True
BMW F30 F31 LCI headlights both,BMW 3 SERIES F30 F31 LCI FACELIFT FRONT LEFT HALOGEN HEADLIGHT 7365597,265.0,2026-02-12,New (other),False,False,https://www.ebay.co.uk/itm/168147943022?_skw=BMW+F30+F31+LCI+headlights+both&itmmeta=01KR3RTM6ZCDRQBNY2HFKXDC2F&hash=item272665fe6e:g:1lkAAeSwaJVpilCU&itmprp=enc%3AAQALAAABAGfYFPkwiKCW4ZNSs2u11xAZXJFxHCZMPHeJ5TtPMy8IBxB025ceEkKqFEfL%2F2m0FsOFu9o9cuBTvVDZLybXyHhHqRwg2VpWJESSszLKzcHxGL5cx56TwutvDq%2FjCpA%2FBjYjzHuA4dEjz7x1L5S3OGgjSQDy4MxcopItgvv56y2nbPgmxa4JOsYmCJEYsjNaGd3Ia4V%2BN2CnMG7wQ4etcB1Htmhs52LsA2TUnZTzHrT%2Fq7F1MRMrbo4cbsO5BupOkSxosXAnh3dNpU00G5TnOVK4TM1Yr4KgCh16MjeMhf%2FCH1HlxbbRYL6g9pnKn6QAkmTl8KH%2FAYN4dbpdcdR%2Bdjk%3D%7Ctkp%3ABk9SR4DE6vjAZw,single,False,True
BMW F30 F31 LCI headlights both,BMW 3 Series F30 F31 LCI Halogen Headlight Passenger Left Side 7365597,199.99,2026-02-25,Pre-owned,False,False,https://www.ebay.co.uk/itm/157707354543?_skw=BMW+F30+F31+LCI+headlights+both&epid=10006040495&itmmeta=01KR3RTM6Z61924ZE6ZM91P5M3&hash=item24b81741af:g:CvEAAeSwe81pnq9M&itmprp=enc%3AAQALAAAA4GfYFPkwiKCW4ZNSs2u11xDdGJON7HhKC7m%2FZFkBsHcDcSw9ZJOFl8QITrxXOJn4VBYRGUidm71MAc7zrDmHdZnlEDmpmHOipG0dd6dgp41MXTbhnvbxcwHU9xGIVhKQ8U7KJX%2BDQ35YRjGKNlgC4Ci0WfpvSC6nYNuEaaKIvQw%2FHr85k8KE7c6Z6kMBS4WZT1qkWQM%2B2CZr2%2FS7Ek68FeH9ozpLRH%2FWsj4gvBqxLUevZ0klIEN9f1dZsFQWrsOqwzxcxVka%2FtEimRxR0ArOe6AULJAaqUvTEaXSIWH2%2BCSO%7Ctkp%3ABk9SR4DE6vjAZw,single,False,True
BMW F30 F31 LCI headlights both,BMW 3 SERIES F30 F31 PRE LCI SINGLE XENON HEADLIGHT,370.0,2026-02-09,Pre-owned,False,False,https://www.ebay.co.uk/itm/366172462236?_skw=BMW+F30+F31+LCI+headlights+both&itmmeta=01KR3RTM6ZWEB8YPEYZMXS3ZJB&hash=item5541945c9c:g:C9YAAeSwG-tpgi9g&itmprp=enc%3AAQALAAABAGfYFPkwiKCW4ZNSs2u11xADKVAfVhc1vmntVtnStzaXGGD37EBWLjMdb3HK20uuzL%2BVFi%2FHDjvUVNNmn%2BCvfW2FrWlQj8SDS3uRGUvBYB4iPP0BrChzgf6k9owd%2FD9qnJBf1eEGStkMmvdMWF8QIjbBJxUPO2%2B7UVssK%2BTNi%2BDpQvOMlxcKUti621zLQ3%2FpUkz6lEHEAmQwsYqGvJ7CVwhiedWv%2FXYi7mL80HEq8ceP1XljpKRFmWkdkAN4lp2u2xR8MZzU7kBgd5sa5eR9l5fme3QAvyjck8mQGvbRVGnhkz817mbJuL0juRbfjKBNK2VYcyvKIT0IWyOTbko39so%3D%7Ctkp%3ABk9SR4DE6vjAZw,single,False,True
BMW F30 F31 LCI headlights both,2014 BMW 3 SERIES F30 F31 F80 LCI SHADOW EDTION LED HEADLIGHT LEFT OR RIGHT SIDE (For: BMW [F31]),475.0,2026-04-20,Pre-owned,False,False,https://www.ebay.co.uk/itm/366167172152?fits=Car+Make%3ABMW%7CPlat_Gen%3AF31&_skw=BMW+F30+F31+LCI+headlights+both&itmmeta=01KR3RTM6ZZVAT4DXTP6GWSC08&hash=item554143a438:g:s2QAAeSwZNxpCA5e&itmprp=enc%3AAQALAAABAGfYFPkwiKCW4ZNSs2u11xBun6pjnRN0JJrgnvxOBVbXFJNI3JbNP%2BiwHnf%2BZzedPHiWBMmI15jjFvHdSlaGP8hopoynfG3huAsyk7RdrlWOIHrGFUcW2Rz9%2B9TZei5M29BmYjBipLRqNVotzau8qmsk5%2BSqb8UmO190EJ6bq%2BW%2F%2Be2XCE4gdSMyPtFmIkN8mz5B8Z%2BT6XzvJk6Fc03ab0agOlqP%2B%2FpfEcwPA%2BLndFzmIrco4DXOTm6v6SNd0GEnkvOKl03BZ%2F5Jrdn2iszB4L%2BBhTubq%2BBnnGhz9sI6iD4bHCmXay9nGQ1ZqVSQ%2BJk7ijkeHOuaDb58XDmNV9YUuj4%3D%7Ctkp%3ABk9SR4DE6vjAZw,pair,False,True
BMW F30 F31 LCI headlights both,BMW 3 SERIES F30 F31 PASSENGER LEFT FRONT HEADLIGHT PRE LCI 7259539,70.0,2026-04-20,Pre-owned,False,False,https://www.ebay.co.uk/itm/157835294215?_skw=BMW+F30+F31+LCI+headlights+both&epid=838132545&itmmeta=01KR3RTM6ZWX5KF5W343TE4TT4&hash=item24bfb77607:g:QbQAAeSw0Plp33CJ&itmprp=enc%3AAQALAAAA4GfYFPkwiKCW4ZNSs2u11xCMx5DylB07GLpj9gbgso5DLYUhgnueKqB3Q0UKrYNU8ohP9Sz%2F77oX49OdDQhtZopiy%2FQDGieFnuCPqenVqwYtOqkJv0gg0azHbdjbwLnJLyE7FL72%2BdfZnD4IHv5jABqX9Nr7krqNnqcbsiwfusPcKnyRmTHRs2nt3Qp7Pns%2FmeV7TUxzDgtyR59GS%2B%2Fcmj6tDMNWVUzEbz2QATtoh%2FYW5%2B3JBCm9wItqgGFuE0I040WB49%2Bg4VEVAL%2Fc46jABA%2FSUPPceC1iGND9TOf2KjZX%7Ctkp%3ABk9SR4DE6vjAZw,single,False,True
BMW F30 F31 LCI headlights both,GENUINE BMW 3 SERIES F30 F31 LCI COMPLETE LED HEADLIGHT RIGHT DRIVER SIDE,489.9,2026-04-26,Pre-owned,False,False,https://www.ebay.co.uk/itm/406834886934?_skw=BMW+F30+F31+LCI+headlights+both&itmmeta=01KR3RTM6ZKMXR5GA4XCNHXEP8&hash=item5eb93fb916:g:qf8AAeSwuQdp0-1x&itmprp=enc%3AAQALAAABAGfYFPkwiKCW4ZNSs2u11xAvaLCX4A2YCwe1Gdkqdi9wrQ5%2FO5ainb17dGTR3NXSTA8MukJl2NxC9yacvonESRMhxjmVIvXbiRxNSCXnjspFhQFvFRb5XMw8ERkaOnLE68ZkXDW8Wx9Tebf7lhFNeb2Gf4DwzbK%2B6VlibUO%2BIkqhsE%2FV941aJIs5jwvRTS%2FRtndS0eAs2X5b1ePcw3prO%2BfjonMiHFX8fKEfS3rt1rSnTnHJ8LEqQawBOo2d5GROe03fmjPhANVw3AC2yndyPADCrwoU04puSEimkyeQaFFZhq84hSi5%2FBYOmdi608Vlaf6awIxdJPGrIB8QVPzcalg%3D%7Ctkp%3ABk9SR4DE6vjAZw,pair,False,True
BMW F30 F31 LCI headlights both,BMW 3 Series F30 F31 LCI Left Passenger Side Complete LED Headlight,300.0,2026-02-10,Pre-owned,False,False,https://www.ebay.co.uk/itm/297796111991?_skw=BMW+F30+F31+LCI+headlights+both&itmmeta=01KR3RTM6ZD3NKKH0TMR5N4YYX&hash=item4556080e77:g:i0sAAeSwtN9pJ3Mb&itmprp=enc%3AAQALAAABAGfYFPkwiKCW4ZNSs2u11xCGJ3qu5bw%2BuSxnH9yqTV5qTPPWKkEJxbcR3GiK5E1tl2XV2JnRJ3o92w2P%2FeOOzJv1e4UdntArExp%2FMF7ZDyJanzqWNpUSIt5wz4HAQui7leax3vShUSAIFw4fY9jAtj6xZyvXV0CucufVjgjeMZs1QzXWzzQ8yQ%2BC2niE5%2BuabzvuhbiMQT3kSN%2BNMpcmc%2F9KsI%2BZNHcu3tP%2FF8RavFU5gQPTI34sauxDvldKkLZCQG45L8FBv3jcjoyfbviSx50bNFiO4E84TDwaQbg6gKXk59Y5n%2BW9cUGcP5MkRCnJm0PdmrSQ3L8VYGDizA4xCxg%3D%7Ctkp%3ABk9SR4DE6vjAZw,pair,False,True
BMW F30 F31 LCI headlights both,BMW F30 F31 LCI Facelift LED Shadow Ed Headlight 8492472-01 includes modules,404.5,2026-04-27,Pre-owned,False,False,https://www.ebay.co.uk/itm/178019375779?_skw=BMW+F30+F31+LCI+headlights+both&epid=9022516813&itmmeta=01KR3RTM6ZCDEG4C1V63KN196V&hash=item2972c81aa3:g:qS4AAeSwSqppz~2A&itmprp=enc%3AAQALAAABAGfYFPkwiKCW4ZNSs2u11xBPcUjy8zNo8r2kjIYeHfn7iUjy0Jkzfh06SyO%2FzTd9rMuOqEG9uv7i79oQjHxpSgELNsJhQf%2B%2FFfTGrTL1xar6iZIryDpaNHialH1cMODfXXyVPyFoQBAXvsnTUWNKgaygBb84w9FWF9ENaW2p3WStb9GIWo5aOnSgADbhnU7uj095U2z1IQsKM4rVvkS2tb%2FY0Hg%2BdBPHXe6Vmi4jGycI61REEbonmETMDUjgCjqMUx6JWTKBK1IO9zd2IffKz5av49HL92f89clywukecbeOQo4aWb9yoDIQ5qqFLsAxf3QhTu8MzN6Y6PXpBW138PE%3D%7Ctkp%3ABk9SR4LE6vjAZw,unclear,False,True
BMW F30 F31 LCI headlights both,BMW 3 Series F30 F31 2012-2015 Headlights Headlamps Xenon LED Angel Eyes G20 (For: BMW [F31]),649.0,2026-02-27,Brand new,False,False,https://www.ebay.co.uk/itm/256466734531?fits=Car+Make%3ABMW%7CPlat_Gen%3AF31&_skw=BMW+F30+F31+LCI+headlights+both&itmmeta=01KR3RTM6ZQQK81R0DZHHH3X0G&hash=item3bb69bcdc3:g:-aMAAOSwd59mKaU~&itmprp=enc%3AAQALAAABAGfYFPkwiKCW4ZNSs2u11xAKx1%2FgZaKQC%2BJ0%2BV7e2haPiy7roqYQSDgp4MwjyLIN0lCO2ZVA5cFqDbnGchtLdrjlKVu0LJ3GVLlIs8lt39wGNqc3odsm%2FDe5NE3qaka9%2FXJmAyCxsRr57SnWzDUb0EYPSsbtPTGh%2BHfhfoHdeAIsCYkPT0cirvHvnXu6yg%2Fw%2BuXMXm6Ugba87G4K%2F1UDswlFh1F2EzCGpON3SijmoPaQXIRVUsw7vhN5i5wJKOy1YX71QiNpQ9gPifJoZ3YsRqHjfGpzA24dDLlIPFU%2BIZ7LHCSNjR175nD%2BMQ20VfwnLfKWkQCyRUdsAqphGOo8Fwo%3D%7Ctkp%3ABk9SR4LE6vjAZw,unclear,False,True
BMW F30 F31 LCI headlights both,BMW 3 SERIES F30 F31 F80 LCI SHADOW LED COMPLETE HEADLIGHTS LEFT AND RIGHT SIDE (For: BMW [F31]),1199.0,2026-04-13,Pre-owned,False,False,https://www.ebay.co.uk/itm/366167172113?fits=Car+Make%3ABMW%7CPlat_Gen%3AF31&_skw=BMW+F30+F31+LCI+headlights+both&itmmeta=01KR3RTM6ZZD8JE0K0PQBXY83R&hash=item554143a411:g:s2QAAeSwZNxpCA5e&itmprp=enc%3AAQALAAAA4GfYFPkwiKCW4ZNSs2u11xAlwZmsH1jPLW22F%2FWY4ZQQeUT%2FSbayUTVrQXn1EoVhfP%2FA5C%2Fa8TQijcgg5mHa9Oj%2BZVFQb2KzLhyJKAy4chZxbxFevkjzLSdZTxsatMluqcqkpC5x2mCDsyAqfBcrKSAqKN5Maf%2F32DOVPdfWkaiJn2aySayB8z9tvG71rm5eXs0HK1jA%2FFwo80bO%2Bb3TChCjrsACjSoIbfEe8grxqZuRgSdhOQn9qd9Fd9CdyzHtJkk5WmBlr%2FlbQQkfOt0neLZLUXGS%2BsZeHG14V2zr%2Fuxb%7Ctkp%3ABk9SR4LE6vjAZw,pair,False,True
BMW F30 F31 LCI headlights both,BMW 3 SERIES F30 F31 PRE LCI DRIVER RIGHT HALOGEN HEADLIGHT 12-15,69.99,2026-05-07,Pre-owned,False,False,https://www.ebay.co.uk/itm/157866251973?_skw=BMW+F30+F31+LCI+headlights+both&epid=2093198872&itmmeta=01KR3RTM70W4ANJ78H9X1WE7SN&hash=item24c18fd6c5:g:xV0AAeSwVqBp8Djp&itmprp=enc%3AAQALAAABAGfYFPkwiKCW4ZNSs2u11xAoUGdAFFveUy6VbetBhjUqoetu7PPtTsVT8nZ%2BIqXxxj77qzANY8vUsDRnfCzKa9eNPcR5fKWTlvqsdtFlxV1jQkf3bZza5i7F%2Bfmx8W5JbxODfm3z9FtLXPl0F7EYYiC3uZ6r%2BypwRuTDvc7aQRO0b3owSxcdEZZJ8o3CGBvZZi6qNk%2BAj8ji%2FMouxCvqwzb%2FUTA%2FkY4uLGaibLv5xiq4cBGEqZ64kWEza52Zo9vBxHoVBFM9k0f%2BNAS7nhBIhfuf3CZ9ugnQHgpCzIg4gHtki3fCBqnK9eH5POr1DOtvBaCWgqRAiWx3kw31UPbcWF4%3D%7Ctkp%3ABk9SR4LE6vjAZw,single,False,True
BMW F30 F31 LCI headlights both,GENUINE BMW 3 SERIES F30 F31 LCI COMPLETE LED HEADLIGHT LEFT PASSENGER SIDE,520.0,2026-04-30,Pre-owned,False,False,https://www.ebay.co.uk/itm/406834889699?_skw=BMW+F30+F31+LCI+headlights+both&itmmeta=01KR3RTM70CCHP4MG42S9CCER5&hash=item5eb93fc3e3:g:mcIAAeSwin9p0-5G&itmprp=enc%3AAQALAAAA4GfYFPkwiKCW4ZNSs2u11xA5cm4enU%2FjiT%2BPEjml3VYr9f87vpu1oPdOHeEf0FlEGTOv9AfCK66kwoUTedIUnuOYC7Cwlq%2FWhpMfSTV6P1sq1tam5KuXGmZzp5%2BhA1WFlpIQJIUealU5NVE243FusmvvLxkJcVpVNNxHfEj9a%2FSFXqGMhoosSFzdUmFrzNJsUKfbu9LAa4nwtq27Dt02eri%2BbR%2F7pGdb4ZyYT3MGsiBfFEYFvbNao4yFp9n4rqNbzbyHUK%2BU5%2F14gMwLhBOYvn4qzBWycDKU52b3B6Z3BnjO%7Ctkp%3ABk9SR4LE6vjAZw,pair,False,True
BMW F30 F31 LCI headlights both,Headlights For BMW F30 F31 11-15 Black Light Bar LED DRL Daylight Running Depo (For: BMW [F31]),449.99,2026-05-05,Brand new,False,False,https://www.ebay.co.uk/itm/406890587032?fits=Car+Make%3ABMW%7CPlat_Gen%3AF31&_skw=BMW+F30+F31+LCI+headlights+both&itmmeta=01KR3RTM70KKJBF427P8QJFQ2R&hash=item5ebc91a398:g:D8oAAeSwhANp8LG3&itmprp=enc%3AAQALAAAA4GfYFPkwiKCW4ZNSs2u11xAnCd1G4DIkNTmskH4Nc%2B41DFmWq%2F77BfJQUgm08KOosM8LjN1MRhbwYLqNg54kZBWXNyqmt9bhOc1eq71qJlp9nRG71SlSbOUkIlQRG8U7OUP0XJKR9ycUnXuN5r4qCOAzUJr6ttd6D5bM3P8aaLF%2BxVY3B3FOd5Sxax4lwZa1adZKYjSNjNWE85J%2FDHtsZHS0oyAuF9Ha7bwp0ns1vZpEp5k9J%2BD%2FAKUWSQUk7TDE4cXah9XGZxD7wexBB2xJjsOUebE7g8%2BOvfrTsLfqNO%2FL%7Ctkp%3ABk9SR4LE6vjAZw,unclear,True,True
BMW F30 F31 LCI headlights both,BMW 3 SERIES F30 F31 PRE LCI DRIVER SIDE RIGHT HALOGEN HEADLIGHT 7259540,84.99,2026-03-10,Pre-owned,False,False,https://www.ebay.co.uk/itm/227246762703?_skw=BMW+F30+F31+LCI+headlights+both&epid=2093198872&itmmeta=01KR3RTM70GVZCVXM8EGATHHEY&hash=item34e8f66acf:g:W9UAAeSwmeNpqW6m&itmprp=enc%3AAQALAAABAGfYFPkwiKCW4ZNSs2u11xCDjgUZ72NJRY1fUtcXH5szrW7wHrpTXB7Dd7MmFmfJ%2F9Xy%2BsBmWBwX%2BRPDNB5H6Cr7iV7z9DGiiMHJCL%2BRXYd4wP5%2Fq%2FVBWxVpx%2BXmbZWb12zn%2Fg3c30A4agiSCuSiHP5upTXPo4lrOWN%2FD4glGMwwuKH5zWvFj77ZmqXg97zfV5FW%2FKAJZ%2FzSFhVbxjpaiIkEJROmto1rDHjcMNRA2aXKhEnH4JTeTUmWsxkclJTIQTmo2vgr%2FL1h4ygFs20bl7bOa796WxlzidJWn4IDXNZ0EKeVj97BewDdjLdhtB2xJi7%2B%2BM4G31hAEgjAwNZmd0w%3D%7Ctkp%3ABk9SR4LE6vjAZw,single,False,True
BMW F30 F31 LCI headlights both,BMW F30 F31 Pre LCI HeadLight Adaptive Xenon Passenger Side Nearside 7259547,450.0,2026-03-13,Pre-owned,False,False,https://www.ebay.co.uk/itm/147170395873?_skw=BMW+F30+F31+LCI+headlights+both&itmmeta=01KR3RTM70RSVV2M2CYWNMKCAP&hash=item22440a06e1:g:wf8AAeSwHiBpnc04&itmprp=enc%3AAQALAAABAGfYFPkwiKCW4ZNSs2u11xAZf1eZOacmGJIsaLJll9FWLccsCfrvx07E1x1VFkkDteuuyR%2BoSsGbdDFC0SeQJ9AlkoBRs99mLKdpZ1ipOPLmGcwfkqyQ4iEtDCh5kU8Le1GARiYti%2FoUuNps5D%2FKtUfqf8%2BJPWSxDSp2z1PhZeqp1c6kRYHdLIztrTsAx2ZY8FFxzWTPevgV6RIKd0lh3B4VhTPkDJe6syPzH8X80hpDt8RWTJ%2FCms0GWQVOza6J8QFpvYYYlfDxQ0hJHDmWv55%2BTFYKemVKbRAzIMpejf3Tr7G8jWgfm4RjwwLsNcejybAIr9IyOS9I88hgYAkUIWs%3D%7Ctkp%3ABk9SR4LE6vjAZw,single,False,True
BMW F30 F31 LCI headlights both,BMW 3 SERIES F30 F31 PRE LCI XENON HEADLIGHT RIGHT DRIVER SIDE 7259544,99.5,2026-04-07,Pre-owned,False,False,https://www.ebay.co.uk/itm/397796896974?_skw=BMW+F30+F31+LCI+headlights+both&itmmeta=01KR3RTM7028A4TER397NXFV9F&hash=item5c9e8af0ce:g:O1sAAeSwhFFpz6y4&itmprp=enc%3AAQALAAABAGfYFPkwiKCW4ZNSs2u11xC9HDWJt5wNiIXS9qccWbmiDxcHWaNv1RaRqB3BBmP%2FpTObTeW6MVkdFAvUQaXJ2rOq1SSiOIhP%2FMYBcWEaOUZ2ma5GD5WnBAdXu4SPfsukR2JOaLS4jz3XQ0PlekVqGRsCmu%2BDdAMqESO4MLKhMZAQjl6NAuFsIgrOoqxv8q8%2B5Rpmn5frN6ZBQCBqwDe1%2FiX6mCPso0tASuVgalrhzqC%2BoZgg5w%2FfovdAnnbFq1zruAR2CA4i1JcY%2FY3o5D4s7h%2BMup%2FJx8dqmrPfU1jq2QDuvvgLWO55jUVW42CRngv7IOWZYurkrYiQ7EbUgIB3ZbY%3D%7Ctkp%3ABk9SR4LE6vjAZw,single,False,True
BMW F30 F31 LCI headlights both,2019 BMW 3 SERIES F30 F31 F80 LCI SHADOW EDTION LED HEADLIGHT LEFT OR RIGHT SIDE (For: BMW [F31]),475.0,2026-04-08,Pre-owned,False,False,https://www.ebay.co.uk/itm/366167172070?fits=Car+Make%3ABMW%7CPlat_Gen%3AF31&_skw=BMW+F30+F31+LCI+headlights+both&itmmeta=01KR3RTM705MEABGV7MQ0E8A97&hash=item554143a3e6:g:s2QAAeSwZNxpCA5e&itmprp=enc%3AAQALAAAA4GfYFPkwiKCW4ZNSs2u11xDR%2BL2nYSzhwr3GZd6uwXluNqBMUo6xlQiWYVlQN1OYhMuDwMSoHRPv18rg572kSa29QolqWZusV8JEx5I5%2BMK0W7dBSoTY3I4%2BYd3ZPCAJjU1Xp6GY6DjjKHCCPIeqrRcUj4xioBvWaZPAn%2BeHT8IHxbpJX5eKv6EbgDflJ8z0glM%2FXKLXXJXCYIdAYB%2BpEZmY0uO3TQlCfRdQfdAvq5TqABdvE5kdyrJV4h%2B8l0J7NvOfJEA1r90EzYycLZ3T9AxUIRDqW%2Fv9J4FSN4WFej5z%7Ctkp%3ABk9SR4LE6vjAZw,pair,False,True
BMW F30 F31 LCI headlights both,BMW 3 SERIES F30 F31 2012-15 PRE LCI BI XENON DRIVER HEADLIGHT COMPLETE 7259548,299.99,2026-04-08,Pre-owned,False,False,https://www.ebay.co.uk/itm/277860785051?_skw=BMW+F30+F31+LCI+headlights+both&epid=624218477&itmmeta=01KR3RTM707V0AX7Z0QHQW1773&hash=item40b1cb1b9b:g:AwsAAeSwgGNpz6Ef&itmprp=enc%3AAQALAAAA4GfYFPkwiKCW4ZNSs2u11xCDhTk7XX11dlpPf6Dd9a5OLAIz%2Ba%2FQ0oQdDJlNspvuLnHMJrimoOe6PabnVLEH3eDrELjwvL%2BbU9W8bNWKwyxqHzznwiNdzrx%2Fv3zmYYL8B2%2BkeA8udrohI%2FoTkFcQMgKK5%2BNPbLAqKep71tWTdcqNUCOeavY23xM%2FTbApuZmaaAQfLEZ8qYOocUZ9vTqBbSxeaxoOapXhVpSHH0PcT7Z3mXci%2BXV0bfSFWKs0wtZse9DLabF8STeFE9Rn20LwC8SjNpv1kXrVRQWwhw43BIYQ%7Ctkp%3ABk9SR4LE6vjAZw,pair,False,True
BMW F30 F31 LCI headlights both,Genuine OEM Hella BMW 3 Series F30 F31 LCI Halogen Headlight LED DRL Left 15-18,240.0,2026-02-24,Brand new,False,False,https://www.ebay.co.uk/itm/147160018555?_skw=BMW+F30+F31+LCI+headlights+both&epid=14016361240&itmmeta=01KR3RTM700BQXMGAAH1HHFDPX&hash=item22436bae7b:g:I5wAAeSwbFlplche&itmprp=enc%3AAQALAAAA4GfYFPkwiKCW4ZNSs2u11xDjZ%2F3%2FGT9W3o%2BKjqGBly8dpgki4myyOCTc%2B7jgv05fE9PEVruR4g84uf1BGs%2ByGAfasblBiyj%2F%2B1N7EFV9c20%2BJj5XEDPIXwRJUUsht2d9Ht6EoL%2BuZ8uy8vTfIxzufNv16ld8vexNwBXAZHuJm2w49W%2B9hn0D9m%2BQWV9xr2ktZ7%2BbKYm%2BHSQKQauY%2BiejZyyZAwKT133U3gAEjUTa3cdUQKxfcNrqEJ7lUEiHGprB3ytswQjJKDXCu%2FlxzR%2BNZ4TM8rq69NX6wy9mI5i%2BMQ9a%7Ctkp%3ABk9SR4LE6vjAZw,single,False,True
BMW F30 F31 LCI headlights both,FOR BMW 3 Series F30 F31 LCI LED Passenger Headlight Lens 2016-2019 LEFT (For: BMW [F31]),41.97,2026-05-05,Brand new,False,False,https://www.ebay.co.uk/itm/306868343554?fits=Car+Make%3ABMW%7CPlat_Gen%3AF31&_skw=BMW+F30+F31+LCI+headlights+both&itmmeta=01KR3RTM7067296VH33M2F6BZD&hash=item4772c75302:g:1uoAAeSwkJNp1ijO&itmprp=enc%3AAQALAAAA4GfYFPkwiKCW4ZNSs2u11xDswDeIFkt7NZ9runqkeWq1Ym8%2B70HghN9MCpXwfI%2FcCIS9eDf%2BxwWZbnPgBtBz2a%2BroYGCGxUbpBf8PdPfQzbBXoerV%2Bx%2FrsZCvlzynrkzBfppQJeXML4mo1A%2F4nbqCbW5uQbOoa04GP7x3H8aoClHueAsgmKvYBox4LzI0L2PrCXW1cDpylvms0AkD0IwVk%2FbOdZCio7up9CegUOs7sGBzWt692uSdtiwIyDIJw2wyUbefXdcbrDbj020LV5cBRbLnge%2BZXzfMepX0nwIKR7J%7Ctkp%3ABk9SR4LE6vjAZw,single,False,True
BMW F30 F31 LCI headlights both,BMW F30 F31 LCI Headlight Headlamp Lamp Light Front Left N/S 7365597 (For: BMW [F31]),249.95,2026-04-28,Pre-owned,False,False,https://www.ebay.co.uk/itm/267648168025?fits=Car+Make%3ABMW%7CPlat_Gen%3AF31&_skw=BMW+F30+F31+LCI+headlights+both&epid=10006040495&itmmeta=01KR3RTM7053A2EJ8NHZSSV5JE&hash=item3e5112f059:g:BqIAAeSwZeRp6c8T&itmprp=enc%3AAQALAAABAGfYFPkwiKCW4ZNSs2u11xB8asfMQZ1B369C%2BzjA9YeB9f3WPVM3GIH4HB4Bli6w6bPCwdke8wUXJBOZMB2L9NolgL9gdKhEtxCB7nnclDOOJzDX6ogQud%2BMbnTFNuLpqVBVhuuC1JSfgMqUfaLOGHpCIVRyhTMEc8%2FQXxgrma78%2FqBnRotUx%2FX0S5ua1cQq%2BTHuwawOcIPmvm%2Favpg%2BTV3kWoaGIQBLX0pZbcvp%2FovQsa2aIrAlkGj4oXoH--zlwputFuMHiKJ2UjTWJqOkonsb4LZQ5XN1a4kcIw1lnNqglnW%2BpvzUGAHZZZYbDlWcLOPpHlzE6kGADyrkY0A7WxA%3D%7Ctkp%3ABk9SR4LE6vjAZw,single,False,True
BMW F30 F31 LCI headlights both,BMW 3 SERIES F30 F31 PASSENGER LEFT FRONT HEADLIGHT PRE LCI 7259539,110.0,2026-03-03,Pre-owned,False,False,https://www.ebay.co.uk/itm/205909784491?_skw=BMW+F30+F31+LCI+headlights+both&itmmeta=01KR3RTM70PPNJWZXXSJ534X81&hash=item2ff12df7ab:g:sYgAAeSwWfppOJuW&itmprp=enc%3AAQALAAABAGfYFPkwiKCW4ZNSs2u11xDydo7dnWzOcbOOrIhMZ2lke6TCfeM4%2BrCcAeLWrkVDOXmFWUTYU4lSxtRCXh9Z11tZ0MquiOz7eBkDbdNj0LzSBALk%2F5pWlvzUwJbJ6YaSLYVJaKewl%2BN3ZVXtXbq%2BgF5ayNRNMMmSI059O9Ggiq0L6zA6aAmXGXGWOlN5KARJQoxlLj5sn0AEheDJqqW6%2B%2B3%2F9%2By1o1nX7b%2B850r64LJA6NDACU9ZCdsEoADoDRZ8v2WgB%2BKTGhHc1%2FMMjhSs08Aag21AlT%2BqyqN1L7X2255PiGzYyem3zo--iIDW0rEAo%2BnUgiIRpXQuDIvJodbdmKc%3D%7Ctkp%3ABk9SR4TE6vjAZw,single,False,True
BMW F30 F31 LCI headlights both,BMW 3 Series F30 F31 LCI LED Headlight Light Lamp 2015-18 N/S Passenger,127.49,2026-04-18,Pre-owned,False,False,https://www.ebay.co.uk/itm/198182439736?_skw=BMW+F30+F31+LCI+headlights+both&itmmeta=01KR3RTM706YEJ3DYBEZ856QBA&hash=item2e24980b38:g:-94AAeSwZzRps~u9&itmprp=enc%3AAQALAAABAGfYFPkwiKCW4ZNSs2u11xBM8pDrcxwjav1317G5D7f3KkYoig8Z3ao0fnQRsblXnPO08rvrE%2BNinwXp34lca7IONlUx0imuBiwEjOzn%2Fj7QUfKsc1THXNFOaJtt28gQT7fqrQ3vAXJ4Y3uslgCg6aGGZ9eeYc%2BwPBvmjfhpL1kWIEhOf0TAEXud6Wf9qAqIJeOInfTQqpIn58fXNc4NiDcZoAocQQoSqwPfa2hvHw9QWZYL9dyERkU2s8Rnmsr2YQt0PF3fBFWEm71UmJPW79cQZrYbgLJSPyyHeB2dJcZK2V%2BkxqgoZP8WVYvzyR0pOBad1sYmEETQA0Ccugsjwh4%3D%7Ctkp%3ABk9SR4TE6vjAZw,single,False,True
BMW F30 F31 LCI headlights both,BMW 3 SERIES F30 F31 PRE LCI XENON HEADLIGHT RIGHT DRIVER SIDE 7259544,260.7,2026-02-27,Pre-owned,False,False,https://www.ebay.co.uk/itm/227190279304?_skw=BMW+F30+F31+LCI+headlights+both&itmmeta=01KR3RTM707TRF0CKYH8RM6S0G&hash=item34e5988c88:g:CEUAAeSweW9pd9s4&itmprp=enc%3AAQALAAAA4GfYFPkwiKCW4ZNSs2u11xARq5oLXOYdQ8ASeQn5B2Rxzy1heyZfLesMX2iPBT%2FbIOjQ1wNX1WNoalZEvmUaaAC5E5YMJJBJp9AbSLRlndGxs7djqzx8HKFmzD4h6XkBju1OABRINCwQvF2Q1LB7MiGyE1I3jPMXFL8VmCpthSItu1j9wGhYmlIkbaxDnNMqeb6VlaM%2FTZy%2B%2BxjR56Na1vs6HpfgUCpSATEu6SIIrRN7L4f2lhkRFTIEfJXOeY9wDS2l3ReF2MX0I0p%2FFpVUOJLoeVRYWSAyabCmPXZxl08R%7Ctkp%3ABk9SR4TE6vjAZw,single,False,True
BMW F30 F31 LCI headlights both,2X For BMW 3 Series F30 F31 LCI LED Headlight DRL Module Set 63117419610 7419610 (For: BMW [F31]),19.99,2026-05-07,Brand new,False,False,https://www.ebay.co.uk/itm/127177638329?fits=Car+Make%3ABMW%7CPlat_Gen%3AF31&_skw=BMW+F30+F31+LCI+headlights+both&itmmeta=01KR3RTM70SQH0712RZ8Q9H8T9&hash=item1d9c60c1b9:g:rIEAAOSwX5hoTpJk&itmprp=enc%3AAQALAAAA4GfYFPkwiKCW4ZNSs2u11xBAtQUiG8ZyBVA7%2Bb%2BG2MVlgUIN3nRAH2ledFRwIlgCJVgf%2Fc6kKz9cFW2KmneMh8wT6V9ffOnSoj7HMU%2BMfboh96Wm1xptBddEKGblY5MuOYnpGo94qnmu2daZqfGVpmv6hqZZ%2FwMAYERPDJRanNLk8stjIE2OQNti6VJWkMp%2Bs5bUuwTKZ85FmtdPKG%2BRimsA4c3FHZQn3JVc4UF2vudF1EEXzNyvG4DIs5%2B5wI%2BIHFrIj661S8jYwWTh7%2BxwJld9b%2Fa2k98SNJrqaU6HKbUM%7Ctkp%3ABk9SR4TE6vjAZw,pair,False,True
BMW F30 F31 LCI headlights both,BMW 3 SERIES F30 F31 F80 LCI SHADOW EDITION LED HEADLIGHT LEFT SIDE OEM 7492611 (For: BMW [F31]),475.0,2026-03-12,Pre-owned,False,False,https://www.ebay.co.uk/itm/366167172157?fits=Car+Make%3ABMW%7CPlat_Gen%3AF31&_skw=BMW+F30+F31+LCI+headlights+both&itmmeta=01KR3RTM704D1T03K0XF0W0QFN&hash=item554143a43d:g:K0kAAeSwjPVpCCOl&itmprp=enc%3AAQALAAABAGfYFPkwiKCW4ZNSs2u11xCLZtEDi15oUc1z8ztFSbA%2FGSc8%2FXtYEaryQY4%2BdiLMShkFGZnrAfeaCMJ6a8mivIToeLGHnNkD0XFZ%2FjcGWLVws7gHotE0AmhCtcyYdzdzZ6M6ALRbT0kFcDVxRUb96%2BWTlXD0QhthU1xBFf46c6ncz%2FUCGd1TdpgOJy2lUvBbqVFsPUIAzpcEcSq8%2BDK09ykVM5OS2WIzfK3Ny70B8i5yWe6v3ugbTuJrDhSgXjKbJ7CgsHhrRk395dJ9cuW7QdP51h5R0gIKA0ttoou7RHXbqfK48gHqpkQjKEAB7IFN3mpSI3Dz7f1xg1hHsxcaXlw%3D%7Ctkp%3ABk9SR4TE6vjAZw,single,False,True
BMW F30 F31 LCI headlights both,BMW 3 Series F30/F31 HEADLIGHT FACELIFT Upgrade Dynamic Lamp Projector 2012-18 (For: BMW [F31]),587.0,2026-05-05,Brand new,False,False,https://www.ebay.co.uk/itm/406887352055?fits=Car+Make%3ABMW%7CPlat_Gen%3AF31&_skw=BMW+F30+F31+LCI+headlights+both&itmmeta=01KR3RTM71RY1HEQFJ6DTF5TF7&hash=item5ebc6046f7:g:JuoAAeSwutNpuYPF&itmprp=enc%3AAQALAAAA4GfYFPkwiKCW4ZNSs2u11xD016tS%2F057LnK5YiLV4kJhzQwT7g%2FaDl6CBLnz%2FMW45tQWjtv1uIddOwvXpLjYArB8U0V0Rf%2FzO82V9YP7fFT3v46fsZXTr83%2FPFHItBG3Wf8NRW%2BB9RtxjUGGOFoWS4IT8Na4EgccnkCgZbKdRw06cCAv7YVRvWzvnbr8J8ihC7eoPFJ9Ppl9JhZKsmAc53W2AgnyT96gKLRtHFTarKbUlxZc8nwROFNi6LniylO7%2FKMTUqAa%2BaNqZ%2BphUCu7ymcMEbXvWcqmA6rfNULgjI0L%7Ctkp%3ABk9SR4TE6vjAZw,unclear,False,True
BMW F30 F31 LCI headlights both,Bmw 3 Series F30 F31 Lci Headlight Left Side 747130703,414.7,2026-02-23,Pre-owned,False,False,https://www.ebay.co.uk/itm/117019163738?_skw=BMW+F30+F31+LCI+headlights+both&epid=9006331407&itmmeta=01KR3RTM71XTCFP022QDKA3T47&hash=item1b3ee2bc5a:g:Ea0AAeSw8GNpg6Y9&itmprp=enc%3AAQALAAABAGfYFPkwiKCW4ZNSs2u11xB3bvVbIXj4jeNnVbUlL6E1rtCNyukuTPLDzK5hdeIPLFnPwbu8FgfCgjBE1XlCOnGLKLFFyypbma2WQp1HXPUx%2BeIQK4I2FSDkr1SJVuoSKZzfRYjtvhFS%2BWBJEFjsXp4WyLDKjVO8xL1hBn94C4Th%2F%2ByhI%2BNNI4eiPGxLExMZTZ13VUJiYzuCD24iRc0HBLiqrIBKpivyQTjA0t0H9J27D3iQlXbsAVQwoRwG4iys17SSH%2Bx7%2BP2riyNqy15f646PfFUwEGV%2Be4gbQjrMK24lLMuNJw0F7UQAwArTm96oyDvguAf%2Blo9nTmKvOSQ8p9E%3D%7Ctkp%3ABk9SR4TE6vjAZw,single,False,True
BMW F30 F31 LCI headlights both,BMW 3 Series F30 F31 LCI Halogen Headlight Driver O/s Right 7365598,99.14,2026-04-20,Pre-owned,False,False,https://www.ebay.co.uk/itm/267618335368?_skw=BMW+F30+F31+LCI+headlights+both&itmmeta=01KR3RTM71DMPVNEC13VMX22XT&hash=item3e4f4bba88:g:8fIAAeSw7rhpwlpn&itmprp=enc%3AAQALAAABAGfYFPkwiKCW4ZNSs2u11xD1owO4HX19zy3Ba25vGL7QIAeFgNtHxQA%2BKssasFa%2F0t%2BwjgbHZGQ1h3ER58cGFF%2FXsGShFtr5pYOOLtFxy%2BD%2B1uiKpA8ny05Nqaua%2FMOUrviNZNvkxJnQBeje4%2Bbhy3mrZ0PwNJWfTWk4VyUhYU1gx%2F5qAtTiVdjDeVQRS0DPYRKbm5mV2u2ogenZ71yPhy80a%2BeCM4OFRcUTayKKbswqGZJhf9jZ5GbrGplhvK2tmp9R6xR9SjActH%2F4a3HK1ykFRw2e22HHQYdchUOYyVMIBj0bZeOHolYpRrzqH%2BQMtcrKbqdwJ0WaK8KoK2V3UNw%3D%7Ctkp%3ABk9SR4TE6vjAZw,single,False,True
BMW F30 F31 LCI headlights both,BMW F30 F31 LCI Passenger Left Side LED Headlight COMPLETE 7419631,380.0,2026-04-14,Pre-owned,False,False,https://www.ebay.co.uk/itm/267637753428?_skw=BMW+F30+F31+LCI+headlights+both&epid=23012332207&itmmeta=01KR3RTM71GDYSCYKS13NR7FJ8&hash=item3e50740654:g:lbAAAeSwhkpp3Otq&itmprp=enc%3AAQALAAABAGfYFPkwiKCW4ZNSs2u11xCC0sbIjx2lv0sQ6s9JkGsIF82J%2F6IAvaf5QyvDi%2FFdaPBLrpOj5F7d9%2FT9o%2FrEyhOqVYOPH1WpO3Oacy8Lbc6EW47pVEa6jjNy4EINCV0TNg1oYy4xGybMNrm0mqo6BKnpRtCIEaCiDdxm5qmGJnH9F3IAPskQTDJh%2BMruu%2BN0hMbN%2Bvx9CrSiqk5WKFhiRq1N6i0PTLR2D4am6%2BpO6RthL9p7WfoDHwDzM8spNBP8k%2FTCk4hx0SbmHtcghdiKASWh4sHc1RS%2BcTSxtMXd1iq7hNzXOHPuCgesP2oSKvhD7dAbEorXvFQbLrXfQipf%2FgU%3D%7Ctkp%3ABk9SR4TE6vjAZw,pair,False,True
BMW F30 F31 LCI headlights both,BMW F30 F31 pre-LCI Bi Xenon Right Headlight Complete 7338700,299.0,2026-04-13,Pre-owned,False,False,https://www.ebay.co.uk/itm/317763970510?_skw=BMW+F30+F31+LCI+headlights+both&itmmeta=01KR3RTM713EH9YYCHCMREX6HW&hash=item49fc3565ce:g:ZdoAAeSwuvJpZ9WT&itmprp=enc%3AAQALAAAA4GfYFPkwiKCW4ZNSs2u11xByOu8rO5EqXkVDzSau7NlaLMpOU0EXYw7OCjlP%2Fn8IjxUgrBKpRhLQpSOGZ58%2BP%2ByZ5lInYsYrmUaV4M5WoDs2WV2hGx7A9jhC2XYAdHG21LORi%2BSdwDnLoIfmNNwR4KvjRvxqaEGm3AJLtq7kuCYwYhbOKkFUzKhCZbM4FEzZ6KSVh4dJFiOamHept4pfl7694u6zs4lytEI%2FGcz010es63FV38pZa2vEXAOkXsWPbfijKpLKYrsjM%2FmQgxxtU%2F%2BP3bZq7Femu%2FRrl2vdBi3U%7Ctkp%3ABk9SR4TE6vjAZw,pair,False,True
BMW F30 F31 LCI headlights both,BMW 3 SERIES F30 F31 F80 LCI LED HEADLIGHT RIGHT/DRIVER/OFF SIDE GENUINE 7419632 (For: BMW [F31]),475.0,2026-04-25,Pre-owned,False,False,https://www.ebay.co.uk/itm/366167172162?fits=Car+Make%3ABMW%7CPlat_Gen%3AF31&_skw=BMW+F30+F31+LCI+headlights+both&itmmeta=01KR3RTM71N3Q6VX4N6S8SAN03&hash=item554143a442:g:eeIAAeSwIJ5pA0fK&itmprp=enc%3AAQALAAAA4GfYFPkwiKCW4ZNSs2u11xC0pSfWweoh7qVTd5AjmsIDdZdyW9557TDki6Qm2lJnGYuilE%2Blw1ba4ow%2BkmnbgaUpd%2B5RnHOUGufrtjqwr2tuw8dji6LyNQb6m1hMIYdJC62zs68m594VwGXCUxsLDtEBdgcnFg8nVGdNf5VW23uMwkObthgvBhV--wI0euXg3oTBDNsmVeKHS8vd2nCCxMdNItWNeRA5mYkrg7ryHGawGA0Jgul94a2ci%2FqNwy4IPDAne0O4le9qdAWlzj%2BLRfGrpa5FG2HcqLpNM73o4%2BCg%7Ctkp%3ABk9SR4TE6vjAZw,single,False,True
BMW F30 F31 LCI headlights both,BMW 3 SERIES RIGHT DRIVER SIDE LED HEADLIGHT 2016 2019 F30 F31 LCI GENUINE 320,295.0,2026-04-10,Pre-owned,False,False,https://www.ebay.co.uk/itm/188234110480?_skw=BMW+F30+F31+LCI+headlights+both&itmmeta=01KR3RTM7183M0W7PKPEM8VK0Z&hash=item2bd3a09610:g:0OUAAeSwjb1pzVcN&itmprp=enc%3AAQALAAAA4GfYFPkwiKCW4ZNSs2u11xCdMmD5FLC0DTEXY1TYML7P0NDugRDp%2FluRVmI4e4nxB9Hg64Iudif%2FtXFQkasLkEJmKUFo%2FefjyFFHW5lfs48Pg6HhMdIthAYzSXhM8tUMcWtltSMvFI8m5ElZtzhZhU8UehA4wM5r1phgaZAFmZ1MBxfjYBEZYUKpdqQgEeuB4kiNn7KE9yRH9%2BJwguGRa1u5s9vxxzvc26L%2F98%2FhyMPrVZFYCbpsHPTJVziBWQhKjTxNByV%2Fjch%2FCru8qkiNDeRdxlYvaXV%2BISrUYhZqBvm8%7Ctkp%3ABk9SR4TE6vjAZw,single,False,True
BMW F30 F31 LCI headlights both,Headlights For BMW F30 F31 11-15 Black Light Bar U LED DRL Daylight Running (For: BMW [F31]),449.99,2026-04-25,Brand new,False,False,https://www.ebay.co.uk/itm/156129392298?fits=Car+Make%3ABMW%7CPlat_Gen%3AF31&_skw=BMW+F30+F31+LCI+headlights+both&epid=24033525531&itmmeta=01KR3RTM71EQ6ZE3RMP5H2353G&hash=item245a0976aa:g:fqIAAeSwrXFo2mf-&itmprp=enc%3AAQALAAAA4GfYFPkwiKCW4ZNSs2u11xDWnAWLgosodl8%2FNzVVF3gZtEuIbhpv2t7Dorb0%2BU6Qm%2FmguTi7wI2hQaJwPpTnbffa0A2jkmVP8E7XW%2BVzO7wFTSbIfvMpdpPBB0Ec%2FmDtGZFVQe%2FcDx09%2FFFNm6jBVdQHtfVBM8EHK0npi1DjU2e4GNKJ8gFJmpsw65V9DoB2cQ1nvdcYs0PXGmbeOwhh4Hyr1%2FNckMFht6KuEt%2F5GAYO2vh1C9ZNTsCP8JxYDWjCvdoyW1ZbUNP8%2FdMS%2BS9mHgn%2FtUlmMNDhueJN0eU7uYVq%7Ctkp%3ABk9SR4TE6vjAZw,unclear,False,True
BMW F30 F31 LCI headlights both,BMW F30 F31 PRE LCI 3 Series 2011-2014 Headlight Halogen Driver right 7259540,99.5,2026-02-17,Pre-owned,False,False,https://www.ebay.co.uk/itm/187486893703?_skw=BMW+F30+F31+LCI+headlights+both&itmmeta=01KR3RTM712VPPQC8V1P3SC3EY&hash=item2ba716f687:g:cYEAAeSwgcxonMvW&itmprp=enc%3AAQALAAAA4GfYFPkwiKCW4ZNSs2u11xDWFcJ9oxAvWJQZfz3PpgHpAbkxMmiTYHjjTd3i9v8MwkDonP8c5j1x%2FDZS0cNcqKFY12eUTCRXxFDinEAR8b4FcfvinUKF%2FQ9ypV9n5082B0f1kZflotXndQ%2B9CUq1iIean2eevKyK9fIED%2FYxM%2F1SzOfxhXAhgkj1LF6ju1eSoMm%2Fpf6Mi%2FdkUcC9FYxUqD1INBegWg91pKasb4Nn0B7D4eBa9yY5JoYSCpWWTJ1HI%2BvZKM7R6hKvWPFiuDLv9ZiFpX9gsFrBMySV6Bg3N2E2%7Ctkp%3ABk9SR4TE6vjAZw,single,False,True
BMW F30 F31 LCI headlights both,BMW 3 Series F30 F31 pre-LCI Bi Xenon Headlight Left NS 7259543 Complete,299.0,2026-03-17,Pre-owned,False,False,https://www.ebay.co.uk/itm/317949454895?_skw=BMW+F30+F31+LCI+headlights+both&itmmeta=01KR3RTM71MEC1K2HP26NAYP59&hash=item4a0743aa2f:g:3R0AAeSwDfVppveY&itmprp=enc%3AAQALAAAA4GfYFPkwiKCW4ZNSs2u11xA8l08ryiod7hlsDTL9aPKdIK4qPmiNuDpprWlAhRSc4J5reMabeGXxYLLk%2FaBFtk6sYagYKolIA6HsiuySx5MbS79HdTawk7qbutXWpeNUfG0Jmbr2WlpSFNjDo3233fUMgYIJhN22guLB4OShFNHQ2r4ARgcu%2BLSD6nCH6iR1ukwE8CkFlzvjd7S46vo0TXfnJHlXYm80xzyR4xKPJUwLoxjzQI7cLNJsOvttJH%2BuAgNcllwkLUsYJ4rFsCQgVcSLwODZCymQwVHr%2FVWGRbyU%7Ctkp%3ABk9SR4TE6vjAZw,pair,False,True
BMW F30 F31 LCI headlights both,"Bmw 3 Series m sport (F30/F31 LCI ) LED, XENON, left Headlight",333.1,2026-04-21,Pre-owned,False,False,https://www.ebay.co.uk/itm/389393875078?_skw=BMW+F30+F31+LCI+headlights+both&epid=1025372681&itmmeta=01KR3RTM715NBCQZ70WYP2B1KG&hash=item5aa9af0086:g:oO4AAeSwi29pQYFy&itmprp=enc%3AAQALAAAA4GfYFPkwiKCW4ZNSs2u11xBVRJK2fyqX2We0aCWdiRVh9MZb3CiKDRWrFAo1l6TBUW3o%2F2NznTanMv58hI1i%2BwITiKwajl8i%2Bdp0Yr7wX8lnx1PbuB7OsJwAk5Lsa6QSrZn0Vx3goE3g0sekGbliGjje5o7XuKZZ04q8o50MqjFiohDg%2Fpv2xOUdn81Ra9GWqWmqhK%2B9vxHPIUCBoLF8tfDql%2BSPY2oWhGgVZ2QmCGIhz7DCo1zH6B5ZwJZPNcKHfnPSOPriBGcxHg%2BgTRzaABBXKc0qlwtVcpLZqSj3n3or%7Ctkp%3ABk9SR4TE6vjAZw,single,False,True
BMW F30 F31 LCI headlights both,BMW 3 SERIES F30 F31 PASSENGER LEFT FRONT HEADLIGHT PRE LCI 7259539,99.0,2026-02-09,Pre-owned,False,False,https://www.ebay.co.uk/itm/157643150924?_skw=BMW+F30+F31+LCI+headlights+both&itmmeta=01KR3RTM71H7HKDWE7JN7SJZS1&hash=item24b443964c:g:IAkAAeSw0MNpeeOR&itmprp=enc%3AAQALAAAA4GfYFPkwiKCW4ZNSs2u11xBLiqUFDZzBsGdXfytdBGqNJaRsooSJMT1WK7EFBq2ar4lb3bSVh5rWBhb305hJxSSnMX0Lib1idwUNFn59NEAQGVxsEs4RZyI0A%2Buja74iADaFUIYrTTjwAOyNYeo%2Bk%2B66IPQUxb4XcxlVw0hvgVqr2YmjTqL388ADpsG%2BzOgeLixghA7WRlWJtrw6WDHGm97%2BZObk7x65B9wh2Dxe5UY4zi4epG6ozoKDLLTfX%2BW6dqAzWfJIqKYM9VLJ7WM6P0hwO78qsYIfxBJetcGY6z8c%7Ctkp%3ABk9SR4TE6vjAZw,single,False,True
BMW F30 F31 LCI headlights both,BMW 3 SERIES DRIVER SIDE LED HEADLIGHT 2016 2019 F30 F31 LCI,348.4,2026-03-24,Pre-owned,False,False,https://www.ebay.co.uk/itm/318034666393?_skw=BMW+F30+F31+LCI+headlights+both&itmmeta=01KR3RTM71CG6QTBCPR07QQ6B3&hash=item4a0c57e399:g:88YAAeSwOyxpvXGB&itmprp=enc%3AAQALAAABAGfYFPkwiKCW4ZNSs2u11xAYvxcQcWy3%2B6wJumpxNxxIuS7jPdFLeU9Rxvy6XJ9X9cP2sO0zMt9lIetgr68PWqy8%2Fr3r7kBcbmZRuhC8SDEgfg2Z9IH5f6Sp8sZrSwDMd%2BAGZMf1227Fxtgwi%2FRrVcBygGD%2Bgfbjk8Qf72xyh7reNbAy%2B%2F6vBPrLse%2B%2BiSanq9sAuvAjWmbTJ%2BFWZM2Jf1eT14UBNMbvh8TUCqw1ITYBeESEThRQb4%2FeP4hto%2FTisnvPeNUsS%2BxSRi%2Fw5NTLDnLbNkLxd7c4lmGNhHIEpTlxIBKFOHFW%2FdnCxsC%2Fj5P639GFkqtiSe4DaePwqj%2BU%2BIM%3D%7Ctkp%3ABk9SR4TE6vjAZw,single,False,True
BMW F30 F31 LCI headlights both,BMW 3 SERIES F30 F31 PRE LCI COMPLETE ADAPTIVE XENON RIGHT HEADLIGHT 7259548,450.0,2026-02-23,Pre-owned,False,False,https://www.ebay.co.uk/itm/326847548493?_skw=BMW+F30+F31+LCI+headlights+both&itmmeta=01KR3RTM71CPXJB2YFM6NK83KK&hash=item4c19a1cc4d:g:3LAAAeSwnRtpCJsI&itmprp=enc%3AAQALAAAA4GfYFPkwiKCW4ZNSs2u11xB7rfZvk0VW9SnpmDh60aFZH7YqL9oCWkjFngU4Gj%2B0TxCCYQo6e8OGWLLi%2FUSIf9i59iDweFDo2%2BfpLzYt8iidkydDAhGh99D26sNuGY9ryJEB%2BrbS5ABbHq76tpr8pJa3asTkhHwPypwmh%2FCzGrsASkiXPvHcp%2FVL%2BBWNn9FV7kriywQqejCFgV3QwLbqt%2Bu%2BH5lwDWVzPDKEtq56DAcas9M%2BMwyLyzrP%2B0ZqDQKblpxGzc%2Blg%2BZYGCv1Xrbp2jY5zNEf7i7bt7AQZl299rEt%7Ctkp%3ABk9SR4TE6vjAZw,pair,False,True
BMW F30 F31 LCI headlights both,2011-2019 BMW F30 F31 Halogen To Led Upgrade Modified Headlights Plug & Play (For: BMW [F31]),1199.0,2026-04-21,Brand new,False,False,https://www.ebay.co.uk/itm/366167171981?fits=Car+Make%3ABMW%7CPlat_Gen%3AF31&_skw=BMW+F30+F31+LCI+headlights+both&itmmeta=01KR3RTM717WX7TRPBW0CA23VS&hash=item554143a38d:g:4pAAAeSwgG1pCc7-&itmprp=enc%3AAQALAAABAGfYFPkwiKCW4ZNSs2u11xAbZRO7bUhPpAnilm7cGJKxDlP1PCOThBnvA5QpsovHSNaMcQugDn0k2thmgpuYnRbHE%2Bj04oKarf5wf6chxI3hJHPVST7cDI7uuHOoiXOJogWhzqtQ%2FxEMwGH%2Fv3kq25qyPcUguDJ8BI2Kzodno9%2F16itCLz4Ct%2B9HQBNB0PZMXME50%2FgyiKL3qdRzUZmjSJ9YN00536phCLacgWU5hoPY49lQsjqt%2BWZHehg1gYUMEvQhxiuYeZi31fY87XNgWdNxLBaT8x0u%2BRcJA%2BRDY54TRifsTUlIOqn2a3JT4paMDjlhlaBN8JXVzJbhuigkWWA%3D%7Ctkp%3ABk9SR4bE6vjAZw,unclear,False,True
BMW F30 F31 LCI headlights both,BMW 3 SERIES DRIVERS SIDE RIGHT HALOGEN HEADLIGHT F30 LCI 2012 2015 GENUINE,69.0,2026-04-25,Pre-owned,False,False,https://www.ebay.co.uk/itm/188309355979?_skw=BMW+F30+F31+LCI+headlights+both&epid=2093198872&itmmeta=01KR3RTM71WKAQ5TPZ1QD10WB2&hash=item2bd81cbdcb:g:ZssAAeSwE8Zp6TSF&itmprp=enc%3AAQALAAABAGfYFPkwiKCW4ZNSs2u11xBlGFnazpcNb4rzTC4FD8C5Gg14or%2FndN9ZtWI0y8emPF2rLqKaqyrAO%2FQQTj%2FYVBhHTfiDe4fDJi4unKj74GZKeWldbFxxqeW04G50z5YxJdnkms2FmsJrbVryI%2Bver57VSoE%2B%2Fw4GohXId20csBooa4jb8lv4ZDIuFFlNCx3w7vQJzNlMquzqkhDOGyViEaocW10a4JcBk2Oo2a8sdjukhNX1fiy0whLc%2BheZzMQOK%2B4fRuRGYuztkgWHsZ4cYZsE9Vk8pVTlq3OE4ebDSeh%2BV730naATcGvBgI9JPt8BfX9OvKw47i2yKtfB0eGcbCk%3D%7Ctkp%3ABk9SR4bE6vjAZw,single,False,True
BMW F30 F31 LCI headlights both,BMW F30 3 Series Headlights 2012-2015 (Pre LCI Halogen) OEM (read description),160.0,2026-05-02,Pre-owned,False,False,https://www.ebay.co.uk/itm/198300209018?_skw=BMW+F30+F31+LCI+headlights+both&itmmeta=01KR3RTM716G6KMR2FK9D6R5N1&hash=item2e2b9d0f7a:g:ez8AAeSw1rlp576j&itmprp=enc%3AAQALAAAA4GfYFPkwiKCW4ZNSs2u11xANOgkz0UoYzNiQ0hMhQacaZhZ%2Fffyal1crkol9vhWIdR91J5yc2zttWLeAHGG4haekfjGxXoS3HSu0dbKP3ThcVJIDO%2ByiteUlZKV2qwOiVWSOmeT8pRPu6gJpci%2FvSg2hCRF6ct3QAeedMxIF5tQIk3AtKpALLlWN2fMN5nIB1PTS9LfBxTSCc2qGzXMRQeRym6KUL8ii%2BAv6cLuxDXSF17teV2n3Sr5GVrRvWZAo7%2BjgCpgQ74haC3dRm9FE%2BlM8qaebeL9S4%2B9754TumOvr%7Ctkp%3ABk9SR4bE6vjAZw,unclear,False,True
BMW F30 F31 LCI headlights both,BMW 3 SERIES F30 F31 LCI LED HEADLIGHT LEFT/PASSENGER/NEAR SIDE GENUINE 7453483 (For: BMW [F31]),475.0,2026-04-28,Pre-owned,False,False,https://www.ebay.co.uk/itm/366167172101?fits=Car+Make%3ABMW%7CPlat_Gen%3AF31&_skw=BMW+F30+F31+LCI+headlights+both&itmmeta=01KR3RTM71QPYJWWJJM5Q42HTE&hash=item554143a405:g:csgAAeSwAEFpA0Ow&itmprp=enc%3AAQALAAAA4GfYFPkwiKCW4ZNSs2u11xBhA%2FU2jWrJ0FHMg9Vt3BWL35pjVm3pX9VltKdawjNSXzTLPt0BYSQQYPYhPbymX%2FzKBqiiBqe78zEAVo8zmKLMLXIiwZGE%2BVsTpxwyLcAzRyX4qwpp3tQIGbFOa9ntB89ZLIwREuvT6svbl11WePUzRJhlRiQ5s%2BMqnzPDW4xXv612cQ1UI5SIVqggU97Hl3ZiP3mxfcQSRrw3F3e2MemG9T1Xx0wGMa4aZvHh2gzWPTHW48EgbJAZprTvfWIlG7FLz0eAicY7wAX3kNQ5bs2R%7Ctkp%3ABk9SR4bE6vjAZw,single,False,True
BMW F30 F31 LCI headlights both,BMW 3 SERIES F30 LCI NS PASSENGER LEFT LED HEADLIGHT SHADOW EDITION 7492711,399.0,2026-04-07,Pre-owned,False,False,https://www.ebay.co.uk/itm/257394178412?_skw=BMW+F30+F31+LCI+headlights+both&itmmeta=01KR3RTM7158W35WZPVYFSK57Y&hash=item3bede3796c:g:Q3QAAeSwezhpq12y&itmprp=enc%3AAQALAAABAGfYFPkwiKCW4ZNSs2u11xDfZk4VzcyI5JsqYAcE76t2Bug95Rv2DnRkGNFyOfPBTFdsi71UTHryWibuq45sVW17L2Xw7mZ%2FmfgZHcRo1GbXaJEThWL891FOkDje03mrk2pUsM0HLBpBQZbVyxkrf6CPBe6NCcPMNWoy4Rmn7lQCt8RS07KcNZuz0EfognOqAnygWB3TRQJm4%2FXtEI75ac0fCNqG1j%2BmZxtGgtcj6HJiJpIrJLDYVH8XFPRC%2F8w%2BPL9PYMpboKk1sFUzNOPXNrtmve%2BgFrmZ167nleMQGZdmrmdRJZlzO3erlRzzU9JcMfDhCF3hcXS5DpOIDGm3Jj8%3D%7Ctkp%3ABk9SR4bE6vjAZw,single,False,True
BMW F30 F31 LCI headlights both,BMW 3 SERIES DRIVERS SIDE RIGHT HALOGEN HEADLIGHT F30 LCI 2012 2015,31.9,2026-05-03,Pre-owned,False,False,https://www.ebay.co.uk/itm/366364703395?_skw=BMW+F30+F31+LCI+headlights+both&itmmeta=01KR3RTM7218TJF9YPYXDRNYKG&hash=item554d09baa3:g:QqEAAeSwWxpp6hM2&itmprp=enc%3AAQALAAAA4GfYFPkwiKCW4ZNSs2u11xBqtn9eaMutG8vRNmSQrW29oGWbU82O2%2Bkc%2Bba3HpH%2Br9aIHn4YRm3f6qpqQ1wEPuX9Cab753eOWADfW02nSG%2FzTlYIMTVp5P%2FIo33hot%2FtUBZEc94W2i3Kq0MSRgIr8JcA2rPtsrJx3L6tOWUPFkhYgVHkensco5vA%2FEOc37L86nCSVn68%2FvfIDow0nyEgNlJBmbbe12gFpSNTYlKQKdR8zan5UQCga9GwXTborYQhkvrVk8iKkc6eI%2BetA3jZpQtITbKtbZmd1UBLxkxDUlKG%7Ctkp%3ABk9SR4bE6vjAZw,single,False,True
BMW F30 F31 LCI headlights both,"GENUINE BMW 3 SERIES F30 F31 LCI 2015-2018 PASSENGER SIDE LED HEADLIGHT, 8738713",155.81,2026-04-28,Parts only,False,False,https://www.ebay.co.uk/itm/277933729561?_skw=BMW+F30+F31+LCI+headlights+both&itmmeta=01KR3RTM72HDZPCM0WANT3354H&hash=item40b6242719:g:NHgAAeSwRZlp72Qj&itmprp=enc%3AAQALAAAA4GfYFPkwiKCW4ZNSs2u11xALcPcI2srMgyB%2BcwO8wJn3My9vFN5f151ljasr%2BnEXaQExfKQz%2F784YEkjCsMFpHnDVxjG9JyM8Li4ZIcv5uNcF73Ztdt8pLN2LAfWVhqnAZOBuoU2Y74W0MlpsAUMFxclnjO1qbCF4HBCn2O1yx0LHca19uAd0aHR7mC6Um7wi0BOmocIOKQHkFfAMtsS1KZ8g7PPBVZieo2g6s0VKjjs%2FHyp%2BfwrYu1PacUf727gPoS5SlBdW4MWmogYEDty4O7TcZRbna1OGSwn3m6z09oa%7Ctkp%3ABk9SR4bE6vjAZw,single,False,True
BMW F30 F31 LCI headlights both,BMW 3 SERIES F30 F31 PRE LCI BI XENON DRIVER RIGHT S HEADLIGHT 7259548,249.0,2026-02-13,Pre-owned,False,False,https://www.ebay.co.uk/itm/157663422404?_skw=BMW+F30+F31+LCI+headlights+both&itmmeta=01KR3RTM72JF9SEZ6T4FRKZ1XG&hash=item24b578e7c4:g:x0YAAeSw~hhphC90&itmprp=enc%3AAQALAAAA4GfYFPkwiKCW4ZNSs2u11xCCRKq0SaY8t1545o9HSnMjj%2FfXbOpaEB84N%2F0Ya3gUgDRi9SYhUmE6erDH7qbnC7EJQ%2FvomyAPYK8CO1v%2BKa3eiybcofib68Lp%2F0OPpdAsOyFhkaVSrbLj4xhSZ8lXyuQJvnO1gulQcaPN7E97lu4KEOcRLpsSMYQ37R8CmqjQbLZHHyfISsLNsgWQ9dlxjBW6Z%2FxhteL3L8nS2f0Bn%2BHzZTOIeU6K3I8AJtEfOXci8Zsl%2F9CUngkFrdpnjmXFmmtaQXkIlzhWEUOgEvhulU78%7Ctkp%3ABk9SR4bE6vjAZw,single,False,True
BMW F30 F31 LCI headlights both,For 2016-2019 BMW 3 Series LCI F30 F31 Headlight Lens Replacement Headlamp Cover (For: BMW [F31]),49.99,2026-05-07,Brand new,False,False,https://www.ebay.co.uk/itm/285150323639?fits=Car+Make%3ABMW%7CPlat_Gen%3AF31&_skw=BMW+F30+F31+LCI+headlights+both&itmmeta=01KR3RTM728X7T8HMNKDQ0KXQQ&hash=item426448a3b7:g:JqQAAOSwwhZj7zM8&itmprp=enc%3AAQALAAABAGfYFPkwiKCW4ZNSs2u11xApEjH6Mrwz4qy6izvSa9aJr%2FUKkHLVVzxO2NmogwAeE9sjitUnIZi9i0DxAe6gjt3tUdMw%2BD2pOCivHIYfB2%2FTFrQqGsQT7cQePan7zAkr4oOqPZ%2FhygABqBs2iVAotiN8dTNaxo7RFYp78RTedBbFeqhpv%2BP2Zr2PKVt7OOLEMAJqZ4eSmwkUt%2B%2F7hAjLEoeSmKyryrMjUX%2BsW0QhAATyU3qRCf9pq%2Bo5gtT1HL3x3jM0mevz1%2Bty4Mor4Bf6z8CXRXyJnVSpBH9TbBi47lu8pIBGl18L3PUyfBazOyuGDTrJ5LXW2yPYtB36oaYmDBk%3D%7Ctkp%3ABk9SR4bE6vjAZw,unclear,False,True
BMW F30 F31 LCI headlights both,BMW 3 SERIES F30 F31 F80 LCI SHADOW LED COMPLETE HEADLIGHT RIGHT SIDE 7492612 (For: BMW [F31]),599.0,2026-03-04,Pre-owned,False,False,https://www.ebay.co.uk/itm/366167172105?fits=Car+Make%3ABMW%7CPlat_Gen%3AF31&_skw=BMW+F30+F31+LCI+headlights+both&itmmeta=01KR3RTM7290GHH2PGG8JZJPD2&hash=item554143a409:g:W-0AAeSwMDlpCCrH&itmprp=enc%3AAQALAAABAGfYFPkwiKCW4ZNSs2u11xDOW0po%2FFbbPUEgzAKE%2B22ZDIX6S3uGxGZ2m5ntb06DBEEiWxvDGvEeCZIS88swNmJsykTP3hmxXjTc92n2ay60nGcPZwHu4lhAXMT8di6zdWcvhlnKTcuY6Pz8jMCKe9Cn6sa8hxyQ6%2FUp%2FTRTqpnxGnO3OarRTYZtp41y7kLpN7wx8AmaXT01%2FjI9SCWsTCrRcEO%2Fy%2BRnh0bzmgOhGLZk6FN7bq%2FFroIo06l%2B2ZQhiL3waKkUr1t1EsmqBpCDvZ%2FEY9YK%2FZN424RaSOwkyWnjflv2RiIwtA2papmZv4LQaQ%2Fr8y%2FKZXMeg3vx6u4882U%3D%7Ctkp%3ABk9SR4bE6vjAZw,pair,False,True
BMW F30 F31 LCI headlights both,BMW 3 SERIES F30 F31 F80 LCI LED HEADLIGHT RIGHT/DRIVER/OFF SIDE GENUINE 7498948,599.0,2026-05-01,New (other),False,False,https://www.ebay.co.uk/itm/306912460232?_skw=BMW+F30+F31+LCI+headlights+both&itmmeta=01KR3RTM72M1H5ZB50HAEGAAJ5&hash=item4775687dc8:g:FyUAAeSwmH9p8ec4&itmprp=enc%3AAQALAAAA4GfYFPkwiKCW4ZNSs2u11xCGnjknrrehzcv5JvonQC6TxXTQtusz1EUH8G1XmCF7AKE4oaldHumQEEIMRSE%2BeGETIqGflwSImJF0FroqJJGEbK0OGGK7fNvVKrsmQtU%2FANGjvcInv51gXE2hVjFyOXuz0aQLDzcGuS5hioARDGnQS9vs1Gh1uUx%2FVHZQdUlitJQOtKLFagCEPgFJPD7rRIzOAA64ow3ENZG3zYgGGSqrZLTTd4pP2%2BMQ2IhfggLCTvpp95U9J25A5FyL1IMJ75d8%2B7RdUL8nuUKenTVB0VeC%7Ctkp%3ABk9SR4bE6vjAZw,single,False,True
BMW F30 F31 LCI headlights both,BMW F30 F31 Pre LCI HeadLight Halogen Passenger Side Nearside 7259539,100.0,2026-05-05,Pre-owned,False,False,https://www.ebay.co.uk/itm/147270174591?_skw=BMW+F30+F31+LCI+headlights+both&itmmeta=01KR3RTM728Y82KYA97EEGJRYJ&hash=item2249fc877f:g:10gAAeSwSihp504~&itmprp=enc%3AAQALAAAA4GfYFPkwiKCW4ZNSs2u11xAIlyU2L%2Bu%2F2tofXxebdsjBVsbrlq%2BscoZtUjRdahCMowxQhHlXt1qkPJmAubcBiVL90xVIksI8wIJzN4Rg9RprjoQOe3Ek1smI%2FtNdxCYbabWPcqy34IL5AzD7DJ5yyzn9DBPJoGRQpr4KVdE2bBGJ11dY22jAI%2BoIGDBKCv1GJhCsaCHigRjOEQD3Tg76FkL40WOC2HpSW%2BN3R2e1CRL6TB7GYDAHV28wiOkvMOjeJ0yWTdFBXjsPMDQWxpB1Ov2THrU1IOVmQGiSPgNAhWUm%7Ctkp%3ABk9SR4bE6vjAZw,single,False,True
BMW F30 F31 LCI headlights both,FOR BMW 3 Series F30 F31 LCI LED Passenger Headlight Lens 2016-2019 LEFT (For: BMW [F31]),43.62,2026-04-16,Brand new,False,False,https://www.ebay.co.uk/itm/227252380910?fits=Car+Make%3ABMW%7CPlat_Gen%3AF31&_skw=BMW+F30+F31+LCI+headlights+both&itmmeta=01KR3RTM7222MYDF8ESGFQNVV0&hash=item34e94c24ee:g:KcoAAeSwezhpsoqS&itmprp=enc%3AAQALAAABAGfYFPkwiKCW4ZNSs2u11xAnjvW%2FXmYLYlgb7tJGXbQAcpLLj7rwSxtcxvl%2FQy20PDozJCzbeepWleT9kquluyuvbkJxPLfRXx4PaPxI09OKwxjUCw7o10phrpEfbL7%2FrNMclfjaTgtiLczWLemLCSVZAtcjJgp8m3R29mxfE2bOxvK2jvwLW3W8q6R75PlYIC066wLXM9p2V%2BPEIU4m4KjLAT%2FrEeeDvIUSzRPkgq6YPlSVG3Bt%2Fy2EsNRigrg59vxWbFE9y%2B%2Bkau4GMAtYU01T5cb4YkQSijaT0060JA6C56wj9QeADR%2FBlnMLXCHYLdCK7R2FMbxbytM--I4KQl4%3D%7Ctkp%3ABk9SR4bE6vjAZw,single,False,True
BMW F30 F31 LCI headlights both,BMW 3 Series F30 F31 LCi 15 - 19 N/S Passenger Left LED Headlight Lamp 7419631,600.0,2026-02-19,Pre-owned,False,False,https://www.ebay.co.uk/itm/257242091450?_skw=BMW+F30+F31+LCI+headlights+both&itmmeta=01KR3RTM72D8C2D9GHX5EVK07T&hash=item3be4d2cfba:g:9rYAAeSwsU5pMDNe&itmprp=enc%3AAQALAAABAGfYFPkwiKCW4ZNSs2u11xDI8Po4zBh2%2FDiA5H9JhR0GVzZqTvGrS7uGHnOTJcvdkRm1k58h78%2B%2BtpDEZ01K%2FVLTOQStr7ClxndYOnMjEj83kEPs9zbyoGisf5vxSQiQFB1Ff59GHgDEfE8Q5mQ%2FPXOK2oVJsiyC61vAjJ%2BYRBBQMx7nYhYWS5PGO%2BZ5p%2BvfCCm6BBeiPdGGqB6aDSLkBsOwtu1EifqfKN4LQbqF9Wg3Sr0kiBxj5iBrKV%2BzFETr64rXlDuKkqEESWCOFu12pdAcj4Y1zVi4iUQDL43UiecuD1XU4gBdy%2BrQI7bgAKyfzTHb2DVUxuARdMe%2B3Sz5pow%3D%7Ctkp%3ABk9SR4bE6vjAZw,single,False,True
BMW F30 F31 LCI headlights both,BMW 3 Series F30 F31 Headlight Right Driver Side LCI LED Halogen 7365598,156.7,2026-03-04,Pre-owned,False,False,https://www.ebay.co.uk/itm/406735067576?_skw=BMW+F30+F31+LCI+headlights+both&itmmeta=01KR3RTM72MEK29Y87QMH63AEX&hash=item5eb34c99b8:g:hyEAAeSwMQhppyaD&itmprp=enc%3AAQALAAABAGfYFPkwiKCW4ZNSs2u11xBDJ3Ks%2FBMgWqlkz7RKoEGElFI3q2JcP2ccj%2Fi2NHOIg1tq4ZAodtfjDetelNcq2TDx78iJ03Xp1lxsM%2F7cjQ5pTI1nND2siw%2BrMQ07JgowYLFoqOgifNt6J7nZ32MKJXG3jS6Oz0anbAOblz7%2B1g0WPx6JPWhVjeruj5d0Xv9ImVtyxZKqVLQsLYDLohtCDgdWRcoJoWVZ1qe8VxS%2BbJicszq3Be7mBHXR6iEPDzbTE2ASmONzQfuHyB2Ww2X2WJlNi4sAHxR83L7iXHI9FNHSMCkkAvm6YK%2F81wfwGefwmQNLB2eP5%2F49yHft%2FQiu53M%3D%7Ctkp%3ABk9SR4bE6vjAZw,single,False,True
BMW F30 F31 LCI headlights both,BMW 3 SERIES F30 LCi 2016-2019 LED OFFSIDE RIGHT HEADLIGHT- GENUINE,135.0,2026-03-05,Pre-owned,False,False,https://www.ebay.co.uk/itm/286957657278?_skw=BMW+F30+F31+LCI+headlights+both&itmmeta=01KR3RTM72RS4ANQDWBF6TVZGS&hash=item42d0025cbe:g:nmgAAeSw9RhpIDU7&itmprp=enc%3AAQALAAAA4GfYFPkwiKCW4ZNSs2u11xBknmwxN4Qu6%2BIF7QBqmcgVnFhg5Dt7k1V5HsRrydSxNCme9k3kTtQ85RZ5cfei4to2MwBaejJRhIwkZFKCuQdawIUiEOzDREYJp9APE%2FxxMnOJdSkt%2BWJeIhDJ3kRf%2B%2FhIAKY72z1X36hSxMwJB4kx%2BBI2pTZ421aAKVzlPKnIstzaUkFMLfofHidT9ChQNtoJgMDtwXiYwSVkD0cNAh0kMH0LUn%2FOn9%2FYqe0YkJYnfwa2KoojQNaYRKXdLyCRgRdoTtPr8EgZnkwfp3r%2FoYC7%7Ctkp%3ABk9SR4bE6vjAZw,single,False,True
BMW F30 F31 LCI headlights both,BMW 3 SERIES F30 F31 PRE-LCI 12-15 PASSENGER LEFT HEADLIGHT 7259539,85.0,2026-02-24,Pre-owned,False,False,https://www.ebay.co.uk/itm/406581127470?_skw=BMW+F30+F31+LCI+headlights+both&itmmeta=01KR3RTM72JQKCWB78Y6TX10H4&hash=item5eaa1fa92e:g:lh8AAeSwe95pYq3y&itmprp=enc%3AAQALAAAA4GfYFPkwiKCW4ZNSs2u11xDGrg75gkF2vrfGsGUWXCOYFGgJDa26TVqFsQoL7xpvuFtdLgJJV%2B1vY9sLGedSL4lSrkGSWOip7qs3IElYcjP%2FfTGBXS%2FbD%2BUqZFijx%2BKYpimocR1Jq5bc1fJNaa9s8VMV78kbZ8ax4sFmCTzo8smanUNo7bZED7gouSYqslnGWU7rvQo7tQTO0YckBFiCWlQCHzBHPQ46hc31aI6tw6jy70oHAoGsvpuAr%2BT54nFm14F%2FLmY0k3hjTKmeouekgvJWfKM%2B5mmMt3omQj7yfd%2BE%7Ctkp%3ABk9SR4bE6vjAZw,single,False,True
BMW F30 F31 LCI headlights both,BMW 3 Series F30/F31 LCI LED Headlight Right RH OEM 7453484 / 63117453484,480.0,2026-03-12,Pre-owned,False,False,https://www.ebay.co.uk/itm/157575249520?_skw=BMW+F30+F31+LCI+headlights+both&itmmeta=01KR3RTM72GCA8NPHVK8RN62ZF&hash=item24b0377e70:g:SiAAAeSwiK9pUYmS&itmprp=enc%3AAQALAAABAGfYFPkwiKCW4ZNSs2u11xBPmNFBO8LCiwxthxJ66nRRBAeDOkBKIJxBr%2Fyd0gdsM5OZ4eugXiAWBMob0JDH0viKKOAsbh%2BlkgedayydkGzBLF3vc77ZZDZsNtpmWSOa8rU6djgbLW5X5zT2y6tKolk4j9mKX9Z1Oq0JczLRJdmAf9jre2vb01T%2B%2FJ%2FfUZo2wdIFTGDXvSv32FlZkvI8gdfSzIVm85t8v3dMuNm0ka%2BUTIICx%2F04dC1Jke2gcRp%2FiwgcowYyNTymRgudojJiTwmCHNaKZhavEv9V7ujqMHqK5CrQagiAtnE1snjqwSdiBBUBUcKuMsPszMF7b993LJ4%3D%7Ctkp%3ABk9SR4bE6vjAZw,single,False,True
BMW F30 F31 LCI headlights both,BMW F32 F30 F80 F82 M2 M3 M4 Adaptive LCI Xenon Headlights,618.7,2026-02-09,Pre-owned,False,False,https://www.ebay.co.uk/itm/317158159742?_skw=BMW+F30+F31+LCI+headlights+both&itmmeta=01KR3RTM729PNV8N3JWJAAEB5A&hash=item49d819757e:g:oFgAAeSw5LpoleAL&itmprp=enc%3AAQALAAAA4GfYFPkwiKCW4ZNSs2u11xCcCCpp7AGF0a%2FQvwfzpZNZ6GYofC0WwMgL28w1%2FCy66JUmxZZlZI85FhebScSSHk1koqdHMt724qd3li2PRuboBnRPFZaWQmAMKTFraGIUEfAO%2B%2FoPUWt6HbKXko3G%2BBbtaWeUZ0sH3%2FYXdZjku95RxUFwOstUOizpPCdSbDLEfiy7nh76vNh7Dajkr5fRSVHpDExmTq0rDL5CPeAuwixrzqHmQ9VOq9WiZO7F3N2XF6BSUIdcSV83mIgPGpYnItZ2Et1UeZMFZyKhM2031LHz%7Ctkp%3ABk9SR4bE6vjAZw,unclear,False,True
BMW F30 F31 LCI headlights both,BMW 3 Series F30 F31 LCI LED Headlight Light Lamp 2015-19 O/S Drivers 7471308-03,110.49,2026-04-18,Pre-owned,False,False,https://www.ebay.co.uk/itm/227254357669?_skw=BMW+F30+F31+LCI+headlights+both&itmmeta=01KR3RTM72WAM2W0CKW2EEMZPP&hash=item34e96a4ea5:g:bPYAAeSwJPJps~5L&itmprp=enc%3AAQALAAABAGfYFPkwiKCW4ZNSs2u11xDQ%2FjptTjhBKRjljhEoR1VDpToCkH68dYaTi%2Bbjz1TvzG5yDhO5Z3OlNfvaBuH7U8nfpU1t9b4KFFSbytmXegUc4qQDuvuOfvq6ovPpxq7WHElYAA0xGmB0ObT3sJJtuesE7DgaJnNSpfXcyZ9sl%2FowC%2BGloEITBDomQ3x0Jt8kK1EdhtchSjtpvtVOKLRATrtJgWK4W8FgXpjtf6OBAebCZNvwr%2BpbjkGzug7yPyXsOxALMvzfMh6WFTj7iPVEVOgX%2F32o114BSZUa2xkw1byVkUfiRQ4%2Bsuto3PKiaRxld7AP%2BixSUTy4YTRJ33pgr18%3D%7Ctkp%3ABk9SR4bE6vjAZw,single,False,True
BMW F30 F31 LCI headlights both,BMW 3 Series F30 F31 LCI Left Passenger Side C LED Headlight 749894701 Damaged,80.0,2026-02-18,Pre-owned,False,False,https://www.ebay.co.uk/itm/317855888002?_skw=BMW+F30+F31+LCI+headlights+both&itmmeta=01KR3RTM72AEFXZFPZ7G59B42S&hash=item4a01aff282:g:hf0AAeSwpOxpiKCw&itmprp=enc%3AAQALAAAA4GfYFPkwiKCW4ZNSs2u11xAI3IUZ7kJ4YF9uvZmQZTTEcgRN3paAOHtrLcsBhOh8ECKZeraXgI%2BR0Rp1qRViwfBFNRKuKjDc4aRC3hAjuwbI%2FPed7uDO39jmFU9uCsWoY3ka0VtteVkukoX4UdJ%2FttNUQg%2Ff9mPlAE6nwhIWwSa5yWmGSVTKgj27nkuZDSL0Ju1Z5n7TzSGSKd4EWqILLjJXbNA6A13MAfqinTGPE4t5CHVnNXmpBi3boID3Sx53tzkl7QsXJFop50V0Zxekk5I4f6ef7q2a5nCvnUrBIiBa%7Ctkp%3ABk9SR4bE6vjAZw,single,False,True
BMW F30 F31 LCI headlights both,BMW 3 SERIES LCI F30 F31 LED HEADLIGHT SHADOW EDITION PASSENGER LEFT 7419633,500.0,2026-04-04,Pre-owned,False,False,https://www.ebay.co.uk/itm/117109820054?_skw=BMW+F30+F31+LCI+headlights+both&itmmeta=01KR3RTM727MEWF1Q5DG3T83JY&hash=item1b444a0a96:g:NloAAeSwUl5pxUIm&itmprp=enc%3AAQALAAABAGfYFPkwiKCW4ZNSs2u11xChXR3%2Fp4VpRoRo8nyrAKc1JkUcx3sWjSSrHEda6SgR2tPkFCOd5cRweMX91qr62egOcThygYJKvXgvQon0BRD5x%2BaKX4GNexiNbYc6BrlbUzPuyGF9S1M9G%2BAhUscNOm6bRQ36E4d%2Bzv0zRHztLhlaUUbiftAoGteL4IW%2FNLAK1vSwe8xBKnnhY03Wao%2FfhmT249lkGqmMqvXc7%2F69yBKpippUZqZYxF3gO1xayR52ZdBafUDBch8JRaciYplMEpsbgUawqWyHqFWM4uOG1vosQXI4xMRIOsPguQbr1tIdjUo9%2BrOaQhx0dmzGeor3bKc%3D%7Ctkp%3ABk9SR4bE6vjAZw,single,False,True
BMW F30 F31 LCI headlights both,BMW 3 SERIES F30/F31 LED PASSENGER SIDE HEADLIGHT LCI 2015-2019,414.7,2026-02-24,New (other),False,False,https://www.ebay.co.uk/itm/236622238110?_skw=BMW+F30+F31+LCI+headlights+both&itmmeta=01KR3RTM72TD4MM02NMMFM8G98&hash=item3717c8d19e:g:qQAAAeSwstdphpwy&itmprp=enc%3AAQALAAABAGfYFPkwiKCW4ZNSs2u11xChl6BruBPGPJudM%2F6PuDYoFv7YgGt3%2BD0uNUuowRgKAY9%2Fuv2QEB1%2FcToxsgouP75GULqYGjD45neRkQGpGzZp8r6d7MUe%2FQI4LlROfD5o4V0S8R2NW0FupXtfwv2lB04DnItpTAwT--NxfdmDimEfJmIBkIYteY%2FQ7XHCiWtRgYxXpiGEkKTew2umNz0FgsQ0b4ELMtzENvUMwoo4qy6CcMlLRaBaP4q1IcZUtElVCEunbpiNqLZaDC9ha2hHY0FU6oVxAEWgg3HHJwo0HrJUc1zSzbw%2Brh%2BpmPU92l%2Fhh72loBReQ8liC0WesNK%2FFPU%3D%7Ctkp%3ABk9SR4jE6vjAZw,single,False,True
BMW F30 F31 LCI headlights both,BMW GENUINE 3 SERIES F30 F31 LCI LEFT SIDE LED HEADLIGHT 2015-2019 7471307,363.7,2026-04-12,Pre-owned,False,False,https://www.ebay.co.uk/itm/267629548206?_skw=BMW+F30+F31+LCI+headlights+both&epid=27034005394&itmmeta=01KR3RTM72JM9F8D29WAEDR3H4&hash=item3e4ff6d2ae:g:YrkAAeSw0SNp0P7K&itmprp=enc%3AAQALAAABAGfYFPkwiKCW4ZNSs2u11xBHPjMP8KQxgCAssX%2FrewsgfVrGE2iBVSwnNSmLHKu1mL%2BUmLSiwlxCAOzk%2FX6pI5wyllrVs7FVs38mVlKJctdzGyhFonFuq0RF2zVX3xC8krHOdhzkYwG5VIc0qi0vwJ6SxTD93Ys1%2FDEgkVNrALnmZSqcodxNOpYhabvrXfr66mlOWlAuXQkND8lkg7OOWlUNlaFHRGeeYrHWgA4WQKHq5RAlcRCKt2%2FtGE0HDDsYIlwrVY2ZFBrAC58Bf2sFvHZFBhFwZCiuGxzDRngojGSLmgBK9r3bwj9UPA0qFaaycQhKhmd6eR%2Fj%2FWREQDx112g%3D%7Ctkp%3ABk9SR4jE6vjAZw,single,False,True
BMW F30 F31 LCI headlights both,BMW 3 SERIES F30 F31 PRE LCI BI XENON DRIVER RIGHT S HEADLIGHT 7259548,155.4,2026-03-12,Pre-owned,False,False,https://www.ebay.co.uk/itm/156152065124?_skw=BMW+F30+F31+LCI+headlights+both&itmmeta=01KR3RTM73MEG0VMRC6AN63SBD&hash=item245b636c64:g:bxgAAOSwqbNmDlvL&itmprp=enc%3AAQALAAABAGfYFPkwiKCW4ZNSs2u11xCj2gos8rk2BRh4L4lqmJfdrdOvx6HZlfb--IAOz2XNGRJRKTmYO0BYNXHFZVyHlWvl5v5ITCXZwDaQkGmHBwPlS6bq%2BufVzCRc3BeMZTNPnFe83Q5WhboQxAnLxQ3YE9CHnD0BGCkR3WKjHMYUzy5FD7kf1V6DmcRBcMuaOAdimc9VDr9mG91tKTmZqeiFemGnUVsgOh8JFYRD4zdR9eHR6RtFTO1hN6kYpUM%2B32Imm%2Fh2xLLRWNgAGM3Dw3apgilhNZNKMx4%2B2sh2oVhSkQxejsGlzvqFEWRjxGY2ON88buMa19LdCM8pUZ8Ah1BWmok%3D%7Ctkp%3ABk9SR4jE6vjAZw,single,False,True
BMW F30 F31 LCI headlights both,BMW 3 Series F30 F31 LCI LED Headlight Light Lamp 2015-19 Passenger 7419631 TYC,83.9,2026-04-25,Parts only,False,False,https://www.ebay.co.uk/itm/117156478940?_skw=BMW+F30+F31+LCI+headlights+both&itmmeta=01KR3RTM73E08JDG6P60Y7X8S7&hash=item1b4711ffdc:g:A9kAAeSwyJ5p6IKP&itmprp=enc%3AAQALAAABAGfYFPkwiKCW4ZNSs2u11xDiFPUA3d8QrNlrtYyH4kMe1kXL%2Bbm97VkfKed1me7RJq2%2FPbl6YVNFVP5WP5zYC%2FDxH9TsqdrEeKhs3Tulyt%2Fib3aeABB9aJbj26YHxG8Ccs64KDbvD0eezNnTUwfGZVHF%2BULOoYlJtu2SeCH%2F6JcIO25b0WYsh0FMKyX%2Fl9X6vLRNGbcrJ1BASQIlxR6DlL8YSGbxVwStYXbEMlgdxsMbQOivMLaHlwWKdPe%2Bsia%2FReHuqUqGYKvxZ44pwyp92XUyoBBv2OwVrAox%2BYouYnMKBomndwZ%2Fj1OwQhkz5KedwLDo136enFHPuRnmYQBZflg%3D%7Ctkp%3ABk9SR4jE6vjAZw,unclear,False,True
BMW F30 F31 LCI headlights both,new F30/F31 LED DRL Projector Xenon Headlights.,271.1,2026-04-04,Pre-owned,False,False,https://www.ebay.co.uk/itm/287235023258?_skw=BMW+F30+F31+LCI+headlights+both&itmmeta=01KR3RTM737TQXPX569K0FCK02&hash=item42e08aa19a:g:9msAAeSwqj5pxXea&itmprp=enc%3AAQALAAABAGfYFPkwiKCW4ZNSs2u11xB%2B6tr%2FxBOsWKvLwrEyn03wruQevIYHyfjcPIbqyUQ%2Fv6%2BJuUI644jv%2F1Zurem%2FinpYOcQE6yg3gbv%2BPucn%2FWGHzcrkpisxnLP2cOBiVJ9y%2FuDJIFH9enhSclXiabsd2da0G0ij6ieg%2F3Z6kIqlZSVFP9buxQ8Vs%2FvLLTE6Y8erFnV1OramULdLZqFKwSVFLxKPyFaeTmFzuEPJkNt2PQO00waXpNWD3Rahf%2FGCRd1UP%2FgtZtCUymD0cGAJ2AgxtuUWsh9ZwM2s7pDh9x3dlQf%2BcX6BNF0mgQmONQF8g0%2Bmeu8qphoXOuEi%2F0kRVllajGM%3D%7Ctkp%3ABk9SR4jE6vjAZw,unclear,True,True
BMW F30 F31 LCI headlights both,NEW! BMW 3er F30 F31 LCI OS RIGHT SIDE FULL LED HEADLIGHT 2015 - 2019 (For: BMW [F31]),999.0,2026-04-14,Brand new,False,False,https://www.ebay.co.uk/itm/188237813162?fits=Car+Make%3ABMW%7CPlat_Gen%3AF31&_skw=BMW+F30+F31+LCI+headlights+both&itmmeta=01KR3RTM73GGVZB1ZKSJ3JJVZ3&hash=item2bd3d915aa:g:HpIAAOSwbBxn~TxJ&itmprp=enc%3AAQALAAABAGfYFPkwiKCW4ZNSs2u11xBB%2Fv9BTEhog1WbG%2FSDEvCsXRBQ2zpMhLUoLeoXIgrVe3uhuY4BI0uczh9g3ykrdREhoWdqQHsF1oi6DjyRGbBSTDHp32jltcUaARuEgOh1EgrVi7ALPWmXTMUnsk4ZJEwONcG%2FnRl3HiLFzaxct1tfuFb7KDtt3YliBYK5wSpSwJJVLZCdhUnt%2FZcAk5FtZdJJ%2Fwa%2BQWxRNbrTKnR2F9q6wcw7k7KH080dflKpMhyeQo3WxSpAJi7GyjZA1fFZAVg7ukFrLUrnL8IT6l0E5%2BkksTi3wCjrYw4eMznCp0dK7QNHzewGcNpX%2BvoxOfglVIU%3D%7Ctkp%3ABk9SR4jE6vjAZw,single,True,True
BMW F30 F31 LCI headlights both,Genuine BMW 3 Series F30 F35 Passenger Headlight Left LCI LED 2013-2018,295.76,2026-02-12,New (other),False,False,https://www.ebay.co.uk/itm/168113204419?_skw=BMW+F30+F31+LCI+headlights+both&itmmeta=01KR3RTM73WB744DKSQF8VS18G&hash=item272453ecc3:g:WS8AAeSwO2Bpd8hP&itmprp=enc%3AAQALAAAA4GfYFPkwiKCW4ZNSs2u11xCEgLGGLfHbNZhtacpmR7Zg5e23ezL0iJsVsa7q72TcxsTrhaWvjKi7CNKcRp0wU9UD6lbN9BU5TXp19PXsLj0eeTBkMlh3315%2FUtMxUpF%2BYPYQ%2F5OPo45SDZQQrg1Ms38EANjq41Ga7RfbZJVqeMGNeqnzLdujKcOcm8W5q48KBK0feuQ9jCmOV5N7gCitcK5A88d3wkbKFk01xyaBRbhc7DkXoAzMfESFrKte3c7GAKExdZ%2BHvl%2BXFpy2qILuI1P1fMeDwRjAQsapUMz8qjt1%7Ctkp%3ABk9SR4jE6vjAZw,single,False,True
BMW F30 F31 LCI headlights both,"BMW 3 Series F30,f31 2018 Lci Left Side Shadow Edition Complete Headlight",486.1,2026-03-17,Pre-owned,False,False,https://www.ebay.co.uk/itm/117088080028?_skw=BMW+F30+F31+LCI+headlights+both&epid=18066615356&itmmeta=01KR3RTM73M7J9FKJGM6WJP06B&hash=item1b42fe509c:g:WUAAAeSwjlJptcs5&itmprp=enc%3AAQALAAABAGfYFPkwiKCW4ZNSs2u11xC9%2BWRj7Hs2DSt7kHtBLi7fi2p4NkG%2Bfieckfjrdq8xMkJFjhiZ%2FAufVwLRVvI%2FjlPYfA03mLGAy9nvtgooeyo0CfULfHGHVk7H7ijeT2R8JldxDixDkQu6ioa%2BJNqw7w1N92lBgPg4mbySOVJ6hXTsFIR9t4hXaNwI8M0QRcrRPPWYoaxG%2FwlkZsQOik2rORVxMbT%2BROpfl5ETtF28QPO7Tp30rJEa%2F4Fa1NGPYzVT6%2BQp99ObsTugtiFput5Vt%2B3EZ7T0qUHMu57zV%2FtEZSNHfyzv6Tdp03N2Xao5JAheu9nBadrbB2pQSs8O0KvJKyc%3D%7Ctkp%3ABk9SR4jE6vjAZw,pair,False,True
BMW F30 F31 LCI headlights both,BMW 3 Series F30 F31 Left Passenger Side Pre LCI Halogen Headlight 259 539,63.1,2026-03-07,Pre-owned,False,False,https://www.ebay.co.uk/itm/406735105435?_skw=BMW+F30+F31+LCI+headlights+both&itmmeta=01KR3RTM734FHBP5G3MGMZS7RH&hash=item5eb34d2d9b:g:joUAAeSwBf9ppyfD&itmprp=enc%3AAQALAAAA4GfYFPkwiKCW4ZNSs2u11xDxKSjASVjLKHcyW1QQ5cfnoldWk%2Fc6QcVtDmrhYdxtvQ6tTR3C7x7rjTO%2FbZRsjmAuB0XEoFGQVA6Qex1nbkF02f7tvsIpHb84p5%2FJdXXkdpoFJE3d%2FMFdyUi6UI4ypGb9xueBIOP6%2BxJXXWdzjkRfMkFOg11b0tQxy1ZiDkgBfHalh%2FxRcdE6n8szifNmUS%2BixAlCHKwj6nioCdalbz%2FShPOugk7OpFW7vThHUHLeI9kcFUvK5c8orVPo1BAZfVXG5N%2F2Q%2FvHrbbvF%2BY%2BzwFR%7Ctkp%3ABk9SR4jE6vjAZw,single,False,True
BMW F30 F31 LCI headlights both,BMW F30 F31 3 SERIES 13-18 LCI FACELIFT FULL LED DRIVER SIDE HEADLIGHT COMPLETE,450.0,2026-03-31,Pre-owned,False,False,https://www.ebay.co.uk/itm/227142642254?_skw=BMW+F30+F31+LCI+headlights+both&itmmeta=01KR3RTM736WGT0D3BDDK7986Z&hash=item34e2c1aa4e:g:L2UAAeSwrgtpSarl&itmprp=enc%3AAQALAAABAGfYFPkwiKCW4ZNSs2u11xBrbmy6eGY7GBIHH%2Bn0S7NP596ANscgMKHJ6HQnP6QX6n4pt0nXlSi%2BncbhSJbf0xD823Jz2YMtM5MqDRGe9fMkYdfGr6bsFHH8gRpjTwS2%2BglOqoCc8mXBho6o6yLZmvhWoZP07bX47KRTStgdAAV5fgKCX9A5qbUCsh41%2FjE76wHApfbqJHB9jOit7NKmvxZCJWElXjSed2mTdM0tRlVfb%2BMEp3BXFibuESPLBSZ29wwOqgLDo1D%2BbYzP%2FtmbSqIa40tqn3lykKB3W4ktnqjFV7%2FZL5VENS%2F1PTOK0Qda78iSf%2BCz2zIO4dR%2F6QVQNKQ%3D%7Ctkp%3ABk9SR4jE6vjAZw,pair,False,True
BMW F30 F31 LCI headlights both,BMW 3 Series F30 F31 LCI Headlight,291.9,2026-03-14,Brand new,False,False,https://www.ebay.co.uk/itm/317964127988?_skw=BMW+F30+F31+LCI+headlights+both&epid=2203271094&itmmeta=01KR3RTM73HSZQ2YV30CJFKMWH&hash=item4a08238ef4:g:6iwAAeSwJPJps~Gp&itmprp=enc%3AAQALAAAA4GfYFPkwiKCW4ZNSs2u11xDS77BAhkFRAjL7YMWFr4oo8YTbd9TdZsX8nKfCzwoUpwFkA65iY0nfua9wK2eGo2yEqRwdSvuksF2k9zTL5ofbHzXqlp2Fajg9fey7K36uzYzuP0mCM2G%2FPMeVFWPVXVJhx5zS72fDqwh0Vm8TUu1y3xgL930BFGVK0gu6hJx8b%2FXReopeZMJr6osl5iP7MonUcCmbbPom8SqVWENmFMSxDWnXL%2BKC3XvGfFgQm7oMoESI6fikq0aJDthyiwJ7kVvyTFTV3m%2FwvtkBkkAgwEgZ%7Ctkp%3ABk9SR4jE6vjAZw,unclear,False,True
BMW F30 F31 LCI headlights both,BMW 3 Series F30 F31 LCI LED Headlight Light Lamp 2015-18 N/S Passenger 7492611,300.0,2026-02-23,Pre-owned,False,False,https://www.ebay.co.uk/itm/168175917369?_skw=BMW+F30+F31+LCI+headlights+both&itmmeta=01KR3RTM73XTGY6KBT2J4FDQT0&hash=item272810d939:g:zikAAeSwvmdpjlZg&itmprp=enc%3AAQALAAAA4GfYFPkwiKCW4ZNSs2u11xD%2BhZ9aPdSil5kiv3IxeBKByQgxYoVRBxWNFAl%2BQ274uAfSSfIjJKZyRjhi0K5aesbxKcRhoWHjfgT9vLNtEW2eoJHisC2SgQ0t8YSQW7PDrU3PmAqPNN0ClLhD5%2Butu0lXgheUHHvJyVGpV6syrEV54O%2B%2FAgy6b4EIBhwmgvLFy5OPPZTgThINTPAO9HzGJ2knK4dKuDAjqe%2Fh99c%2B9Q0mQPRKLRlw8%2FbHdRRMGuIIf6ecj9ce6ffSYlaA5sKvf8ybNInKhfBZQXwhB%2FeDyPEA%7Ctkp%3ABk9SR4jE6vjAZw,single,False,True
BMW F30 F31 LCI headlights both,BMW 3 Series F30 F31 LCI Halogen Headlight Driver O/s Right 7365598,95.0,2026-03-24,Pre-owned,False,False,https://www.ebay.co.uk/itm/206162050662?_skw=BMW+F30+F31+LCI+headlights+both&epid=8007670353&itmmeta=01KR3RTM73DA8F6JG3P3FE8JGW&hash=item3000373e66:g:McQAAeSwzadpwbAw&itmprp=enc%3AAQALAAAA4GfYFPkwiKCW4ZNSs2u11xD1N6Sh7G04UHviAkM9Ezv6rCs%2BkKwgqD7yGJUzkLkhtoR9PASt8wjdPpOka0VDXbfke3xZz%2BOAyibSxWqRtIi9OJqM6%2FpIhjeJmzpn065DunkLjRiIkprXkbBlC6fat4KLIpigqNE5yxzKkNq134APQbANuw1VM5OyfMyLoXMz%2BojV3LmFX%2FJ%2B5kagM1MNIwrEdZnvqE6Pu3vee%2BLp7IPk99GhqxO4IWd0jiLtZIR194sKNclMPj8Nzi7wAe2IQu%2BNxpsHyk3K0napxDAMSDRb%7Ctkp%3ABk9SR4jE6vjAZw,single,False,True
BMW F30 F31 LCI headlights both,BMW 3 SERIES F30 F31 F80 LCI LED HEADLIGHT RIGHT/DRIVER/OFF SIDE GENUINE 7453484 (For: BMW [F31]),475.0,2026-04-27,Pre-owned,False,False,https://www.ebay.co.uk/itm/366167172145?fits=Car+Make%3ABMW%7CPlat_Gen%3AF31&_skw=BMW+F30+F31+LCI+headlights+both&epid=910723417&itmmeta=01KR3RTM73DZGY547RD88V9GVS&hash=item554143a431:g:eeIAAeSwIJ5pA0fK&itmprp=enc%3AAQALAAABAGfYFPkwiKCW4ZNSs2u11xB3%2F0yg%2BaNIEC4pKP2qzJm8BPx55r7BhEyCfXSGu6E5BXmLW5g7jGCW0qpjmG8%2FCf8KH20DWJaY%2FVMdidtN%2BcL8C9M5t6ewxVAMyuehx6PMb2q6EYq%2FiTZdYrVzBzlCXQ8SL3PbUZI%2BTX6Dk%2BxJeblvsA2SH3IjBWyDQ58g9LcHbqd71bpULXoYftLPHsAo0fYzyswQGT7u1oMi%2FMoZcLS8b62ciieLmPa%2FQFeSQsqSZKCOQ6ikEJ9iZG3anXY6zNO4nLnjn7MvBDIx%2B7iQPX1WHnTvdMT%2FKDfjGh5IQybGGRJ2dBP3IiS%2FwFlI0wPG9%2Fc%3D%7Ctkp%3ABk9SR4jE6vjAZw,single,False,True
BMW F30 F31 LCI headlights both,BMW 3 SERIES F30 F31 LCI PASSENGER SIDE LED HEADLIGHT 7377847 (26),669.7,2026-03-22,Pre-owned,False,False,https://www.ebay.co.uk/itm/286863082902?_skw=BMW+F30+F31+LCI+headlights+both&itmmeta=01KR3RTM73PJSZ08MXVC4BZK1P&hash=item42ca5f4596:g:izkAAeSwtvdo5PlM&itmprp=enc%3AAQALAAAA4GfYFPkwiKCW4ZNSs2u11xAxpHhHYRMHz1ExhyfxzJlKjQchEhcvBIvTi7t86QoY8SMOYaowFr806jYrV3l8Ejk7DPsL%2BwqyLZP81zxiFHRZuuoszPIGddQs9S3Cpk1tmvNc7vEoefxje3PJ4BCMnghhNFJ36JX8Yovcg7j8t4N%2FyXaBYKKKZTItOTJwZ9rzFOq4fi24xiS7NTFZTqGnaxluSCGdlq1eKbk9Jt8OfhGu4qLcWUYG4k3NJsKu4imaYP%2BiA%2FGjaMZrk%2BCHf7c5apt87tDNTVglMSfALFc9%2BoL2%7Ctkp%3ABk9SR4jE6vjAZw,single,False,True
BMW F30 F31 LCI headlights both,BMW 3 Series F30 F31 LCI LED Passenger Headlight Lens Replacement 2016-2019 LEFT (For: BMW [F31]),45.99,2026-02-11,Brand new,False,False,https://www.ebay.co.uk/itm/175381463211?fits=Car+Make%3ABMW%7CPlat_Gen%3AF31&_skw=BMW+F30+F31+LCI+headlights+both&itmmeta=01KR3RTM733GSAWBZY5SF8RK01&hash=item28d58cc0ab:g:OPcAAeSwrj9pgXq4&itmprp=enc%3AAQALAAABAGfYFPkwiKCW4ZNSs2u11xAlsEXSRKcyKbQL2q3oHSxgmIlYPKnJJxZ2o8Osi5SNS8XWq5aO2wc8ZI8JRjL8VERFyKBu0ntk%2FEIzNxeFrH9HLDxd9Fn3sEMOLEHgfCbVYgaVYszL5SBnveKYe2KAXJY6NMGKneL94k%2BwTyeEPUhyLtY1%2Bz1aFyjMFgrM%2BPm45bZBnt3vvZv0P7qtV%2F9MSuL8%2F4HMfnynpoXEHhIf1SZSAwrdjtml02O2opc2mK0vEYcMldwAQo18WO2eG2fYKCe%2BuIU5G8JqI8i6jt35e1GGgG3udNs4yqtVCzdci3sTN6BU76nHQuzjXYNPN0GIdG0%3D%7Ctkp%3ABk9SR4jE6vjAZw,single,False,True
BMW F30 F31 LCI headlights both,For BMW 3 SERIES F30 F31 12-15 PRE LCI O/S RIGHT DRIVER SIDE R XENON HEADLIGHT (For: BMW [F31]),249.0,2026-05-08,Pre-owned,False,False,https://www.ebay.co.uk/itm/318259966912?fits=Car+Make%3ABMW%7CPlat_Gen%3AF31&_skw=BMW+F30+F31+LCI+headlights+both&epid=15041386026&itmmeta=01KR3RTM733AX815PH5TQ1WACJ&hash=item4a19c5b3c0:g:6FIAAeSwhPFp4eWQ&itmprp=enc%3AAQALAAAA4GfYFPkwiKCW4ZNSs2u11xAFSnaQjIDBa0pb56mMerqXJzgUMxUJ4ZFpLl5EzcgFTbSNHTOmj5G0pG2IXxhe1l9XjWQHjnIyg4SH7aj9OflgVTrwyUtZN8hVtRSXUl7rYRhpO36P1qVEaKc9UhqQHNIQpUxhGq4Y2o31cIGY%2F6bJPcxh47yPec%2BKXel0fyvKGNoIb0w2IL4QqEdYtW7IqLl0VRj37BRfmZN5DMeMjoXUW2PwDMNwGTuXN2BObtl4iZGiGvmOyyPg%2Bfd1vexge7OBFP9GAiODivktS6QfeLL7%7Ctkp%3ABk9SR4jE6vjAZw,single,False,True
BMW F30 F31 LCI headlights both,BMW 3 Series F30 F31 LCI Halogen Headlight Passenger Left Side 7365597,199.99,2026-04-03,Pre-owned,False,False,https://www.ebay.co.uk/itm/157745148152?_skw=BMW+F30+F31+LCI+headlights+both&epid=10006040495&itmmeta=01KR3RTM738DKQBPER4Z4A6YZK&hash=item24ba57f0f8:g:vQIAAeSwtwtpspyV&itmprp=enc%3AAQALAAAA4GfYFPkwiKCW4ZNSs2u11xD09jl%2Bobip%2FJnVMkG5ok2%2BszzLIIcH6qgANownqN78VlB%2ByOoRvBQ2v2JmduOl4r2WotDngOYJcr2klMDWtdtfznqfSBkb03Tp2LH%2FsFOlUP4WWWiQkrXeVJSkvSldWq9ErXeVd%2BQQq2jP8brXXW2MPa%2FqZuvW27wsvdmH1vkPOWSj75rr%2F2edlShyz9adPg2sauALixguytQxCn8fCnzeZ%2FC8az1PoD6A1VOWklsL1OsRTb0rnpYOhyWVVIYXi90PGDDTomqEDRiXcMHrNpfx%7Ctkp%3ABk9SR4jE6vjAZw,single,False,True
BMW F30 F31 LCI headlights both,GENUINE BMW 3 SERIES F30 F31 LCI RIGHT DRIVER LED HEADLIGHT 7453484 2016-19,333.1,2026-03-21,Pre-owned,False,False,https://www.ebay.co.uk/itm/267607851242?_skw=BMW+F30+F31+LCI+headlights+both&epid=910723417&itmmeta=01KR3RTM73EKQKS6D0N389BWED&hash=item3e4eabc0ea:g:tm0AAeSw6lxptscU&itmprp=enc%3AAQALAAABAGfYFPkwiKCW4ZNSs2u11xBMpbfQ6%2F9x4x6HbVCfdbpd3FXdzMzP50zWeEZGfIZ%2BaLNOlWcZXuqho3jmdLACiDcN4jEk2MMsfdl%2Fdub8z3Ao4R7pfzFRgGmexuAeU%2FOtN2AK0iwN63PNTt7AMPXwewAJ9ZvVKN6EACb5VANgRsti%2BerqAWkbq5OB496ujJvRnUWOkgHHNRREb6eWVpL89a%2FZ3R3ha8MgWmH49ifrgpicWFE6jIjBdLY8QI3FZzXYnntGvrzDQUTP2l1ZYAsP%2Bkl1GgR7W0gCqOJbaqHrXRsGIQjjq3bBhM62N3uLmqG3VHk6MmexljgMuZGeOrY2deM%3D%7Ctkp%3ABk9SR4jE6vjAZw,single,False,True
BMW F30 F31 LCI headlights both,BMW 3 Series F30 F31 pre-LCI Bi Xenon Headlight Right OS 7338700 Complete,299.0,2026-03-07,Pre-owned,False,False,https://www.ebay.co.uk/itm/317949466055?_skw=BMW+F30+F31+LCI+headlights+both&epid=15041386026&itmmeta=01KR3RTM73JAYYBNCB1JWREMFH&hash=item4a0743d5c7:g:FD0AAeSwQvpppwDB&itmprp=enc%3AAQALAAABAGfYFPkwiKCW4ZNSs2u11xDae5OXaTJ0e6oMTYuj6BdM7TLon4xckRhrmsGb6rBQIKTyPb8ca8pjd9E1l87s%2BizrAi%2F3r6MMqCbE%2BelwV2q6H4G3yhorf4xbrdlGqbEha0jcMXvXTxTkL%2BQ8NqdW9HblpjSlRolXsm9XSnFxxPkclM9DQ5LwFxS970sSkqNcQB32fcPCscGO2--Hh%2BCYdEppiVyUgd8W5clmHqrVdQq%2BPSyiuhpbaJ2PF7WnCZGREzNIcEzBPXtRGmwtDBQyOENTtQ5JHNimgcz9aBn7%2FB7fM39cjitjITRlo53TuaHkK509aDk2q5go5SeCzVGogfg%3D%7Ctkp%3ABk9SR4jE6vjAZw,pair,False,True
BMW F30 F31 LCI headlights both,BMW 3 SERIES F30 F31 PASSENGER LEFT FRONT HEADLIGHT PRE LCI 7259539,89.1,2026-04-13,Pre-owned,False,False,https://www.ebay.co.uk/itm/157790718282?_skw=BMW+F30+F31+LCI+headlights+both&epid=838132545&itmmeta=01KR3RTM74W588Y0HV595MCRB8&hash=item24bd0f494a:g:IqAAAeSwJQ1pxoyM&itmprp=enc%3AAQALAAAA4GfYFPkwiKCW4ZNSs2u11xBGNBPHjooZoP5b%2BzxWFahxIhbWISuhWlw7gtzZjzm9lpb2chdBOg%2BVTRu%2Bfj5M59wMyUyMl%2BLnEf23V5wevXh5TfhPFyoEpRiqWLj7Nsn8MIJC%2FBCeBNjAZdYVfxcA2NfvoiVdnNio0bDmrgvwHPmZNlDjHWid7vtQp%2BIB4B4UPdAJqamTUNW4FFuihehnD2T8iKBx2R4rLqJ6oIMBCnVClBhnDCJYmNO3clDOXH6mjsSRnNUFCGJkyjmH7dHc9fGoYjWo3kG7xCM7nV6D7POH%7Ctkp%3ABk9SR4jE6vjAZw,single,False,True
BMW F30 F31 LCI headlights both,BMW 3 SERIES F30 F31 PRE LCI DRIVER SIDE RIGHT HALOGEN HEADLIGHT 7259540,69.99,2026-03-31,Pre-owned,False,False,https://www.ebay.co.uk/itm/227275542471?_skw=BMW+F30+F31+LCI+headlights+both&epid=2093198872&itmmeta=01KR3RTM74HSFT5G76K278B7NV&hash=item34eaad8fc7:g:W9UAAeSwmeNpqW6m&itmprp=enc%3AAQALAAAA4GfYFPkwiKCW4ZNSs2u11xAEEYTizSQaWIB7Cfdtvv61ZSuB6Dkb%2Byw28edwn5Mt2o%2FxxK5%2B2EdRVGlPiORaCFyHZtdZzUSkfKmZ%2Fpni1s6oTE4ux7m%2FIFtY27JQgqc4UP5XxATav4hHBkfIi26%2FcbYZ459Wa45nhKZZ373Ap4pgaypYkFon4LmPBTO79Da%2FigKnGazuA1KnZjA7o7DyrOXBf%2Ftv%2FbudURKyO45iBx3RiyacuOCj89IPTT7z%2B8DPErOIOigxB5quTtEjlZcKyd8GqfP5K3nZrZw%2BltWZtX79%7Ctkp%3ABk9SR4rE6vjAZw,single,False,True
BMW F30 F31 LCI headlights both,BMW 3 SERIES F30 F31 PRE LCI DRIVER RIGHT HALOGEN HEADLIGHT 12-15,69.99,2026-04-20,Pre-owned,False,False,https://www.ebay.co.uk/itm/157835240032?_skw=BMW+F30+F31+LCI+headlights+both&epid=2093198872&itmmeta=01KR3RTM74FRNMWS5RCVKTVR6Q&hash=item24bfb6a260:g:mvYAAeSw7kpp32cR&itmprp=enc%3AAQALAAAA4GfYFPkwiKCW4ZNSs2u11xDCs7YMpzx%2Bt9tRD%2BPN2nSmUeZjXv3JhZDTCSaQwmYtb7SaCvDDOUIhZMxyWUD858mnlLDZnAP%2FrnEVNk6xftezPU7CCbe9ToTQzaFGKJK9JqKpge7a2OCOlyxyGme77vf%2FXreCD3dH8ZYX2vRxKtpIIIonr3PSP3KRVnLv%2B4DckDpMIKDY2qeD9jP2f%2Bdmqbtygio6jYZ6WxSdoHXZEIc52w9v6PryySh%2BTi92RC47CcqSOk%2BJzJolnMmyBmwb8yExu%2F4QbCwAB6znqbGL922x%7Ctkp%3ABk9SR4rE6vjAZw,single,False,True
BMW F30 F31 LCI headlights both,BMW 3 SERIES F30 F31 F80 LCI LED HEADLIGHT RIGHT/DRIVER/OFF SIDE GENUINE 7498948,475.0,2026-04-30,New (other),False,False,https://www.ebay.co.uk/itm/306908216817?_skw=BMW+F30+F31+LCI+headlights+both&itmmeta=01KR3RTM74K4VCKEFM64SEF89D&hash=item477527bdf1:g:FyUAAeSwmH9p8ec4&itmprp=enc%3AAQALAAAA4GfYFPkwiKCW4ZNSs2u11xDe7RG22Qt08ratwaYlXJJXcyqlNOxZBoSaWrKpIHrg4z7iTc91Nd3v1b8kJ3yGnHjm%2BcKGOQXBdYNi0wjdVD11q1W6nPqLSjAPE8HdiovVgJDP8KUn2NP3Sbn95BUKycmyGvosuz0l0iAX6NtygrV8yzwI4ofgmyWeHL53MguJUhuJR6mIjZupabDvcBsDkz2%2Bcc5jrIJjWgLkMUcj1sM9cprC6QaYS6U7yqnN8e5LQOB9NlnFMb%2FZlPF%2FzYCsMABFKfr5%2BfRdzv25si9egNMm%7Ctkp%3ABk9SR4rE6vjAZw,single,False,True
BMW F30 F31 LCI headlights both,BMW 3 SERIES F30 F31 LCI PASSENGER SIDE NEAR SIDE HEADLIGHT 7365597 OEM,180.0,2026-03-18,Pre-owned,False,False,https://www.ebay.co.uk/itm/397732165355?_skw=BMW+F30+F31+LCI+headlights+both&itmmeta=01KR3RTM74G1T9KKT03HQ5WEM4&hash=item5c9aaf36eb:g:l5IAAeSwCXRpuwAm&itmprp=enc%3AAQALAAAA4GfYFPkwiKCW4ZNSs2u11xCGKjHnWIp54WzD5stdfe0uNcGaQqBDTAyLWIoiu0oPisabCj38RELkmXSFMzW%2BWcIrq2vK0ysQAgKqgDCq2TR%2BcjvCCsSYXm6Qn%2FUNZSZ9UXbLAUKf64viL4cjS%2BAKFnkDhQkf9Kxp85CFrhlwY6%2F9wBcJsvWzAQskN5U7WEFIQER5tdIjSBs%2BPqbDdts1EjW9sX%2FmttevMfzwVy2TSnUShqIK10ZzSh6BZgRAKN1VfaY6BJ72UP4zx24b3veFlunfhYuJPo0qzvi6D5k5t3xz%7Ctkp%3ABk9SR4rE6vjAZw,single,False,True
BMW F30 F31 LCI headlights both,BMW 3 SERIES F30 F31 PRE LCI XENON HEADLIGHT LEFT PASSENGER / NEAR SIDE 7259543,229.5,2026-02-24,Pre-owned,False,False,https://www.ebay.co.uk/itm/236595530826?_skw=BMW+F30+F31+LCI+headlights+both&epid=9014855692&itmmeta=01KR3RTM74VG73E3TMRQPJNHX5&hash=item3716314c4a:g:1zwAAeSw5itpcl5A&itmprp=enc%3AAQALAAABAGfYFPkwiKCW4ZNSs2u11xBy0UQdr0eFR7zfQiw0vyOt3%2B%2F6%2BUo5nfsL0lxONkZV59YRs3f%2FuGxwROkiRro77xp%2FmfvpAkT3MSPuoPTlqsZYamMzz4tGBtIh0RaYZdpZ35gFlGampCQPVbyn5iKFKFgkEmxPmejH9iDHmd0CRslC4zVtyNDi71GvwqNQ4lJr1fRbzhQMfeO3dHbLjH%2FheASEYcXDE1YNGa9nW8pYa63dWH5%2Feoy01rSgwBOx4sa0Gdf9FqK4S9g2kWfYUT%2FURPS9pK9D0xEP4KEM8QIZGi6xGZk%2FTLQXJU8JTk3awSZjSIwuvROcOD%2BOwaNQbr2GLX4%3D%7Ctkp%3ABk9SR4rE6vjAZw,single,False,True
BMW F30 F31 LCI headlights both,BMW 3 SERIES F30 F31 PRE LCI XENON LEFT SIDE HEADLIGHT 7259547 bm96,170.0,2026-03-27,Pre-owned,False,False,https://www.ebay.co.uk/itm/187238110479?_skw=BMW+F30+F31+LCI+headlights+both&itmmeta=01KR3RTM745Z0NDEWMYZRN03MQ&hash=item2b9842d50f:g:Dm8AAOSwCLVoLBp9&itmprp=enc%3AAQALAAAA4GfYFPkwiKCW4ZNSs2u11xASp7o3%2Bic1DxMTC2Tb6Uu4qzhZp8XiZGoQGoXXXrZgMJz9cC8iANOGD4rn6nU0oQ1d0ZIWrQcACUSCdK%2BeWNt1ivPnScvtQciyiLkfqj3GHoGNb00Cs3echCHBj6YSP3lIecTZWEdGqmaePoLY1tM77MCOoiTLU2Lg0vnwdxcrgQe3V6Nv%2BLquRQxAes4yDvejoM6zOIP7tH7zZGhoRgZ%2B0IcOcOeJbbe9NzjfKkQZ%2B%2BcUnrtN1VmppEEB%2B5bNMo9LxNndmrl5dPQf2J%2BVvlOT%7Ctkp%3ABk9SR4rE6vjAZw,single,False,True
BMW F30 F31 LCI headlights both,BMW 3 SERIES F30 F31 LCI 2015 TO 2019 DRIVER SIDE LED HEADLIGHT 7453484 DAMAGE,129.0,2026-02-20,Parts only,False,False,https://www.ebay.co.uk/itm/397480431960?_skw=BMW+F30+F31+LCI+headlights+both&epid=2235568319&itmmeta=01KR3RTM74HAFPNME9PG18R7H2&hash=item5c8bae1158:g:rSMAAeSweVlpVOY1&itmprp=enc%3AAQALAAAA4GfYFPkwiKCW4ZNSs2u11xCR--maT4vekqD4o9MeFdXUFTDFpJqEi8mVjh8lKf5eiRAjGlM%2BWl1wK7miYw7wScWIjacvjppGzHIw165P84iBdD094Bxb6CtuuPEyj790uPFDbgJpvQT%2BpUSLFlMbAK2nRDS23B%2BqTxJXmNpLEB1kzvgEN9u8aLrt2A6ofQdn2dJtmaJq2uVZIX1E%2F0R1jyUjFk2LLo4JrhTBrocQ9zyXOKRzt%2FY804hZdB7n1AJE%2FGxcZqRT%2BPaTjyRSs4q9Gi%2FMcZuO%2B1Ikg4GZNT0LetBP%7Ctkp%3ABk9SR4rE6vjAZw,single,False,True
BMW F30 F31 LCI headlights both,Genuine BMW 3 Series F30 F35 Driver Headlight Right LCI LED 2013-2018,280.0,2026-03-31,New (other),False,False,https://www.ebay.co.uk/itm/147081113248?_skw=BMW+F30+F31+LCI+headlights+both&itmmeta=01KR3RTM74DNYHWWE7GXCSNG55&hash=item223eb7aea0:g:ZO4AAeSwzqlpVGAe&itmprp=enc%3AAQALAAAA4GfYFPkwiKCW4ZNSs2u11xCD9%2FBy3unHpGv%2BZE8a3WQqkL1nCXgKEzI519txn%2BC6yAvh9NBQIuM44VR8hVEV0j%2BFd9vH29NU8URIeIBqNpzHDYY180ANop5B5EVdqtcWui9FTdHDrTDNNNKl3gfLX0nzmqLF90xIHun2RrnwcxLbTyJT47yW4c1mMrBAnWuMcEOm9VliP7H6QX7LkaIW3qfqxzsoEXs4kyKstbEtPfsNu8aJdzebEXLxtnv95iZc%2FZ1In6Ow5LkJL2iYnKCbcOf3IOqkwMlXcqoQPW2m1UOR%7Ctkp%3ABk9SR4rE6vjAZw,single,False,True
BMW F30 F31 LCI headlights both,Genuine OEM Hella BMW 3 Series F30 F31 LCI Halogen Headlight LED DRL Left 15-18,177.5,2026-05-08,Pre-owned,False,False,https://www.ebay.co.uk/itm/406877987465?_skw=BMW+F30+F31+LCI+headlights+both&epid=14016361240&itmmeta=01KR3RTM741GTA7WJNC3G0NBQD&hash=item5ebbd16289:g:erAAAeSwZK1p6L94&itmprp=enc%3AAQALAAAA4GfYFPkwiKCW4ZNSs2u11xADfuusMNQ7w%2FhOtcRENScPg5MOSSzUDv9Zt6SW4hczmu2zrje8IsrghkneuCMJtFn%2B9afCHkAA10oDRdOjR3XvuEFrmDt22lipmzq7LMVCVSeaTKImPd%2FF5yCr8mZsXdcZLNunkNTyLkX%2FmL4TImgadR5Zl7RlossRQn7MCDuBAOZMT5l7trc5N6NPXC7NUz0rt7p%2BRAEZ52kVT0JR9JKTfw34MfoPN%2Fh8Tvzgy6cgIgXQx9knygwbjXuV3Z1hLxe41%2BeJavRWpx7lsF6To%2B0P%7Ctkp%3ABk9SR4rE6vjAZw,single,False,True
BMW F30 F31 LCI headlights both,BMW 3 SERIES F30 F31 LCI FACELIFT FRONT LEFT HALOGEN HEADLIGHT 7365597,291.9,2026-02-27,Pre-owned,False,False,https://www.ebay.co.uk/itm/205889354167?_skw=BMW+F30+F31+LCI+headlights+both&itmmeta=01KR3RTM74WQH1K127C0XEPEC1&hash=item2feff639b7:g:Y3kAAeSwW3RpLfrl&itmprp=enc%3AAQALAAAA4GfYFPkwiKCW4ZNSs2u11xBFI0lI5ynz5sR%2BkwE8MoyYVVvKOucGET0LEtKVkqnGCDeTFnyO6hdckVT8reQcCAFbQWEciBhQTE3bBVkC%2BSdItRaQqMU5qbojM%2FTpilEZng47Uy3mcz%2Fqm%2BfDDE9d0IwOVlii9U%2FI4FtAR7ocRh2QfWM%2Ba3lVQfeTzz%2FJ1x%2Be4QZbwj2DecYIfBo4iw%2F7avRhdDKmf8VSxuQ%2B0eOHDfQDLbrwedkDAoFmpJL8nqwGDMnOYNxZSLy%2BrI0UFPhR73h%2FR5RDq2jIml%2B%2BXsnwuyRM%7Ctkp%3ABk9SR4rE6vjAZw,single,False,True
BMW F30 F31 LCI headlights both,BMW 3 Series F30 F31 LCI LED Headlight Light Lamp 2015-18 N/S Passenger 7492611,300.0,2026-02-20,Pre-owned,False,False,https://www.ebay.co.uk/itm/168155579009?_skw=BMW+F30+F31+LCI+headlights+both&itmmeta=01KR3RTM74P9TH0MTT1DTCAPEW&hash=item2726da8281:g:zikAAeSwvmdpjlZg&itmprp=enc%3AAQALAAABAGfYFPkwiKCW4ZNSs2u11xD6KsZvQGi0hf4y36EpykOFeX0VErdnKJzgbGppq96D7hfma9E%2FyD7ijwUpg2DHeFD4D7zNjb%2FqnCOo8%2BNge0g3iTuOUGnJzFihkEzF8%2BRJibgArt3nu7awhW8i8hTRh4K9MtbiJzRH49GgEAy2GWiDCws4DTi5ySde9ETpP2dh89Bu7GBEG3RfdHK2F%2BvntA5MmGdHlL5gpKbu%2B3dUvXjpOpFmvSGb4fT8EaTzkWspWWlENdy%2FD2hCatsOfFU9jv0f7xegSLBzo660FlFJBdue%2B8V8p1de%2FwC155z4O4kZs6%2Bj2XppbPCnV79gjIz6h90%3D%7Ctkp%3ABk9SR4rE6vjAZw,single,False,True
BMW F30 F31 LCI headlights both,BMW 3 SERIES F30 LCI OS DRIVERS RIGHT LED HEADLIGHT SHADOW EDITION 7492712,399.0,2026-03-26,Pre-owned,False,False,https://www.ebay.co.uk/itm/257394173142?_skw=BMW+F30+F31+LCI+headlights+both&itmmeta=01KR3RTM74PEXEANKRS7V0C3KT&hash=item3bede364d6:g:VU4AAeSwPqFpq10L&itmprp=enc%3AAQALAAABAGfYFPkwiKCW4ZNSs2u11xCdpo%2F%2BF6NBvZm1Sy%2FmvrUqKEGeo9qyIBtWSSdKm3naaN5gFveKnus3QEFZc7NGNn5H%2FnG7r3fBCj1Kk%2FE2UPHNfnjyKSlb0JQNYMlsVg%2FXdzqecft2Vg8i47%2FMqdLb1ju%2BbqtCYVjKuRXd5RavsBjdxXOMyrgUxv3eKAhxdjXEDJecTdYrFIq1CLipYfZDe5e9MoAIpGMt3yRtnEnN0T1X3%2BtZlMhx3uRuWP%2F8Ijzyba9DRutlh65UaNsjkfBH4FLuQ95c28JRki4pv4SUBlDwQ%2FMbf5DSgkqAyLEvB6mNWzO4tMyPXYIl3n1owinTf%2B8%3D%7Ctkp%3ABk9SR4rE6vjAZw,single,False,True
BMW F30 F31 LCI headlights both,BMW 3 SERIES XENON HEADLIGHT COMPLETE PRE LCI PASSENGER SIDE 7259543 F30 F31,429.99,2026-03-08,Pre-owned,False,False,https://www.ebay.co.uk/itm/327028552367?_skw=BMW+F30+F31+LCI+headlights+both&epid=9014855692&itmmeta=01KR3RTM742SBEGK64V3BH49W8&hash=item4c246bb2af:g:--sAAeSwR51ppw7E&itmprp=enc%3AAQALAAAA4GfYFPkwiKCW4ZNSs2u11xC2HNOxcotGqsZkQOuI%2FOyoF18SIrBZPYIXgjvKSHJ3xlCKbKHLDbpYSUht4MZ0%2FeMnRyGaeMr0iDsDjr9yRS0bz6nu9iWzbTeXONIWdJD3dBYExM5i881wk3aTPlWmuKSgOk2xCVysAAg16oeAWf5t0FQgRCNMcKItrcfyangjenpTxjXaqVnGY35%2BRSk9oor7wzeQJvAcEdgyyjseO8velz2yYN1HLxU0a2oe5e%2FC9xvEqWcmQn0wGATNOi0TMUQ8Xz1DdN9X%2FZ%2BmrQ7wK3b%2F%7Ctkp%3ABk9SR4rE6vjAZw,pair,False,True
BMW F30 F31 LCI headlights both,BMW 3 SERIES F30 F31 PRE LCI DRIVER RIGHT HALOGEN HEADLIGHT 7259540 12-15,89.1,2026-04-15,Pre-owned,False,False,https://www.ebay.co.uk/itm/157790545075?_skw=BMW+F30+F31+LCI+headlights+both&itmmeta=01KR3RTM746XK7VQ9XWQNM48CW&hash=item24bd0ca4b3:g:9WAAAeSwfbVpxnlt&itmprp=enc%3AAQALAAAA4GfYFPkwiKCW4ZNSs2u11xAZROIYMhlKsuIFxVVe5lVzUm1loJrEP0dPD8QCof7prn1vnQN7AxJ%2Bp%2BlitY31cCSCigaAMMgdE3CLvyt%2FglZSfYLFpU758BQ0fG0q9QCrbDvs2DsxHkK8FltsTnQgGfqptDAXV1STJRssYvzGbck%2BsfUHqK%2BQdpLqVkep9toPSs%2B4GWYaJYPCRg6wBG0gCBolcjpZ4mvLH0uUILWGyrcPWb4uZdB0Jgo7VZrvxv2zyhn8e%2BVhaLlYaBjLUQjzsMDhep5leyvcfs63oeSfbjJm%7Ctkp%3ABk9SR4rE6vjAZw,single,False,True
BMW F30 F31 LCI headlights both,Black LED Light Bar DRL headlights for BMW 3-Series F30/F31 Saloon/Touring 12-15 (For: BMW [F31]),449.95,2026-04-02,Brand new,False,False,https://www.ebay.co.uk/itm/374066766853?fits=Car+Make%3ABMW%7CPlat_Gen%3AF31&_skw=BMW+F30+F31+LCI+headlights+both&itmmeta=01KR3RTM74MA842KCKM2DFSA1N&hash=item57181de405:g:~3QAAeSwdj5pzF2P&itmprp=enc%3AAQALAAABAGfYFPkwiKCW4ZNSs2u11xArWWThCaghEVO2FLqOE3%2FuF6z2qmQTutf2i6V0JatbXykwqzNDJ2C7LdZcU57f1MYPGXlawq9iLWAT5ej4alDJJy0U7n4o0IF8MIymksbGeOv6P644bOt5bJ3wKiaXUfJtni0n3AljsdNwzSczUvqSy7yJ38yTp8VuOeHaKOgzt0zm6jw1aCfa9qC0DR4AHHyk8Ksw8WYFytX%2Fg3hcQPwFWvRCjOjo0FaF9Yx1GZFYnsvrd8w6BfHvfd090%2FERtNZEBMYw84qViNLjnFP0ljqBGru0GKdKo8alA6xa%2BLJ25jZlkJZsvgRAsVYBg7KngiY%3D%7Ctkp%3ABk9SR4rE6vjAZw,unclear,False,True
BMW F30 F31 LCI headlights both,Headlights For BMW F30 F31 2011-15 Xenon Black Light Bar DRL Daylight Running (For: BMW [F31]),499.99,2026-03-24,Brand new,False,False,https://www.ebay.co.uk/itm/406647420404?fits=Car+Make%3ABMW%7CPlat_Gen%3AF31&_skw=BMW+F30+F31+LCI+headlights+both&itmmeta=01KR3RTM74F3FMWPWSN21F76A8&hash=item5eae1335f4:g:fqIAAeSwrXFo2mf-&itmprp=enc%3AAQALAAAA4GfYFPkwiKCW4ZNSs2u11xB2wMbm5pSLmxLhE4zxqCbuMpViiG6NThb1HKN5p7cw4S86xLvde81X%2F20yo4cKgqUgHhcjrdUb2hjE8TewgaiG1FYVnVRDg2BX49vK5Zyhd1%2F%2BgfcQ9mjzvw0FQpdw%2BeYxeiwzh%2FR5c4WkSaKiRNsX%2BEY7dbKpD%2FJd0WhxXsfwbK0BXwIkEU6qAarkTErZM66%2FfJeFzK86IpdD7kkYevknU%2BVQc2QSl4VcMvyLuJm8I1fp%2Fk1Adz1cOB6t2i9HW%2Bavhcpzgis3%2BdNExSqLqBXy%7Ctkp%3ABk9SR4rE6vjAZw,unclear,False,True
BMW F30 F31 LCI headlights both,3X For BMW 3 Series F30 F31 LCI LED Headlight DRL Module Set 63117419610 7419610 (For: BMW [F31]),28.19,2026-05-02,Brand new,False,False,https://www.ebay.co.uk/itm/317774031982?fits=Car+Make%3ABMW%7CPlat_Gen%3AF31&_skw=BMW+F30+F31+LCI+headlights+both&itmmeta=01KR3RTM74FDZ1Y8DG4Q4JXAP7&hash=item49fcceec6e:g:VQkAAeSwyw5pa5Ku&itmprp=enc%3AAQALAAAA4GfYFPkwiKCW4ZNSs2u11xDx9NJUT%2Fkt5Ywptg1fDplnVrCpLr0cSyKod0KHYjgj%2FMZiTflZCXv0frpz51KcZWIzvbA9XA5Aeaw8Hkb9bCcjEIcwmP2i0%2BZ18ZN2vUjBOzsWIHqhihtxkGDzBmagedGpnw2K%2B76oqmesODx4Labn%2BzaDo%2BijU3TFDynWpF9gDMSMycw%2BjEY6GXzUdapt%2Baibnkyn54EN%2FUbmPWvkMDcKPwmi1CzsyaQjDUtCTAejBQsCjW%2F3CwudvbtcqvgQRPtAikgUWZOJ3lheNu%2BBf4sr%7Ctkp%3ABk9SR4rE6vjAZw,pair,False,True
BMW F30 F31 LCI headlights both,BMW F30 F31 LCI LED Headlight Wire Plug Headlamp Light Wiring 7453483 (For: BMW [F31]),14.95,2026-03-02,Pre-owned,False,False,https://www.ebay.co.uk/itm/276602764715?fits=Car+Make%3ABMW%7CPlat_Gen%3AF31&_skw=BMW+F30+F31+LCI+headlights+both&itmmeta=01KR3RTM756DZ28W7JH6GX1E3B&hash=item4066cf3dab:g:kBYAAOSwit1mxEfF&itmprp=enc%3AAQALAAAA4GfYFPkwiKCW4ZNSs2u11xDjyA%2FY%2BhZN9OFVJjm7mpE7yPOp0Kw%2FdqJMUcDefp0g4oBAsy9wIMmGsZazvSfFADgCn6q4xA1AOQGbYaBo%2Fg4hDfbyDfquGVrBlNC%2BY%2B8MkCZ0P4ZXv7gw%2B5n7i79TqBZHTtFoJcyp9nUuwnkyD%2FqrBHQGNCu1ePNurs0lBo0SC2sPeuDqQ9UFy9HHfH8XqSMj69GQj%2FNqduGreEpkBAwq3%2F247ob6BvC5QMUm0sXVSu0qyDrdnvjlMqYKTtF0BgnVc5Y5o6ObgVw0H44I0BJn%7Ctkp%3ABk9SR4rE6vjAZw,unclear,False,True
BMW F30 F31 LCI headlights both,BMW F30 F31 LCI Headlamp Headlight LED Lamp Light Front Right O/S 7471308 (For: BMW [F31]),499.99,2026-02-10,Pre-owned,False,False,https://www.ebay.co.uk/itm/316306274855?fits=Car+Make%3ABMW%7CPlat_Gen%3AF31&_skw=BMW+F30+F31+LCI+headlights+both&itmmeta=01KR3RTM75QG72NHYYEZZXMMXP&hash=item49a552ba27:g:9S0AAOSwrIZnsvr0&itmprp=enc%3AAQALAAAA4GfYFPkwiKCW4ZNSs2u11xCLjB0UihzyEQvciDjKCe%2FQt7UubVK7gyqgr2mgtUT8beLcXf4ezvcbS4QXXzSe6nb7I%2B0vBW1KRvBKrvt2TeWHs58%2BeGbi70NIfV%2Bt%2BcWkgbipJftB6TlXYvB1UIvcw%2FejXz78d0AhuLXZQ1k32r6Z5%2FekwR0o0ZPyJ9rv4qcSEp%2BZEYRiF9Bj1Tixkue1bokIaRzvr7JXavD1sNGBsousZ1PqSKGepqB%2BmLvU8CDcMUEb2Irh9lgQo28Gzr8MC7dgRtjvPnOMR%2FlbvWJZE2um%7Ctkp%3ABk9SR4rE6vjAZw,single,False,True
BMW F30 F31 LCI headlights both,BMW 3 SERIES F30 F31 PRE LCI COMPLETE LEFT SIDE HALOGEN HEADLIGHT 7259539,150.0,2026-02-21,Pre-owned,False,False,https://www.ebay.co.uk/itm/327005638482?_skw=BMW+F30+F31+LCI+headlights+both&itmmeta=01KR3RTM75CEQ1YN6F8Y464EHG&hash=item4c230e0f52:g:MsEAAeSw7RtplD8W&itmprp=enc%3AAQALAAAA4GfYFPkwiKCW4ZNSs2u11xCK5WEzG%2FezHws2OxhaP7AStWzx7VXXf2dE6Xke6v3702pJ5BPrS9WpKhprDT3MTig7c3OzmGFCFW74nROZwmlU9YPRU6%2BkM2U4OZ77lUfe%2BPxMhF27AsuT1aabRoltDK%2BavoVhaMZe67AyKQ%2FRC7QzPbjA1txnYbclntklkurQb6LVaYU7OpFeH9rkf5ggymaT%2BJAzpiP0OHy0D0E3gfNs6oj%2B90bSqbYt1UkTO2g9OLuITcZzMDOKiZn8E%2BcixMozw%2Bc1LRa0vsqCpOjfZACP%7Ctkp%3ABk9SR4rE6vjAZw,pair,False,True
BMW F30 F31 LCI headlights both,For 2016-2019 BMW 3 Series F30 F31 F80 LCI LED Headlight No AFS Left Passenger (For: BMW [F31]),358.8,2026-03-23,Brand new,False,False,https://www.ebay.co.uk/itm/389484946998?fits=Car+Make%3ABMW%7CPlat_Gen%3AF31&_skw=BMW+F30+F31+LCI+headlights+both&itmmeta=01KR3RTM75K1A10DAF124GFZPW&hash=item5aaf1ca636:g:LxoAAeSwNaJpZKbe&itmprp=enc%3AAQALAAAA4GfYFPkwiKCW4ZNSs2u11xCYcUGWS%2FGkV0ux9VUq4GPTnZwIqQIz8axZcgmatYcxWmxPwbZ1HiCohake4BJj8DYscYsioSKynFsA80Me%2FaiVZZnswoM0fl5DQkOWMkdEYOiWLTVtoaJC3onxPJ8PhhA4M5ovdzC6WUkfa%2B6wx1YAEMj9vHMaC4r5yXj7L5piLgVfBVAU0Q1TYjq30N0MfsZRD3xjgLbPSCBnYBCuanpBdz7Hf6mBBi5hI0drscknw63pou0QYt6dnp1BQ3g5vkXcAoxWadubfRqBcma6%2FMR6%7Ctkp%3ABk9SR4rE6vjAZw,single,False,True
BMW F30 F31 LCI headlights both,BMW 3 SERIES RIGHT DRIVER SIDE LED HEADLIGHT 2016 2019 F30 F31 LCI GENUINE 320,170.0,2026-04-16,Parts only,False,False,https://www.ebay.co.uk/itm/178028164751?_skw=BMW+F30+F31+LCI+headlights+both&epid=12023316024&itmmeta=01KR3RTM75WHJ0JG23HFZE91SB&hash=item29734e368f:g:T9gAAeSwHHhp0-0s&itmprp=enc%3AAQALAAABAGfYFPkwiKCW4ZNSs2u11xCrs%2FE%2FBdLZZE0owjWhGrNQRs4T7GHtvtgSEAMPh5mNJnLSnj4i1Rwdkjsf0He%2FfxBH%2Brx5OCizZZbcIS8XPaOG9PbUJmdYnFrA%2FX6KWJiGTonUGBvx7VbAhwmvbL%2FQ%2BIVoqhnHUwDWwFwPM9Z%2BgkideR3c5QtQ5mZxSxw%2FPvkA8o6i8VC1TzbwfeiHM0s1KHDwZUPctuGL3vKq2JiMqT%2F2lgHb%2Bnh5HaKXt96seez55itUtrLTk4nCMaxL5pJfhoxmr3E%2BAeMdI2O886ZGidA%2BbVzJFon9%2B76tBGNUIEIDxAtGXCgElemIdThLuKewr%2Bw%3D%7Ctkp%3ABk9SR4zE6vjAZw,single,False,True
BMW F30 F31 LCI headlights both,Red Angel Eyes DRL PCB For BMW F30 F31 LCI LED 2014-17 7419615 (For: BMW [F31]),40.25,2026-04-02,Brand new,False,False,https://www.ebay.co.uk/itm/306766169384?fits=Car+Make%3ABMW%7CPlat_Gen%3AF31&_skw=BMW+F30+F31+LCI+headlights+both&itmmeta=01KR3RTM75SJJT3AHX8PV3BT8S&hash=item476cb04528:g:S-EAAeSwhFFp0kii&itmprp=enc%3AAQALAAABAGfYFPkwiKCW4ZNSs2u11xC7US--LL0mVwAG0DN6I9sgwNnl8ORKustFoSWnNwcgEYxIqoMaK9GeT5%2B7MLR4p3i2hfEnVXDupdGXxRMb6CFaMlW8vPF%2Ba%2FDzCQNf3X8ZtCW2HnDKxeijoGSAdhJJbcLdZx1i3Xyok7xZ%2FrtkB%2BQGme%2FWCXpbCJtPwpagMp9GGJYhWmHQGbgF52BpjgVej6HhfPDt3JQ3eWQn0FoP23wFtPTFCNmcCM5yKvcYfnYadz%2FCeKWE%2FRQWOjbO--3JVUH6t2WajFT8fVeylUvJWTTaKzCA0A1RX6ldSDqtD%2F5bNg6Oq%2BaxCDuqAnPXhh6sYdA%3D%7Ctkp%3ABk9SR4zE6vjAZw,unclear,False,False
BMW F30 F31 LCI headlights both,BMW 3 SERIES PASSENGER SIDE LEFT HALOGEN HEADLIGHT F30 LCI 2012 2015 GENUINE,90.0,2026-03-06,Pre-owned,False,False,https://www.ebay.co.uk/itm/177788348724?_skw=BMW+F30+F31+LCI+headlights+both&epid=20026008376&itmmeta=01KR3RTM758DT93CY7VM5AZG7C&hash=item296502e934:g:m-UAAeSwPjVpaV5T&itmprp=enc%3AAQALAAABAGfYFPkwiKCW4ZNSs2u11xBiBOKYIHUISFVaoPT8q%2F730kjXhZsRfeszrfxeFfoNJ%2BssPINsz%2BfdwChtEV8OqTJVCw4ajUE%2BDhNtZYoCN3md%2BuDKEc%2FrgQZEzXKZbB1cTD23tPVc1OYx1uNJwypVkWtXMZpIvayvUYUqTXskg0bbo%2Fsyp4kMVqqOxmOLlTOt0Cf75ESK4TITCNTV2R2yRmiB7GP0MFCfPbAb%2Fgv8Ddh%2FhDDGo3gaL2SFv24y4aSnk8gfYcugDa%2FoyuSnm%2BdCoZ5t4igjKBHtcW0EH7nmCBN8camTtjDohv0Yw8WMnZbfChOhCblJ3CIqac7L5MYj8tY%3D%7Ctkp%3ABk9SR4zE6vjAZw,single,False,True
BMW F30 F31 LCI headlights both,BMW 3 SERIES F30 F31 PRE LCI DRIVER RIGHT HALOGEN HEADLIGHT 7259540 12-15,99.0,2026-04-30,Pre-owned,False,False,https://www.ebay.co.uk/itm/157790539396?_skw=BMW+F30+F31+LCI+headlights+both&itmmeta=01KR3RTM75NMYWMKHJJK8GAPGF&hash=item24bd0c8e84:g:QSEAAeSw3-dpxnhX&itmprp=enc%3AAQALAAAA4GfYFPkwiKCW4ZNSs2u11xBh0cIgGAZ5Dn705mwUI04vt20q4PvEpIww8tJqlNS7q7RcCLR5M5DoDXiIUGLjU6JoMmCyD%2FdNiOGagZwNWYsKWU1K17pLhaUVxWhcJzyL%2BO7ULit90QBRiYIRhA7RpjmVNlbrMydoW6EurqBnMPxKCWY4FXIdf4RLfbcwieQKmaBXITOBnsjQIwow8DUjv3Piv2M25oNKTlkAmY1WhKS29Tmwfkp4vz4o6YLa%2FgBfoJ4rPTM22NYJJC572HWsVeGUk6Kekq9AqiTEXMDlmZW%2B%7Ctkp%3ABk9SR4zE6vjAZw,single,False,True
BMW F30 F31 LCI headlights both,BMW 3 SERIES F30 F31 RIGHT DRIVER SIDE XENON HEADLIGHT 2012-2015 PRE LCI,370.0,2026-03-08,Pre-owned,False,False,https://www.ebay.co.uk/itm/406328652210?_skw=BMW+F30+F31+LCI+headlights+both&itmmeta=01KR3RTM75P5TJ5B5C6XY0NSPT&hash=item5e9b1331b2:g:jCAAAeSwNE9pAKnM&itmprp=enc%3AAQALAAABAGfYFPkwiKCW4ZNSs2u11xCgzkTFOFwbl0Q20JIxIy%2BwoW31itTBKdO2WmmFWLGlcUWcjJT395dLNkzE%2Fsmk%2Fj5aKGb3TAEc6V4xB5UctOTV%2BJXQ0M8Am1tfmUG0XCq3uUVmhQIdTcycWbtPiQc%2Br7SwiCL7p5e5HrzJUEr3FulESiB2DA3bPs8%2FIHjwX1xhFOJEcjpYKPtQOBY%2Ful%2BugyilIvLc2iD3nyDKxtLETw1fCxx8KFn%2BDx1%2FVliOV3f7ERb0JS6F%2BOCkzP1JPEUgk%2FLG0QIdY7YD8GFm4BnKWzbNjh%2BA9ixqM92ZiXqXSGNBJxMVodsgGDhxheAtTzDmaRY%3D%7Ctkp%3ABk9SR4zE6vjAZw,single,False,True
BMW F30 F31 LCI headlights both,GENUINE BMW 3 SERIES F30 F31 LCI 2015-2018 DRIVER SIDE LED HEADLIGHT P/N 7214798,345.0,2026-04-08,Pre-owned,False,False,https://www.ebay.co.uk/itm/298156961194?_skw=BMW+F30+F31+LCI+headlights+both&epid=11043420037&itmmeta=01KR3RTM75BJSHD9QHNGTY31DD&hash=item456b8a2daa:g:u34AAeSwvqRpwsnF&itmprp=enc%3AAQALAAABAGfYFPkwiKCW4ZNSs2u11xDQv4knE4e2zhYyfmOEy7qojfAhN%2FvgYj1pLm9c7LRw3I64X7a7I4r0Mfm5TvMWjIjEJC0KU5kj14%2FLXv1n904ZBnLeUSEeVBxA3HwMaacDWH4DhNPIiCQ5cwDZdmMf6I9d9g9wCpCRWd1DMoP5IWrplitlFXoMnggklQrOPjsY7yk2y%2FXVs%2F%2B2MbG1h%2FMvT3GNN%2FtttRa%2Fbs8agDPdKxm8rEEIR8wzLUCkNDSzwbjhOmcq33tnFlC%2FfQ4Hq45lVP9MI27U6VqleR7kgvQN3SFI1u7oJiz%2B2Prh2HVOTQG1%2FjdMPbIKEMEAk1UYBJhNWI8%3D%7Ctkp%3ABk9SR4zE6vjAZw,single,False,True
BMW F30 F31 LCI headlights both,For BMW F30 F31 Pre-LCI 3 Series Yellow DRL LED Board 2012 - 2015 63117398766 Uk (For: BMW [F31]),32.99,2026-04-30,Brand new,False,False,https://www.ebay.co.uk/itm/188029090294?fits=Car+Make%3ABMW%7CPlat_Gen%3AF31&_skw=BMW+F30+F31+LCI+headlights+both&itmmeta=01KR3RTM75DM37CRJJSPPQJQHV&hash=item2bc76839f6:g:zMoAAeSw-M9phNIW&itmprp=enc%3AAQALAAAA4GfYFPkwiKCW4ZNSs2u11xAP6bBDoV%2Fsk%2F5M4Dy0Opu%2BKUqFaSggYSf4YpRuHgWs0kFzITrUSIiTRdd2xxisSWLKIF4Vlvl6KclNlbaJzDsBEV9jmzs599B0tSaATl%2BuUdv936bHEu%2B5NtgDqz1JcqbofrmVsUfT9LR8eMkbYtRApzmjYDImLRewNw4SBrlnxUn75%2FSZOxTfOc275u2t826kv1zMgXxXgR4gVRF%2FqCvDwzWgtCU2Y5S2Upo3Q1MiqQaqH0XUHBpCvlTPYW00RY01ChPwc2EODfdYwfXCGHpi%7Ctkp%3ABk9SR4zE6vjAZw,unclear,False,False
BMW F30 F31 LCI headlights both,BMW 3 Series Headlight Passenger Left Halogen 12-15 F31 F30 F35 Pre LCI 7259539,50.0,2026-03-24,Pre-owned,False,False,https://www.ebay.co.uk/itm/397747421905?_skw=BMW+F30+F31+LCI+headlights+both&itmmeta=01KR3RTM75XR13HQYK2Q85N94C&hash=item5c9b9802d1:g:csQAAeSwO4lpwA3A&itmprp=enc%3AAQALAAAA4GfYFPkwiKCW4ZNSs2u11xBXPYU2ogT%2BQzXV8NmASG5nF2HJQ9U17EhgGvdHSnfCSq0ZuS36F2zwKRqxGxfkfkcni%2Bf6ysVa0vaQkSgAr0Ypw8Wnu3390kvtwk4OumRsfziBDXaKmgf%2FmtPekdtZbK588uHTBXZbnavuuzTb3lcHB4ncdZ%2FIS9nUEKdA3n29rd4fC4n5NcUz1%2BO7kvHN8g8FBW1ZTR2fpTWJdK6ed8s%2FzpcGw%2BcbpK74fVt0OmLyNJJSFxwNUa8YZUncbcwyEk%2Bw0ThLAMnVejRcDj7ubmMe%7Ctkp%3ABk9SR4zE6vjAZw,single,False,True
BMW F30 F31 LCI headlights both,BMW Genuine Headlight Headlamp LED Modules Set Fits F30 LCI F31 LCI 63117419615 (For: BMW [F31]),100.99,2026-03-26,Brand new,False,False,https://www.ebay.co.uk/itm/185591971478?fits=Car+Make%3ABMW%7CPlat_Gen%3AF31&_skw=BMW+F30+F31+LCI+headlights+both&epid=10056683322&itmmeta=01KR3RTM75YRCSNE5WVQ4GR9SY&hash=item2b3624be96:g:iw0AAOSwWvBk42~j&itmprp=enc%3AAQALAAABAGfYFPkwiKCW4ZNSs2u11xA1euuyj12515IyNCDvlkBo7WMsIJIlxSjrERnSFlNCL7I9srQH00KyDqJqf1H0cTx8Pat8lpGIuCvoJsMXvPdS%2FGL6S9MojrqSIp0YC7QvzrTvaD0BmNdmUxbaFOODr7njULP46RmoNAh01T%2BzjZ0HwwCfK%2BKV4cbSqGjR1HVKKYQSCyqZS8uDBwKedSl29RdWPmIOHRA9MlaPs2%2Ba8AojcseWZujzjQNmgnOh56gj%2BVrcd1dKcqfhehcOGm8eMO2YSm6Vd78PQ0OnNrwj5ffdYLKsev%2F6EZGyZmOp24xqvXwMXSpphu693gFjrMUrGds%3D%7Ctkp%3ABk9SR4zE6vjAZw,pair,False,True
BMW F30 F31 LCI headlights both,BMW 3 SERIES DRIVERS SIDE RIGHT HALOGEN HEADLIGHT F30 LCI 2012 2015 GENUINE,65.0,2026-03-14,Parts only,False,False,https://www.ebay.co.uk/itm/188151856355?_skw=BMW+F30+F31+LCI+headlights+both&epid=2093198872&itmmeta=01KR3RTM75E1P0KXZJR0F3Z60D&hash=item2bceb97ce3:g:YTMAAeSwYOVpsIx3&itmprp=enc%3AAQALAAAA4GfYFPkwiKCW4ZNSs2u11xBjwagRt0KTQueVrDIG0BpmN4s%2BiNYQGh%2FPAU0Vlbyvppk9pJWqFDU7UItWLzwH%2Fz9AkqgY72ZATRTtFFtEOjC5iydVlEbwGWGPl%2FKj1vyC5oiKJDCsAkBhrwY6SAVLXm2ZvGM8N4i%2FsBC9eS8rojsd6VYpQcboOTjgWOWcYr%2BKez7B9Ba2EcCzfoZSogXxKAQ%2BziAxzdKq7ZKx8nBhw%2B922KOhyeO9VjAvBb2v8DFU6ChfEcweS3g139noUPRAVBdU12S94p%2BtBi5bKXsQDMJi%7Ctkp%3ABk9SR4zE6vjAZw,single,False,True
BMW F30 F31 LCI headlights both,BMW 3 SERIES PASSENGER SIDE LEFT HALOGEN HEADLIGHT F30 LCI 2015 2018 GENUINE,155.0,2026-03-05,Pre-owned,False,False,https://www.ebay.co.uk/itm/177914210531?_skw=BMW+F30+F31+LCI+headlights+both&itmmeta=01KR3RTM754P13XNX8T20RW9Z1&hash=item296c8368e3:g:~n4AAeSwyZxpoMUQ&itmprp=enc%3AAQALAAAA4GfYFPkwiKCW4ZNSs2u11xCj7paxfHe3FpUOEvp2rP58yYuRFklmtDnh3Y9x22XWZ5pKA7tgq3DRKF%2FXfvTeHjKPoONJAc27bjduJukjFy26CrOtHH94tbd70f8DhCzxH5lm6emPyjuhV7I%2F6pa53Vj0ntTcmMhFWaPlGQB2oSc53kqHt%2FQR0Nm5f%2FmAOzIw42f7bZDALxr%2FwGHpOopU%2BY8SfJysb%2F8TI%2B2jPBAm0Q8HHx%2B0U1lOHbWnywBkqQYbc0AonAv%2F0wO%2BN7c92BSfG0tHE7MmCc2ayH%2BkCGnsA3I3%7Ctkp%3ABk9SR4zE6vjAZw,single,False,True
BMW F30 F31 LCI headlights both,BMW 3 SERIES DRIVERS SIDE RIGHT HALOGEN HEADLIGHT F30 LCI 2012 2015 GENUINE,69.0,2026-02-27,Parts only,False,False,https://www.ebay.co.uk/itm/188072053721?_skw=BMW+F30+F31+LCI+headlights+both&itmmeta=01KR3RTM75EJKVHDE1ABANAWVC&hash=item2bc9f7cbd9:g:RsEAAeSwmvdplX8C&itmprp=enc%3AAQALAAABAGfYFPkwiKCW4ZNSs2u11xB677Fl%2BNOYqKC%2Fey9ru7WecoaJkftnFD0iFT35pAgT1vvVM0rD2DHTbZ4lkzJQMCQY6nXriHuay4iZzzKhaP3m9sbqdxXfkHI%2BFZDeWSq04MOEA4aIXpD4rDc%2B3evUiZRibZFg3h3njaiKRHfMkyrkHO9U6Z7YD%2BUIBQ5RbkQ%2BwoUcQkaMSNDqDDnCUNtybnIPAynTrgGZ3DiMz8PCKPlJKAHQrquujLo%2BngW5amehKdxno43bm0HmsAo8HG4WM%2Bc%2FIzAeiDZ9nkIh4IFYRkmwcpciLvn6pvv1QthSCeEDLZQ7ZdE38EuH%2BKCICPXEoqg%3D%7Ctkp%3ABk9SR4zE6vjAZw,single,False,True
BMW F30 F31 LCI headlights both,BMW 3 SERIES F30 F31 2011-2015 FRONT HEADLAMP HEADLIGHT HALOGEN DRIVER RIGHT O/S (For: BMW [F31]),146.5,2026-05-07,Brand new,False,False,https://www.ebay.co.uk/itm/276354218825?fits=Car+Make%3ABMW%7CPlat_Gen%3AF31&_skw=BMW+F30+F31+LCI+headlights+both&epid=20026008376&itmmeta=01KR3RTM7525YAAS5MXNF6C235&hash=item4057febb49:g:ZJIAAOSwg~Nl3I~K&itmprp=enc%3AAQALAAAA4GfYFPkwiKCW4ZNSs2u11xDotHRT9fmWyHWMEGr3VH%2BiWr%2F9f5Y5%2BBvwd1e3qQc4LglwUxiZOtURhQAb8OBfCsg2eRaWwoFh7Oq5032WWDlfQdcBE5MmwnUVJjNd2FkawFYFlFiCZa3osy1GlU4uoaGdUDi6rsp4HuFDspDIz4MyHGLsjUwtQeycDhPXxaYy2T26Z0fTM02QyntYjVycIOdbZiMUB80orRNy86BpDU8U5m1kJKoqeappn4hJu5SV2o%2FHPGODHYtz8RjIM8je84FQ8iwVaKpM6B7aRa6EEGrG%7Ctkp%3ABk9SR4zE6vjAZw,single,False,True
BMW F30 F31 LCI headlights both,BMW 3 Series F30 F31 LCI LED Headlight Indicator Module LEFT 63117419619 7419619 (For: BMW [F31]),35.05,2026-04-28,Brand new,False,False,https://www.ebay.co.uk/itm/255700441135?fits=Car+Make%3ABMW%7CPlat_Gen%3AF31&_skw=BMW+F30+F31+LCI+headlights+both&itmmeta=01KR3RTM753RAQW1T7FX3K4Z5E&hash=item3b88ef182f:g:ygYAAeSwHbhpJIs-&itmprp=enc%3AAQALAAAA4GfYFPkwiKCW4ZNSs2u11xAUy5wdfWKVEbJRL7h%2Fbt%2F%2BIM%2Bk00Mke978uWEVZvNc4belpejwqGj5z3p9i2YdS%2FNYm1EWO5c7VP09IuRhIwgG7TIRh97rrwWQJUYzFKh%2BhptC1f5tpquzYwpnOb1nm7akPKN4LO%2ByMSrLxK5fcAoYYb3qROGYoFjxiDc9LJ7o0EkEjErR2%2BV0K%2BZAbV930%2FMXMBTzK8gzh0S5G%2BLVmsQ4NjS6HwN9RiYFGaLMVkQuAeZRgyCTicenVH3lcw%2BA%2BnLpqlDadMIdma5LNxMkSF%2Fm%7Ctkp%3ABk9SR4zE6vjAZw,single,False,True
BMW F30 F31 LCI headlights both,BMW 3 Series 2011 to 2018 Drivers Headlight F30 F31,199.99,2026-04-01,New (other),False,False,https://www.ebay.co.uk/itm/137127024962?_skw=BMW+F30+F31+LCI+headlights+both&itmmeta=01KR3RTM75KNP2MJH3RMPFWDBS&hash=item1fed685942:g:ehwAAeSwAHNps-lG&itmprp=enc%3AAQALAAABAGfYFPkwiKCW4ZNSs2u11xBmwgdUk1O%2BTnyGS7KFqNBNPNLGo%2BnV3sYv9jhSs4jxq6TZwDkMxp0c2D7LPO0dgfBkt2iQXxPHgX%2FYKBOcJvaVyYjsMfW4lFoIl%2BG7SV7d29pIn%2FQxztpjgHj2Wux5ke5Suby3UWlOG7PjIFzBD%2BpqOI3ymqNiTpNj6Y%2B7QfZB9DbGjdtxTYdNugY7qJ%2B1ITmgoyL87DS6vZz%2B3mozI7HEwAv6FwmvYZPpllqijT6mvHSdeJhil4raGL3IzPPY1rkXFkJudpYKo4GCZ9T%2FQpwDVEmNderPtHQ6cjR0z7HnZuKToM5FrDyAt3OJVnctcmg%3D%7Ctkp%3ABk9SR4zE6vjAZw,unclear,False,True
BMW F30 F31 LCI headlights both,LED Headlight BMW 3 Series F30 LCI 2015-2019 Daytime Running Lamp Passenger Left,369.95,2026-02-12,Brand new,False,False,https://www.ebay.co.uk/itm/386326313343?_skw=BMW+F30+F31+LCI+headlights+both&itmmeta=01KR3RTM76RK8MTGKCEFRBX1EX&hash=item59f2d7b97f:g:k6oAAOSwpzRlZ02k&itmprp=enc%3AAQALAAABAGfYFPkwiKCW4ZNSs2u11xBTncWyUugFgQ7Obi0MOV6gc%2Fbswyyo%2F9bKGB9Ta%2Furr04YMx12mzwKsRFySog40F%2FNtsVd%2FLm7eHfs12S%2FKAlWjJTND1OKugrfH1uSGevuYqUBMtSKzsmuM%2F6KPtiTLzYiPu%2BBnFRr6vomRuuHNlkdVLr4aCk9km9203tgtnPZDNR14bFc5UhYl2l17tcsePkuKeIEtXsSiUic%2FidtVqV8C4mIdEm1OFNP3%2F3nPBnGi8yg4zkJtdCuUYs0zvg91lu%2Bh82ro9kE5mD7lvV%2BLbHlYGycSYgrZCgy1wKe95nQr6hYgiDpsSOpwHWXfBS6yjQ%3D%7Ctkp%3ABk9SR4zE6vjAZw,single,False,True
BMW F30 F31 LCI headlights both,Headlight Full LED Headlamp Right For 2015-2019 BMW 3 Series F30 F31 63117419632 (For: BMW [F31]),177.0,2026-05-06,Brand new,False,False,https://www.ebay.co.uk/itm/196292931836?fits=Car+Make%3ABMW%7CPlat_Gen%3AF31&_skw=BMW+F30+F31+LCI+headlights+both&itmmeta=01KR3RTM76M6EYPKCCXP4X9T7X&hash=item2db3f870fc:g:XJkAAOSwq8Nm88RZ&itmprp=enc%3AAQALAAAA4GfYFPkwiKCW4ZNSs2u11xCHUN65OViyLEsjGnCnSPLlPnFf0WEr%2FQzhQAKOZOnDoG0PBBAjD8FWfEZGph7Dtn21g1KsAab6DTXIF1yTij63eP0YNZ2QzKe%2BCBtH%2FCPN0yKFkjogqJMcF95Wk4vsK7rZ8KMG8Rs8fvkQ%2BINkqR5%2BHlNETevukvFVBUOhq5efW1R3t3yPS%2Fa8eL6cHERdsuK716obEUJvua0yH2iGZB9eKxaYqNWAs66LUzSaxknLWVIl0FMVxcRjDT2rfMbfTfwhhV33Bk929NORe9lg4EU7%7Ctkp%3ABk9SR4zE6vjAZw,single,False,True
BMW F30 F31 LCI headlights both,BMW 3 SERIES F30 LCI PASSENGER LEFT LED HEADLIGHT 7471307 2015 TO 2019,349.0,2026-04-09,Pre-owned,False,False,https://www.ebay.co.uk/itm/298199828769?_skw=BMW+F30+F31+LCI+headlights+both&epid=8017933924&itmmeta=01KR3RTM76D1TC8YG23Y1RKEXE&hash=item456e184921:g:7C0AAeSw0SNp0-9o&itmprp=enc%3AAQALAAAA4GfYFPkwiKCW4ZNSs2u11xDfxBLOTtVHMKqouNE%2FDFXfrUJe0qTMl%2BrJqm9dTeNgg6wLK9epUbG0SxKnssBLsh6uSoQ0ZCaJ4dYoB7qa0S3J9q0NCMaaPo%2FtVCKFaHpTKWPWfF0Kj2VZq7SOcItbH%2FSsLY6eUi701HmIQT1EBFkH9KxnUCU72JFUsmo5IFAPCSqA%2FA2A3x46--KlGfDZv5swKdLwVifj9kiLYlCFPkdb8lzyCjPJhsJkeeqOBO6m9VIR868BCmmOPRVLjiDxNcnGMtiX2n18RZDRYfecWmyH%7Ctkp%3ABk9SR4zE6vjAZw,single,False,True
BMW F30 F31 LCI headlights both,BMW F30/F31 3 Series N/S Left Halogen Headlight #7259539,84.99,2026-04-14,Pre-owned,False,False,https://www.ebay.co.uk/itm/267618616091?_skw=BMW+F30+F31+LCI+headlights+both&itmmeta=01KR3RTM76MSEBVKF5H8TSWZNF&hash=item3e4f50031b:g:a6sAAeSwsSFpwrxR&itmprp=enc%3AAQALAAABAGfYFPkwiKCW4ZNSs2u11xA%2FTomjzVSoilVEyYslQxG%2FgATsrpMPQqiOcMzq6LGAYq6P2lh7r8Y%2F05%2F2voLnSEQdNPhiXanK%2B47mjVaaUvOTArASSP5fYr9MAClvEwRI4Jtc6t3NNy5tVWQgvz%2Bqr5Y8UoAf7ZwoW17OHphuNbmNkgeM82Iwu20sMSRbvi6TYuqkMLvGtfD8vUNRihBQPTz4IMTZ9NrmW6JxMBHAR5MnfowEJ1OTV5ABwjNh01Ml2OzJ%2BjPahcZpyCbCm1wGnhLzBxPuyZ%2F5EK0B8owprzCHW4AQpatOvLhZxMIo9Q8Ewuzm%2FMp8quGIbBNmdvQBvIE%3D%7Ctkp%3ABk9SR47E6vjAZw,single,False,True
BMW F30 F31 LCI headlights both,For 15-19 BMW 3 Series F30 F31 Headlamp Full LED RH Right Driver Side Offside (For: BMW [F31]),183.0,2026-04-21,Brand new,False,False,https://www.ebay.co.uk/itm/314152694079?fits=Car+Make%3ABMW%7CPlat_Gen%3AF31&_skw=BMW+F30+F31+LCI+headlights+both&itmmeta=01KR3RTM76JEPFFHR89737DVCD&hash=item4924f5b13f:g:O0QAAeSwxahp4a1X&itmprp=enc%3AAQALAAABAGfYFPkwiKCW4ZNSs2u11xA4pKhC1Fjf4%2BfA1WkM3hu7TgPufsDczu%2FN8hkmh5J0s5Pk6%2BZsGIG4M10qkxO6DDrKsF7JfDg8vLTr3NzF5taMeOn9GDBGSBKQl0L1UDT1jCFe%2BsIErdnKlAT%2BYshZ7lQPGnbLozaFLUARE13Mz0uY5jybVCeX2%2FiSA8IXPA%2Fg3hVPwoPpVS2X4DEPKA3M9X1HhjFj6Z3Yd1BLgSL8llVdAupODEyTw9ysz5AsNkJScSIpZHrn0pVfWuYOGohwwYlfwWjoOhrFk1cGRrHbA%2BXtGRWvOi5x32FcPbbxDzs8Y28cdDMWDHxneTUrL9yJpl0%3D%7Ctkp%3ABk9SR47E6vjAZw,single,False,True
BMW F30 F31 LCI headlights both,2X Front Headlight Bracket Left & Right Fit for BMW 3 4 Series F30 F31 F32 F33 (For: BMW [F31]),6.49,2026-05-07,Brand new,False,False,https://www.ebay.co.uk/itm/405210856343?fits=Car+Make%3ABMW%7CPlat_Gen%3AF31&_skw=BMW+F30+F31+LCI+headlights+both&itmmeta=01KR3RTM76KH04SSC173XY8V84&hash=item5e5872fb97:g:x9AAAOSwwRpl9~EQ&itmprp=enc%3AAQALAAAA4GfYFPkwiKCW4ZNSs2u11xAU4F9icBKi1SwtzafLxwmz3Uvbfjug2BnWktnP4boRSWinMaN4om9zoDX5h4DjO8NGfz4IPhe8t3YYQApX03sAGhX1BSs%2BqlIAbMFS46arPtX6%2BE9ngV5CKbADbfOfH2z3VQuMp%2FCEIGgssNuUg%2FJDT%2FPC25teJvhtDXiMQcX0XvaOHLORNFmUDVgsV0nvcddbtzLWT1Bre0nYSB2R1gGV1RWDblBcTXNuBu4pRpvhDIGdAkW3e5%2B1Wpzds0Q7KQ4e61qjMMiMPrMMwuplFOBL%7Ctkp%3ABk9SR47E6vjAZw,pair,False,True
BMW F30 F31 LCI headlights both,BMW F20 F21 F30 LCI Headlight Bracket Mount Support Right O/S 7245792 (For: BMW [F31]),29.95,2026-04-30,Pre-owned,False,False,https://www.ebay.co.uk/itm/265942660994?fits=Car+Make%3ABMW%7CPlat_Gen%3AF31&_skw=BMW+F30+F31+LCI+headlights+both&itmmeta=01KR3RTM76GVTS4CY798J44TEA&hash=item3deb6af782:g:FAwAAOSw0hZlAXU8&itmprp=enc%3AAQALAAABAGfYFPkwiKCW4ZNSs2u11xChWkPOkQwyqP1ot%2FvC5SkRxun0jyjP5qhDq9zRVn794oqC8VCLvFoYDGbqQyfO6YZMb6oULnYTZ6ao7L7aqMKK8z1QBpa7UDv7mBssa6k0QGabzmRXIJmsqorsLn54HlFmuZURH%2FqOlErHSyXRYD5udq7wngLhxKQCghpmu%2Ftyv52jMmvqu4pT9XIeiVOTYdbaiVIAwv8HzNIwHwe69pTA2hbKw94C%2Bag7h4zDoruwTS%2FZHP2aaxmYUSAcDrAIwJGknXigLmlM%2BGpCjxqtnwm62aT%2B%2FZs9vF3sylhh7gkGKLY2fUv2yPRsz5rzYSGPo6k%3D%7Ctkp%3ABk9SR47E6vjAZw,single,False,True
BMW F30 F31 LCI headlights both,Bmw 3 Series F30 F31 Headlight Headlamp Right Side 2012-2015 63117259540 (For: BMW [F31]),137.7,2026-02-10,Pre-owned,False,False,https://www.ebay.co.uk/itm/117027825131?fits=Car+Make%3ABMW%7CPlat_Gen%3AF31&_skw=BMW+F30+F31+LCI+headlights+both&itmmeta=01KR3RTM76BYXVBFZSFB7VX1AC&hash=item1b3f66e5eb:g:OxIAAeSw~gBpia6m&itmprp=enc%3AAQALAAABAGfYFPkwiKCW4ZNSs2u11xBh2VzRUKMW4%2F%2BUaKBlL%2BAxaHpo89At7av3n%2FI5vu9p0tJMSEsGzjM%2BgOOniOQ3Z6ON4oshLS0Y%2FFJdj8V30Md3te1OMfsdDPc5vVFyfV%2FJ7kLUnJLVqvtZPcAF7%2B7piCBT67ir4XtMe7JPtrvixCW6rytnWCQHuG1etAvjNpZoiMCbel6zoZOC5XCW78c4%2FPQLg4AyJoVayiIVwRalossdExTg7Z8hwumPfS80h3sDzkSHUnKQdr%2F4GbvAoOFQYVUqJ8akkHRPOv1AMDaa2QBoEfqNcKQGCeNT6uxloZ2oZ3DPbp4%2BjU5e19ZRPNqeE5c%3D%7Ctkp%3ABk9SR47E6vjAZw,single,False,True
BMW F30 F31 LCI headlights both,BMW 3 SERIES F30 F31 COMPLETE LED HEADLIGHT RIGHT DRIVER SIDE OFFSIDE 2017,449.99,2026-05-08,Pre-owned,False,False,https://www.ebay.co.uk/itm/277967298693?_skw=BMW+F30+F31+LCI+headlights+both&itmmeta=01KR3RTM76MQPTXT7S2A03YMXJ&hash=item40b8246085:g:KEUAAeSwuzJp~Pva&itmprp=enc%3AAQALAAAA4GfYFPkwiKCW4ZNSs2u11xA%2FgXcJCtVgW%2BdkaoAmz%2B9j5fgupI%2B%2BH1mrYB5jzwseO%2BGS2dZFLiKgok%2BwYqoJ3BpWudylJmAbeYYbgOenJF2nByfNUkpz16Vmp0vYXMjOB6EmGFiJvrpG1nbEsDXRoLwP%2BwpRHFnANSKO0oAe7PYBqrhn90i8UIClF50SsuNO89UKGkhvbfOOXoru2adBS%2BdK641EJmEuX2xrNGV0KrpHB1mVCDYubtKh0kLy%2Fhdd%2BXnulBnmqbX8%2BaZtU7AO86nHgZiW39o1SOmRxaQWpzEr%7Ctkp%3ABk9SR47E6vjAZw,pair,False,True
BMW F30 F31 LCI headlights both,Yellow Angel Eye Drl Led Boards Kit For Bmw 3 Series F30 F31 Lci 2015-2018 6Pcs (For: BMW [F31]),36.99,2026-04-24,Brand new,False,False,https://www.ebay.co.uk/itm/127651385815?fits=Car+Make%3ABMW%7CPlat_Gen%3AF31&_skw=BMW+F30+F31+LCI+headlights+both&itmmeta=01KR3RTM76NK0SZ4VA7PNRPFS0&hash=item1db89d91d7:g:ofUAAeSwnM1pemyE&itmprp=enc%3AAQALAAABAGfYFPkwiKCW4ZNSs2u11xCfk0fBaVuDDhjm53USlJnatm806KSxpK8NGH29p8%2BjKv4pEzb%2FzHWni6h%2F6zlLZgfjAasPRzqXFHq%2FRt%2BvKQg3m0vnV9t35tkNaJs02VRLwI0Lke9pZx9w2JbnfbGupS7hIlK7d43ModUt64e0xJKuJcHmA6WBNG9wesBLWJ%2FHAYsL%2BzPFO7Ezlc8vI1hN9l7Y%2BcXmRazvvL7pvwwRMuu%2F2CL5P0zEzSz7cAw9A1PTO1jP1T6obYGJf0ksjmJ%2FybkMUSV3Pckn9XPJAL8kCDLumswAfzpqdcsJUoliV2wZs3XYQFXdOtBqlyz1Wvbsl9o%3D%7Ctkp%3ABk9SR47E6vjAZw,unclear,False,False
BMW F30 F31 LCI headlights both,BMW 3 Series F30 F31 LCI Left Passenger Side C LED Headlight 749894701 Damaged,104.7,2026-04-16,Parts only,False,False,https://www.ebay.co.uk/itm/137196831952?_skw=BMW+F30+F31+LCI+headlights+both&itmmeta=01KR3RTM76VZVJ9KMDAT62V2QA&hash=item1ff19184d0:g:WvIAAeSwZLZp0Syt&itmprp=enc%3AAQALAAABAGfYFPkwiKCW4ZNSs2u11xDyGBpWafQG68icnOOOvA6B6bAPPPQ4B66tLYGmKHBo2yjZfP0qY%2Fg91PSYd0ct35BnvWnS4BCKnE%2FKoTvwKWxqt1cOzsGNUUQ1DzM20YNfcw%2Bv2AmRRtmA3Pfsub4pjBnUTJjRo2G0YtJLcaR7VhrGqFUz1QsKXXVHEUGpIpmB%2FelDKq0Fwk5LR0JuK%2BJ%2BWRSJh0bNSV4p%2BwX7DSpSmtTwtCczRg8didYaF%2FQ53C%2FzPBj%2BYjOnq5jJI6Md2CJgMrzQwepq%2F3ki%2BQobtHyVAjath9rjran6BBCuwVoUy1mUVvMfB3OaktOiq%2BEQ8YUrT9M%3D%7Ctkp%3ABk9SR47E6vjAZw,single,False,True
BMW F30 F31 LCI headlights both,BMW 15-19 3 SERIES F30 F31 LCI LED DRIVER SIDE HEADLIGHT - Seal Damaged,104.7,2026-03-28,Pre-owned,False,False,https://www.ebay.co.uk/itm/156312893931?_skw=BMW+F30+F31+LCI+headlights+both&itmmeta=01KR3RTM76FYT4VH46HEGBJP75&hash=item2464f979eb:g:vF4AAOSwZotmm31V&itmprp=enc%3AAQALAAAA4GfYFPkwiKCW4ZNSs2u11xCLPdR7u%2Bz4lg7PekeRx1Nkwf7JcJuzPpMKrGtkzuuGRLbwBDEPUTKpeItQe%2Bk6SUfCnUzOF7tlD6o0tH8jZL5f4JEasaOAVbRnh3u7DdDiJ85eu05Y14YQFA%2B%2Bhd7NkgDf2lhPmIwVxbx1HYCT1CID2P67f%2FuR84Qk%2BIDywClkMMYU35b5VTxxM2OjeBseMrRXAnqw7HHcKcn4hhy8WKSTYZ0mXqozxGaWL8dYiSLs7Yq5A80E8U1qp9kMP2ban6GKXgJg9h7PRx4W7L6I8rRI%7Ctkp%3ABk9SR47E6vjAZw,single,False,True
BMW F30 F31 LCI headlights both,BMW 3 SERIES F30 F31 F80 LCI SHADOW EDTION LED HEADLIGHT RIGHT SIDE GENUINE OEM (For: BMW [F31]),475.0,2026-05-03,Pre-owned,False,False,https://www.ebay.co.uk/itm/366167172147?fits=Car+Make%3ABMW%7CPlat_Gen%3AF31&_skw=BMW+F30+F31+LCI+headlights+both&itmmeta=01KR3RTM77EMJJEVPN3XF9X3EG&hash=item554143a433:g:W-0AAeSwMDlpCCrH&itmprp=enc%3AAQALAAABAGfYFPkwiKCW4ZNSs2u11xCDlugaZ%2BNib%2FbQzbBs2SB9ge%2FvR4DPiK%2FVqfaKvAYUZpAgS8mDFMuqtGUIPMCbAbFTDlVL2NI9AV5P4ZBT%2BhyU0C92suf2kjN11fMGUexNtyLnzmCf7lSCeAVi%2B36P57g2oxp0koy3fFIyUPy9CFVCX6YR94fNbL8mHOvEZl8WhDl7T3rWEYlywv%2Bu%2BgIXXc4iZJNKA1E7T10c72bGtP3lZ4i8Q2Gg0m1CExb1KhwD6tF3ppjgxKB%2BS07pT73%2BGKDZ%2B9bkGukrizrsCWMV5EPhb%2FwimTcNyHonAs4WwREAlzUpSXYPeca7AxxAo7IRZq0%3D%7Ctkp%3ABk9SR47E6vjAZw,single,False,True
BMW F30 F31 LCI headlights both,BMW 3 SERIES F30 F31 F80 2014-2019 LCI LED HEADLIGHT RIGHT/OFF SIDE GENUINE OEM (For: BMW [F31]),475.0,2026-02-22,Pre-owned,False,False,https://www.ebay.co.uk/itm/366167172141?fits=Car+Make%3ABMW%7CPlat_Gen%3AF31&_skw=BMW+F30+F31+LCI+headlights+both&itmmeta=01KR3RTM77H79ZE8GWJX82SVKY&hash=item554143a42d:g:eeIAAeSwIJ5pA0fK&itmprp=enc%3AAQALAAABAGfYFPkwiKCW4ZNSs2u11xAgAisaV%2FKqHn5kiIJz47y8S4sJfmViOSLSK42JulHYTkF1q%2B%2BtJQrcdRpUEpUcdN7XL8ijT5EBtVsZDPYwZHx04EfBbe%2FW%2BLmX%2Fu6zyK9NUgcqHN2vurgOs6fucG05%2B4WH2WJY47goJcd4OD1Q0JFCg27m1GH74rCc2CpvcvfqdfhGE0JQP1XldYKUwoh7YwXzBG37EmT0QyGKZeBvhDnNSkB3CubYJr9GMSkRUtp8eiiV26udWU8ugeui%2B7SCCa6TT01uR5MCg5dnTF314%2Fl2qCG9rKWjU%2F2nOCfaJxoknGgnItfoa1A4Ek7Fd%2BX48Vs%3D%7Ctkp%3ABk9SR47E6vjAZw,single,False,True
BMW F30 F31 LCI headlights both,BMW 3 Series F30 LCI 15-on Headlight LED Driver Side Genuine. U10,271.1,2026-04-06,Pre-owned,False,False,https://www.ebay.co.uk/itm/298044897070?_skw=BMW+F30+F31+LCI+headlights+both&itmmeta=01KR3RTM777KX433FV4Z8N16AS&hash=item4564dc372e:g:VAEAAeSwws5pliRO&itmprp=enc%3AAQALAAABAGfYFPkwiKCW4ZNSs2u11xBoffaSuwDs8q6l3ngmH9Ohydsdp%2FG71IOLZAWwplyYp29rFeS9MuYgM2pMpwsAWXzFzvIqCo9hloEShwi9ZMqfrPE93ulvh88ThFCLm2W1tNMHlYtF8DwsdoCPsGyzUTtpqMxynB5Qp5SjL5OtTCBQUft0IMoGTqa02dGjp7TE4lQs4KN8%2FA%2Fq%2B5ZuZXPST4YZthhcqCgpQ8M89FzWc18TBbHpQXrwQVU26miyVrKAFUahScTRlkGOJvy99agccLzEYpmIQZJ8WSJTHs3IKhGn3KArRlqiSMw71j9svBpTNT6xRxueXYHbMwgMVoWdSFQ%3D%7Ctkp%3ABk9SR47E6vjAZw,single,False,True
BMW F30 F31 LCI headlights both,BMW 3 SERIES F30 F31 LCI LED HEADLIGHT LEFT/PASSENGER/NEAR SIDE GENUINE 7471307 (For: BMW [F31]),475.0,2026-04-20,Pre-owned,False,False,https://www.ebay.co.uk/itm/366167172049?fits=Car+Make%3ABMW%7CPlat_Gen%3AF31&_skw=BMW+F30+F31+LCI+headlights+both&itmmeta=01KR3RTM77X7ST04317YK7T3VR&hash=item554143a3d1:g:csgAAeSwAEFpA0Ow&itmprp=enc%3AAQALAAABAGfYFPkwiKCW4ZNSs2u11xBWjyHeTkWw%2B2Zr7AR3ozUTbsKcbyp4OH6Gy2TdFbmx1MZf%2FpFedg0u5PgXj421Nzc4ohDvtQyL8R%2B0tjLLYwCjFxqqRzvrJExqKbgzvtTOuH7O3i5lLkdvKkQpxePYiupCFThCPGSNob6%2Fsmft%2BQvhJpMooi7giZev%2F2HZ%2FOnZkcvgCiNOWHCdxgH%2BZVsbmkrp5q4MCRu357sgrcplKvdVLIyo4iW%2BXgq6A7PULk8vOtqQZEyxHHuSFuoCN7roURiz9jP8UAtslRgqf2vcNfYYKq9jHzZKPIqB5i74X8BxQu30Q0BhZ30qS6r8ENurZS0%3D%7Ctkp%3ABk9SR47E6vjAZw,single,False,True
BMW F30 F31 LCI headlights both,BMW 3 Series F30 & F31 2011-2015 Headlight Headlamp Drivers Side Offside Right (For: BMW [F31]),146.45,2026-05-01,Brand new,False,False,https://www.ebay.co.uk/itm/375673895045?fits=Car+Make%3ABMW%7CPlat_Gen%3AF31&_skw=BMW+F30+F31+LCI+headlights+both&itmmeta=01KR3RTM77ABKMPYXQF4FSK7BB&hash=item5777e8b885:g:0JcAAOSwinhm9UtQ&itmprp=enc%3AAQALAAAA4GfYFPkwiKCW4ZNSs2u11xAwhshN0%2FjLM%2BRdMvMYgQyKRGiLz6SCgd9lRb5tHDS8GIW2M7qzJykOQdtRkJzEja3d97sh1zlvDSKFytH6uQa4YS9K%2Bz8WpXjXWwKHlVe3EmUHeu8GrCqpRznGlQ1SqJfIbu%2FUKaAY3wYl%2B8SlDAOdk8I1t1DsheKZmWEXPy0jNNLR%2B53vOFcVVplBmD9dYzyehVxGul4Aj5k3eyRhHQr--Kr%2B87vWhJR7iZqBVicvR9IEFOP0lBs0ySHxxpuHTBdM1EUWY4SgCGJnBDsdR3s7%7Ctkp%3ABk9SR47E6vjAZw,single,False,True
BMW F30 F31 LCI headlights both,BMW 3 SERIES F30 F31 BLACK LED DRL PROJECTOR ANGEL EYES HEADLIGHTS LAMP SET (For: BMW [F31]),444.99,2026-04-24,Brand new,False,False,https://www.ebay.co.uk/itm/285551545822?fits=Car+Make%3ABMW%7CPlat_Gen%3AF31&_skw=BMW+F30+F31+LCI+headlights+both&itmmeta=01KR3RTM77WNJD7Y1GH4J4CF0A&hash=item427c32cdde:g:qB8AAOSwLRNlTQ6L&itmprp=enc%3AAQALAAABAGfYFPkwiKCW4ZNSs2u11xAfFQkniKx%2BbvD8VgkST5Ge4SrX4qqSkH8oyYYWfrwEzY9xG3Hf6wt4TNrAjmAq6mv138xCgdvK7k3TfQu8kfNU2VGXewu65%2FpEGjt0GJLPjhEVTxo7I%2FjbHy0cX%2FEwLDcrSyEjJ%2BzlpFXvwnIyTfp%2FVHTa%2F%2Bss1d7G%2FOVwaHxP7UH6q%2BaJA78E8V7fxDp6%2Bugj4N1e90nAuj3I%2Be2I%2FGGNTJj1z71X8zC3xVkmEg0zuz3aykkhI0%2Bh2a2ck1NmM0xet1K4jwKxADw7LO2d7OiGsIiGDFi1aFC9SHXNQNx7bkK%2Fr%2FBvAnLyytfkFbvsZik%3D%7Ctkp%3ABk9SR47E6vjAZw,pair,False,True
BMW F30 F31 LCI headlights both,BMW 3 SERIES F30 F31 F80 LCI SHADOW EDITION LED HEADLIGHT LEFT SIDE OEM 8492471 (For: BMW [F31]),475.0,2026-03-05,Pre-owned,False,False,https://www.ebay.co.uk/itm/366167172143?fits=Car+Make%3ABMW%7CPlat_Gen%3AF31&_skw=BMW+F30+F31+LCI+headlights+both&itmmeta=01KR3RTM77P8FNBX38CW00GFGQ&hash=item554143a42f:g:K0kAAeSwjPVpCCOl&itmprp=enc%3AAQALAAABAGfYFPkwiKCW4ZNSs2u11xAHShbqF%2BgA7s9ee5xt0RyEPXWJqym8tHJQx%2BljbJEyjwmx4IFXWxMo9ClCOz72CCNxZVtvayewhnq1Vqz3YME%2Bdtx8x3WgGuA5pQv1Cy0sAaJkdutONApHEyLiDnIbrDP%2Fy2rOLNTWF3aw28o5d2sh88R3AXgTW%2FY8csK6GihzS9TKOObQTLwByLbaq0iHFFImghoMnDdNxtJTHmLUDSpncbkubh6RGWu%2B1%2B5NYbg7MzexcFz1NJrhVsEYbSVxCwT4Cj7a5ApUqTNxMHuyFk1wEi58CATI228T%2BA5W%2Ffw4mOmOTx50fhPjEuE8tiz6RT4%3D%7Ctkp%3ABk9SR47E6vjAZw,single,False,True
BMW F30 F31 LCI headlights both,BMW 3 Series F30 F31 LCI LED Headlight DRL Modules Set 63117419610 7419610 (For: BMW [F31]),40.07,2026-04-29,Brand new,False,False,https://www.ebay.co.uk/itm/256157187276?fits=Car+Make%3ABMW%7CPlat_Gen%3AF31&_skw=BMW+F30+F31+LCI+headlights+both&itmmeta=01KR3RTM777G5PR7G9VRCYB7J8&hash=item3ba4287ccc:g:fo4AAOSwNh9lvRly&itmprp=enc%3AAQALAAABAGfYFPkwiKCW4ZNSs2u11xDqWUz%2FPULL%2BEWz4wbAiLMwzXw6lSE7a04tB5%2F8bC3mQlN4BNGjXuhPNmIe7RF8LdrmB8pZ26fZEXqNRgDqfnG9ct0KEz7%2BcVxs5tiVIpdhSUiZLzjHlBIf6kL6poX4KDUbAZyhkSoe7bELbFXSggVrRE%2B5KjFM8WGjRTSBk7pCx1DqynEkBjBtvI4R9dkiL2HZgj4CUhUPPDfghJAUj186A9qlJuMcIOsMuOdoDtsR6LkHcshxwde28zO3xAuS5i3wLms0Dv7P7WwpgTF8l0RS6VhqY9Jn80PCZfiHmuYrw0hpjp203VPeooQgIpKnq1E%3D%7Ctkp%3ABk9SR47E6vjAZw,pair,False,True
BMW F30 F31 LCI headlights both,For Bmw 3 Series F30 F31 2011-2015 Headlamp Headlight Right Side Driver Side O/s (For: BMW [F31]),138.0,2026-02-09,Brand new,False,False,https://www.ebay.co.uk/itm/127579124124?fits=Car+Make%3ABMW%7CPlat_Gen%3AF31&_skw=BMW+F30+F31+LCI+headlights+both&itmmeta=01KR3RTM77QZ2JTJ0P1GJAHBKJ&hash=item1db44ef19c:g:DSAAAeSwMtZpSjEj&itmprp=enc%3AAQALAAAA4GfYFPkwiKCW4ZNSs2u11xBWimgBfLnDsKfRwCDI9nEoYdGdEBGahnNsxpDZiU9zVIogFEoBH8oX6X7ps%2F2W4KbENpoEP73HRB0qmom71RfBJJFLZ%2B14VpQQ%2BRVh9IvBMoPREi1a2ZvZZbut4xPCZlLxtsZrWY84e0LRvCp3EJCCATkh5%2FWIN1lcoRgCOL8esX7DjuuISMH7kFEFImxztJibRQMI4DvvM6cuX9zWs%2BPSRYh5J5%2Fh2pnhXlVxDrSnAca5eVts0aSqjwF7gJiD3LU2dtj9Do0GcuCd5dpNLYgy%7Ctkp%3ABk9SR47E6vjAZw,single,False,True
BMW F30 F31 LCI headlights both,2013 BMW F30 F31 3 Series Pre LCI Driver Right Headlight Headlamp 7259540 #8e1,99.95,2026-02-14,Pre-owned,False,False,https://www.ebay.co.uk/itm/267206983395?_skw=BMW+F30+F31+LCI+headlights+both&epid=2093198872&itmmeta=01KR3RTM78EVE7347HJKVGJ1CR&hash=item3e36c6fee3:g:3fgAAeSwRW1n7Bdt&itmprp=enc%3AAQALAAABAGfYFPkwiKCW4ZNSs2u11xAO6jAQCOIEfPhPGlIWlyuKgmyhlr%2FrrCvb8ppKCV23Zmj2SBIUzVWezlmKB6niU3HeE8R3KF2de0S5JOpv8kFSjcShGu2c%2Bb%2Fp5K3nUoDwigLr8ubTJcv0qZ2mwI4m%2Fd7CLXI%2FcZqTZEserU34E5Br5r75Zl3%2FQgh5IFMaIKdos7ZUCggy7uftSiA%2BOvFp7YsKNbMxf4OgKe6kS7YhudhX5cmUTVwhgOXayxw2Yfh95kH%2B%2B6pb18982Tn4wvJgovWK8SjEjJ%2FxkQ7n1mHoEdyB8dnx%2BifXbyyBmtOY1gfz8fmFdChfuaiURYc%2F7i3CyIo%3D%7Ctkp%3ABk9SR47E6vjAZw,single,False,True
BMW F30 F31 LCI headlights both,BMW F30 F31 LCI 3 Series Yellow DRL 2016 - 2019,59.99,2026-05-01,Brand new,False,False,https://www.ebay.co.uk/itm/317201174429?_skw=BMW+F30+F31+LCI+headlights+both&itmmeta=01KR3RTM784227VM5368KQ3ZAG&hash=item49daa9cf9d:g:Mn0AAeSwIr1oqEXh&itmprp=enc%3AAQALAAAA4GfYFPkwiKCW4ZNSs2u11xA%2Fp97COnZfUX7d%2B%2BSvrwxJol2a6B1kMxMn3moCZl1Lk4Flmq0j3G6cDdIZ3g0AEKDLifetQuXXlc522o7a3FLBtrbh1%2BwUQWKf5bEgaZ8tUQPrbvRrPcEpeHg43tWwr8BkngKO94pmFrGsVp2fwR1QESuBk0qsTItID48ObbBDwj8Pn48Sh4VF1cGsYDvuKK3%2Fotj5s1o7kcXQKYPm6y1TCoH7hEo16QWlxXU9ZjFNtkFH9PjPMHOg1ui%2Fot0srVbMcY3Q3EpF2jyPDP%2BjVl3x%7Ctkp%3ABk9SR47E6vjAZw,unclear,False,False
BMW F30 F31 LCI headlights both,BMW F30 F31 LCI Front LED Headlight Vertical Actuator Left Right N/O/S 7401878 (For: BMW [F31]),34.95,2026-04-01,Pre-owned,False,False,https://www.ebay.co.uk/itm/317638379821?fits=Car+Make%3ABMW%7CPlat_Gen%3AF31&_skw=BMW+F30+F31+LCI+headlights+both&itmmeta=01KR3RTM78TG9HNX02475D4Z44&hash=item49f4b9092d:g:dAcAAeSwAI9pNt4D&itmprp=enc%3AAQALAAAA4GfYFPkwiKCW4ZNSs2u11xDW25KvG4KmxHaiKhOmsGOElLe1j5wPQqLekrkEglPvsFdYnQQtcuop20nlFTH5hApXkUP8Y3FIUfaXGDENQA2fUpZhkavroDBxlYf330lt%2F5XVMOcJLw3EzjELKduOCKGfSNMBNWTEcKRwDtYo7i8zeBi1JCVOZ8s7ByqdTc7p5fIJ9t5M5hUSmZueLd7EKprbCqPN7%2FgcW%2FlrN7bERRHNlx%2BZd8OZM21Bjx5iv3YuLj1n3YD9pMoD9LPBw9XX1XhQVQ4KWWTLg1gscRyIpkx%2B%7Ctkp%3ABk9SR47E6vjAZw,pair,False,True
BMW F30 F31 LCI headlights both,BMW Genuine Right Headlight LED AHL Headlamp Fits F30 LCI F31 LCI 63117419624,593.2,2026-04-13,Pre-owned,False,False,https://www.ebay.co.uk/itm/188155368616?_skw=BMW+F30+F31+LCI+headlights+both&itmmeta=01KR3RTM78Y7FG3QMNQN43RA0K&hash=item2bceef14a8:g:EAEAAeSwI0FptAmX&itmprp=enc%3AAQALAAAA4GfYFPkwiKCW4ZNSs2u11xC0y8nZo6YvkuAJMzVORePBZmsf5bp%2BgfeHygzMxKN%2B3JkpuVHvtqpATcZZSlGBK8o5RorcbB1B7Foc8Gyd5KOU133l%2FsrT2pXHtUJ2uiJ2oH5--xEubUqbZbLkYKDFAG%2BQiYjgbsX3ycA6kL6yZ5UVhyK9MB9faAQzF1dAft9wrJ%2BYyhXKhwj5mrZU555TcMed%2F1iBra3z%2BE21i5LGlN03DQMA%2BmWGKbltA529fWcgPxVN5mMQqOUr5ixDabXvOEh9gN%2B3z9pFL9hKIKM76bCQ%7Ctkp%3ABk9SR5DE6vjAZw,single,False,True
BMW F30 F31 LCI headlights both,BMW 3 Series F30 F31 LCI LED Passenger Headlight Lens Replacement 2016-2019,42.41,2026-02-25,New (other),False,False,https://www.ebay.co.uk/itm/317216672872?_skw=BMW+F30+F31+LCI+headlights+both&itmmeta=01KR3RTM78G2AASDZRPVS8N321&hash=item49db964c68:g:4CkAAeSweT9or00I&itmprp=enc%3AAQALAAAA4GfYFPkwiKCW4ZNSs2u11xDQmTzuZoYrl62VDZN6MJUolEhP6BRJSEHtewK3pOb4XVmzkzBLecrTvaQ0%2FG7DjyFQx1RNl1w6fou8d4IKdCcpE2xC%2Bbs4gQlLYaKFzKMaHnfGaiEPIs3vms2641hvIZnGp9dw5I%2By4vZil49oAThReMvTal5PlnkYFDY0CfS5DfO7fljc1sUD11TXIacj92wF6cK7tCNfXZoFAD7PzLDuHWvAd0%2B%2Bmp3hu7KRH%2BivYdMCaGHDffp69ZsummKqk%2BwrFg4tBKx81f1t2NNooad%2B%7Ctkp%3ABk9SR5DE6vjAZw,unclear,False,True
BMW F30 F31 LCI headlights both,NEW! BMW 3er F30 F31 LCI 2015 - 2019 OS RIGHT DRIVER FULL LED HEADLIGHT (For: BMW [F31]),999.0,2026-04-02,Brand new,False,False,https://www.ebay.co.uk/itm/188097752788?fits=Car+Make%3ABMW%7CPlat_Gen%3AF31&_skw=BMW+F30+F31+LCI+headlights+both&itmmeta=01KR3RTM786N45CZ2P2G62JYKK&hash=item2bcb7feed4:g:bfUAAeSwwVVpoEaq&itmprp=enc%3AAQALAAAA4GfYFPkwiKCW4ZNSs2u11xCJUHzdJEb17GHxhQbgo7oYERt2VpI0BFPxJcekrQ4qjlzxjQ3MYlg8Rn%2Fp%2B9c824b9trjfegh8XAhJG3nBRUz3dNOomSiettCj0P%2FC5bNu5O4qAlASBpLzG2GiaOmQSq42WKMMjZWYzAI4Xa0vd3nGrwlmcdHf7YYILzNOeHTJo1Ue1msP9crojaZO6GzEdYp%2BKGcDA2wFvGn91BIByOcTwskS%2BcANoK%2BTVBD2gHIloCvNfP8LOv9gt3LfWX%2FPrsxtBA7niG0HB8rwHVJZJwuV%7Ctkp%3ABk9SR5DE6vjAZw,single,True,True
BMW F30 F31 LCI headlights both,Genuine BMW 3 Series F30 F35 Passenger Headlight Left LCI LED 2013-2018,385.0,2026-04-05,New (other),False,False,https://www.ebay.co.uk/itm/168181232809?_skw=BMW+F30+F31+LCI+headlights+both&itmmeta=01KR3RTM787XNS30N4REQ9BHHP&hash=item272861f4a9:g:WS8AAeSwO2Bpd8hP&itmprp=enc%3AAQALAAAA4GfYFPkwiKCW4ZNSs2u11xDEp4y%2BBfsxm4fGpWAMVQuLCXbTSIDqP0dmxgc3vXJUyjALRV2GHYt9%2B5VGv8liQnp87AfJL224hte1beWy91ufTBIjFQf2xKPTvTdpQHDWCfdlV2zDTr6GNYOq3qD78SHPumtGPMKZIgR4t2AaQbv%2BzMPa6XlLLAV%2FhNAYMU8%2Ffgx4390bhjT3gIMzhULcar%2FVK198MuU2kUGJYyyiEg3YGgG0YSKwniy%2BrJ2n%2FDSplq1rsxWBA4m2NwtHNzE4zuIRT81DO6CjN1P8YSPK8CUf%7Ctkp%3ABk9SR5DE6vjAZw,single,False,True
BMW F30 F31 LCI headlights both,BMW F20 F21 F30 F31 LCI G30 G31 NOx Sensor Diesel 8580410 (For: BMW [F31]),39.99,2026-04-28,Pre-owned,False,False,https://www.ebay.co.uk/itm/276170098326?fits=Car+Make%3ABMW%7CPlat_Gen%3AF31&_skw=BMW+F30+F31+LCI+headlights+both&itmmeta=01KR3RTM78CR3PZ67EF5VA093F&hash=item404d054696:g:N2oAAOSw0rRmQ1zG&itmprp=enc%3AAQALAAABAGfYFPkwiKCW4ZNSs2u11xCEmdIb4WQgF78QRkeuPYsoMUAf%2FRske5exM5T7%2FX7OUkSAOftOQY%2BCuYjdRyW%2BuQnXR%2B4%2B9thSxYxgti2nSJrZ%2BGSFNeu%2BoW4DVvVXrxWP1sZqsHgamsveloWoIXGFIm6mVc9f0aKVNFkkLwpypEsyvpkdMM--W3IsMtwLj8KS%2Fdy5muC15iaguU%2Byr4YNX%2F4%2F01qO7BuVlSAVu%2BO4GNa9opHra--qukW8YKiOYzaV3iw3w11cv4i0PBAelvPcXqGCPpg7AulFa0Rhn8M%2BpElZF5T1eW0LTibbrwOvZ4NKvSgpp6CUt3jILEn6RSSv%2FXA%3D%7Ctkp%3ABk9SR5DE6vjAZw,unclear,False,False
BMW F30 F31 LCI headlights both,GENUINE HEADLIGHT FULL LED BMW 3 F30 F31 LEFT SIDE 1LX.012.120-43 COMPLETE,260.7,2026-04-13,Pre-owned,False,False,https://www.ebay.co.uk/itm/188243995249?_skw=BMW+F30+F31+LCI+headlights+both&itmmeta=01KR3RTM78JVZ5BHJ337S5VVFC&hash=item2bd4376a71:g:VFkAAeSwebtp0Rnz&itmprp=enc%3AAQALAAAA4GfYFPkwiKCW4ZNSs2u11xC33B%2FEm%2FF68aw1w3WHk%2FMQOmzjZuSrjy9nfC70rRthI2V5404%2BXJ8dbBXsLB43YYimAPJIi2K9lRXv20o11f%2BISMtCKdanNOSGMUrCte4I5VVlp5vcZEKVqPjX0bhMM9%2BRRJb9f0tQDsJ7XF9%2FNkR7QlMTpV9GG2s1oq3DEFrzpPZu3kxTdmhxiwqrlwn66UseCtu7PG%2Fv5NSQ%2BkBW4Ea3bivOTPxFOIc6sU30Cdfa%2BNZm8NAg8sRnGtyNcgbERie%2BaNB8SzOW9%2BA0qITuDDkW%7Ctkp%3ABk9SR5DE6vjAZw,pair,False,True
BMW F30 F31 LCI headlights both,BMW LCI LED HEADLIGHT (N/S) F30/31 2015-2019,516.7,2026-05-07,Pre-owned,False,False,https://www.ebay.co.uk/itm/389893596303?_skw=BMW+F30+F31+LCI+headlights+both&itmmeta=01KR3RTM78HVQXWKBGM9XHQNW7&hash=item5ac778248f:g:U0IAAeSwGgVp35Mf&itmprp=enc%3AAQALAAABAGfYFPkwiKCW4ZNSs2u11xBbVyrYWngeFuHV5g%2F9z99EiWnU7ZBVv8jf%2BrDDztvTwE2%2Bl%2FpD00%2BIi2Cm3CU%2FYnSY7BegqYBC%2B0EoZ5dJrZ7gFd%2F1Fbn7l9urCal%2FdoLP4Wx0Vfpd5n6UpCv1mI%2BK1De0Nhfhh7NscvrDtGj%2FblmyuXrHtKzGfKikjU8f1a7ZzhjPzn3kBMYl37%2BKaU0TfohC4HgDkk2wq748B35GqhHq4LtQr3hNuuflVfOAqQdc%2BFd8SwLSE5eIal8cvZAXDcSUINdrMBBfhuEmTBmjqt5tBUvNdNtKfNjTungTX%2FLyFGvgfmqDU%2B8PJKO4sHHbLzE%3D%7Ctkp%3ABk9SR5DE6vjAZw,single,False,True
BMW F30 F31 LCI headlights both,4X YELLOW LIGHTS LED BOARD DRL FOR BMW F30 F31 PRE-LCI 3 SERIES CSL 2012 - 2015 (For: BMW [F31]),31.34,2026-04-28,Brand new,False,False,https://www.ebay.co.uk/itm/177913756496?fits=Car+Make%3ABMW%7CPlat_Gen%3AF31&_skw=BMW+F30+F31+LCI+headlights+both&itmmeta=01KR3RTM78P779C1PTAC0Z8J9H&hash=item296c7c7b50:g:~cEAAeSwfqVp4ZeV&itmprp=enc%3AAQALAAAA4GfYFPkwiKCW4ZNSs2u11xAQ9bBATxbfkqHrXmwtYhUGKNmH5%2BfwCVCsSn5rQOswD3acMvGUGMyW6xC%2FHskGtRRU4m0g4tpCo5yBCBSiGuq5KW%2Bj%2F2e0DDsEYgRI4URrWeOFFCfkuir%2BI0%2ByNlCIaszlvxoJ1gr1%2BabiEmjbmcFVij8ufFUknl9UsN5PiCvCiAxcokw36lDMGAcgjdxqSS2bBMLW6ts21pQeru%2Fx7NjEinTRAv%2BuPrZ1krsihklg53ee36s1n5VJ6TlycAotp3tm%2BQTZCJUfqfkNtXfohZx2%7Ctkp%3ABk9SR5DE6vjAZw,unclear,False,False
BMW F30 F31 LCI headlights both,BMW 3 SERIES F30 F31 F80 LCI 2013-2018 BI-XENON HEADLIGHT passenger SIDE,203.5,2026-03-02,Parts only,False,False,https://www.ebay.co.uk/itm/198033487801?_skw=BMW+F30+F31+LCI+headlights+both&itmmeta=01KR3RTM79MMM5CS9V4ZR8V8EF&hash=item2e1bb737b9:g:o0sAAeSwv5xpaoC8&itmprp=enc%3AAQALAAAA4GfYFPkwiKCW4ZNSs2u11xBlr1Q4tOA5IiNCLfFr92b1uC8UQSckP7rFUmvLzEbTZ6w6Oo7KJ9cXDKre8ziM4qV5KFrt%2FgY4LNQwfPa0H%2FVFT%2B%2F5uuS0h1mEeSJmoIZOtNoOrbyA%2BnbdezOGqNF%2FUZpx1UAAMH1Yk5X8LEp4GYe5fI7LJ7tKmKX2IgQNrGQcG7dPX2HNKBE3GqxuJEeuiCI%2BdIPrPiYmYISP2RfEWIojyMFLPYf7q%2F2sQGLLmz%2FVweyNhIp7PRx9YMywr5DNZgAqCV8L5nk%2BxI9wriu47j6N%7Ctkp%3ABk9SR5DE6vjAZw,single,False,True
BMW F30 F31 LCI headlights both,BMW 3 SERIES F30 F31 F80 LCI SHADOW EDTION LED HEADLIGHT RIGHT SIDE OEM 8739562 (For: BMW [F31]),475.0,2026-03-17,Pre-owned,False,False,https://www.ebay.co.uk/itm/366167172104?fits=Car+Make%3ABMW%7CPlat_Gen%3AF31&_skw=BMW+F30+F31+LCI+headlights+both&itmmeta=01KR3RTM79DG0KK0DT00MF8J4Q&hash=item554143a408:g:W-0AAeSwMDlpCCrH&itmprp=enc%3AAQALAAABAGfYFPkwiKCW4ZNSs2u11xAz2NTIiQ%2FAuFe0Ez4kSDC8Bcwc%2FDNQNha2nVvOOATZ%2B1KJQNARzmrLI653WNA0RrcuI7zxmQSb5Guk6DxoHDe9QJ6lIAwappE2dPZR5YJD9vmMuL83FiesdoKCYTi2zQMMQC%2BnUCpobvvazWSuRMeMyG7zqrefSquY2a%2FCKu349y288BiBkwYaqn4PeLu03hIdIiD3LgJd8ZFA0jg8V9s0iIavzSY%2FACGPZ3rtLr8SS2S4YYgcObF6D2lzoqZL2NtaI%2FfHFx8xv%2FWS4ek%2BfCp%2FedTrPVdENPMr3k81Y6Wkn2%2F00S4HEbBTk%2F20TeqyKgw%3D%7Ctkp%3ABk9SR5DE6vjAZw,single,False,True
BMW F30 F31 LCI headlights both,BMW 3 Series F30 F31 Halogen Headlight Passenger N/S Left 7259539 (For: BMW [F31]),99.5,2026-02-11,Pre-owned,False,False,https://www.ebay.co.uk/itm/227205281675?fits=Car+Make%3ABMW%7CPlat_Gen%3AF31&_skw=BMW+F30+F31+LCI+headlights+both&epid=838132545&itmmeta=01KR3RTM7913M6N3TRZDPN38WX&hash=item34e67d778b:g:42oAAeSw9GFphadI&itmprp=enc%3AAQALAAAA4GfYFPkwiKCW4ZNSs2u11xBqVX1LWXeUSModEDpaC8pgoXUB6S6DdBze9KJXeaXdPX4ixJIUsGZp8g4wSO%2FXun3fJzy8U5FXYuv9IbG%2BnnWRZ7cuaoExLko84WiD1KV6Q3QjGwlzSK3HesUrVp2IXC2v%2BMS7UcMw22YV3%2Ban1%2FEYmIUB%2BxUNjPOOIP3MYoqbNQ3GgmmKA8R2Jyoj%2FyvO7Rcggs0xkRBuc8X2R9NZJV7wcn74tw6HT0Jz6TMRK4f8I8xjf2GtRYaN1uQcCxTVdYusOAmLgLe4Gz7XzrfQzQ87%7Ctkp%3ABk9SR5DE6vjAZw,single,False,True
BMW F30 F31 LCI headlights both,BMW 3 SERIES F30 F31 LED SHADOW EDITION HEADLIGHT DRIVER RIGHT SIDE 8739562,499.0,2026-04-17,Pre-owned,False,False,https://www.ebay.co.uk/itm/157721737562?_skw=BMW+F30+F31+LCI+headlights+both&epid=17030011164&itmmeta=01KR3RTM79GTT629M458C06TB4&hash=item24b8f2b95a:g:JFkAAeSwb25ppcuN&itmprp=enc%3AAQALAAAA4GfYFPkwiKCW4ZNSs2u11xBzMzg7qEYX7yrqlQGk2ASHjP8N6Sc0L492vpXxxeZAvPCWb%2F7TEd2dO97ee4goHAA6cAusr2YxXPft%2F0pn01CHDCB9aqJt9d5LpdH66su4n9XGnjrzcjtS3caqgJLwHIM4bpkKiK94SLvS4zU3OdIJgKJqGEAqyeiD6RG2BR5xfwMaUWSCRWp1GEAdcT0ryZWfpPF1ufrKiUrh%2BUs2174mLz4VKLjp8XElJExvzQ7ZXG3sriCqLemGMgnu6qn0daEtwSrnV4wSPV87W66RNWMO%7Ctkp%3ABk9SR5DE6vjAZw,single,False,True
BMW F30 F31 LCI headlights both,BMW IKON HEADLIGHTS 3 SERIES F30 F31 F35 WHITE YELLOW UK STOCK,549.99,2026-05-07,Brand new,False,False,https://www.ebay.co.uk/itm/198263288894?_skw=BMW+F30+F31+LCI+headlights+both&itmmeta=01KR3RTM797H7YKKK4CE9NEV1X&hash=item2e2969b43e:g:XPwAAeSwQM1p1WjS&itmprp=enc%3AAQALAAAA4GfYFPkwiKCW4ZNSs2u11xAKY6bRJuVpHjg4IMtchp5nHIoFwWkrkOUuR2mpG9DpwhNylKuIdI2s73%2Bcn6qinHAJyJz3KTy7Ko3ripOUs8wILT9nky0019%2FalvGCxxTfLOHqe4fU65Oq%2BtdH2jujnOiX43DM8SztthbKIUq%2FqgXuTi4w%2BcbXri6RmyZ0vSe%2B5GY9oKdgpmjq5wB56Ac0uGxz7Xe8eX8yYBfh53tLMbeBpspNCfMGlvdZALFWyXeEOnMVbpe65LSAcDc4SGfJSfvQDoSV0C8lv1Lf1QKdvxrY%7Ctkp%3ABk9SR5DE6vjAZw,unclear,False,True
BMW F30 F31 LCI headlights both,BMW 3 SERIES LCI F30 Front Left Halogen LED Headlight OEM 63117365597 7365597,208.7,2026-03-16,Pre-owned,False,False,https://www.ebay.co.uk/itm/236670454283?_skw=BMW+F30+F31+LCI+headlights+both&itmmeta=01KR3RTM79MXG1VJQWAZ9WJ71E&hash=item371aa88a0b:g:4CIAAeSwAZNpqaIE&itmprp=enc%3AAQALAAABAGfYFPkwiKCW4ZNSs2u11xAXp2cOKvSK5SkfuYFUF%2BLPBkTun6nokRt74KLk2PqwSkBRsQrjukxF17UJHNt3hzCaM1J5pipiwvhKhkBeElzTpL4PVSbCoAgBzG5zvYaOSFZcujSRxEVlWmNUTrkRE6hqRukA%2BKU9dHk48ofpIpq7kCLH4vNJEimrVUgvXGWWbtJ1rxFv76%2Fdt3d1xWSmCkTWeTc4%2Bdzly%2BzNky1YTqF12e6FuEa7T52pWgVVQa146BB9fuCTXWwEw2zZm1xepdWJZxb3bOYTFs%2B0CzNETKIx%2FMhaBGSPBX4tecx1S2HTh3pXCHugBjRDNSbWtraGVR0%3D%7Ctkp%3ABk9SR5DE6vjAZw,single,False,True
BMW F30 F31 LCI headlights both,Angel Eye DRL LED Module For BMW F30 F31 LCI 3 SERIES 2016-2018 Plug and play (For: BMW [F31]),94.8,2026-04-20,Brand new,False,False,https://www.ebay.co.uk/itm/405792236305?fits=Car+Make%3ABMW%7CPlat_Gen%3AF31&_skw=BMW+F30+F31+LCI+headlights+both&itmmeta=01KR3RTM79M5SE3A3H4JAMS163&hash=item5e7b1a2311:g:o9wAAOSwx11oBeBE&itmprp=enc%3AAQALAAAA4GfYFPkwiKCW4ZNSs2u11xBUhTYZzsxTjeJhKwv9x52mydRrCE1QRkN551oj2E7Xt6Wx67htorUFvRLmdyUh2zmRHrLFiFOSzGXzJPBDmXbXDuuKhK2MvbHB7EokAGB8miTxHSrdvphoTzhdU8PN3HGu4DoBgvf2j7ZbgAAKciyAL0ifR6i9lU9U6aHvv3aiqpwwfBtPwPRXgj7ATfutHx0nKXz8D8%2BduAAIuOqIs1vaAvbIFDZC2kgRhqft7C8x1kVMpcIvklOVrPMjL5L2K6kveouAi%2F2TRaud7%2FjqUZlW%7Ctkp%3ABk9SR5DE6vjAZw,unclear,False,False
BMW F30 F31 LCI headlights both,BMW 3 SERIES F30 F31 LCI LED HEADLIGHT LEFT/PASSENGER/NEAR SIDE GENUINE 7453483,255.0,2026-03-25,Pre-owned,False,False,https://www.ebay.co.uk/itm/366159956401?_skw=BMW+F30+F31+LCI+headlights+both&itmmeta=01KR3RTM79YQDGD3PZN24HB5YB&hash=item5540d589b1:g:tskAAeSwHlhpe36G&itmprp=enc%3AAQALAAAA4GfYFPkwiKCW4ZNSs2u11xBDAb7jV4zCQixt77SIm0d8TyKutiNM5TALs8cIH9p8lPIO2TiHO%2BRpbiq2akiQxqtUUDmgLtJdyLkxrCU6dVU1yKxBLMXaAJbJOmh1FHJiw5ROMJeJOnJj3B2YdtL%2Fu2a%2Fgc18Sgk698NMwrVGMJi%2BEwEg1bwPqE%2FXi9w45KYIwGvyNHqfHTQkVxJx%2FRndE249bbAgN7Vb2J54pM2aTpC6%2FSARa%2BBA4p6cPWdb8kyFTB1ao0w13A33SZsXI9BSOuO7a3TM7uOLdHgreHer5bXb%7Ctkp%3ABk9SR5DE6vjAZw,single,False,True
BMW F30 F31 LCI headlights both,2Pcs Front Headlight Bracket Left & Right Fit for BMW 3 4 Series F30 F31 F32 F33 (For: BMW [F31]),5.6,2026-05-05,Brand new,False,False,https://www.ebay.co.uk/itm/197509247744?fits=Car+Make%3ABMW%7CPlat_Gen%3AF31&_skw=BMW+F30+F31+LCI+headlights+both&itmmeta=01KR3RTM79JCH1K6VA9M4JXK9X&hash=item2dfc77f300:g:mKAAAOSwNu9oOHER&itmprp=enc%3AAQALAAABAGfYFPkwiKCW4ZNSs2u11xAt20%2BKV65zBhagEMZNcuAtvX5USP9WHgvpFHA5dp6Zh%2FeqSnEcJSfyeyqNZMzgOrQHbdB8b4WR87v1jo69nJWcfb8QqcrCqlj1nZJmimiyffYSqml9hA2VkuFRdrJjsAwCkD%2FXb4hI3PEZ7h%2F%2BAUCxA1Nc57AbqikyO5F3A2x2vhpnea3uSrLabuvmGwtPdYwHgZzbsJ6hTJFxLOWMbKgU3YLwnTs60DocHqfK8h31uAo33D%2FDQuwOv4iPrUY0S0Jz1OJh2s9rU9gUhLpfCpluBVmQt86EPzDg%2FfEOTaDL5tmR6RmdMRz8QqXNpiXEoSo%3D%7Ctkp%3ABk9SR5DE6vjAZw,pair,False,True
BMW F30 F31 LCI headlights both,NEW BMW 3er F30 F31 2015 - 2019 LCI NS LEFT PASSENGER FULL LED HEADLIGHT (For: BMW [F31]),999.0,2026-02-26,Brand new,False,False,https://www.ebay.co.uk/itm/187997647782?fits=Car+Make%3ABMW%7CPlat_Gen%3AF31&_skw=BMW+F30+F31+LCI+headlights+both&itmmeta=01KR3RTM79KBQEQSP3Q1VYCB83&hash=item2bc58873a6:g:m0kAAeSwqVJpkx6E&itmprp=enc%3AAQALAAAA4GfYFPkwiKCW4ZNSs2u11xB4F70w0JRFBKglWGQqhvQfBQ1siSX1ICTHoSe%2FmN2NygQk1HgYenVSKnwXUYvrvq%2BtT2vDYQCJlDsLlcE3bePftw6A17lMYEPpWCthygfblLZkEYXOBfp8f3Y2uBXTgy15nTKAUf4Z%2Foc5syrK9dLaZz61TCBYgGWzyq6a6M60oRaQqa7XNuzbpGHyvU0HKL4b0NLr5eSLY9lNshonjPk5dBF8nsTXMJVZWUxTk0bPp1DBPrNtbiBk4Mz2GT4M8yYjJAhahDiTrhEkM0iD5HT7%7Ctkp%3ABk9SR5DE6vjAZw,single,True,True
BMW F30 F31 LCI headlights both,Left Headlamp Full LED Headlight 63117419631 for BMW 3er F30 F31 2015-2019 New (For: BMW [F31]),185.99,2026-02-26,Brand new,False,False,https://www.ebay.co.uk/itm/317922643410?fits=Car+Make%3ABMW%7CPlat_Gen%3AF31&_skw=BMW+F30+F31+LCI+headlights+both&itmmeta=01KR3RTM79FK13750GMPJXZ41A&hash=item4a05aa8dd2:g:g0cAAeSwoPdpnsp1&itmprp=enc%3AAQALAAABAGfYFPkwiKCW4ZNSs2u11xABZtIsRjA0%2BILbF2RsWcne1w1D%2BAsBLwvtWowCLk0DeIyrD1b9h9qGhYuXXtM0iKn11Z6E2cvLG0hYAQlptXnYSMHONxvc%2BlD5ceJ5j4Gsp4j0a6hxHx%2B9WTyFjE%2F98CW1IIoFCwx51DtzDWJrpE0VxJjfRcTJdomraYcO2XvesQLA7B7BEq%2FDZK7GJp%2BpvDYY5cU0Dw2JhyK5y9KsWl8edQFfn5a76Dfxrqct9IZ8h54un%2B226wAjLbJDVOdlVC3wl7LBZzLU1VBt4N4yz2gNCQHLBabHqt7lr7SXqU1eo%2B2ZiTMVICSUXSwdo0mDqzg%3D%7Ctkp%3ABk9SR5DE6vjAZw,single,True,True
BMW F30 F31 LCI headlights both,2019 BMW 330D F31 F30 AC HEADLIGHT DRIVER SIDE RIGHT 9883504 (For: BMW [F31]),365.0,2026-03-01,Pre-owned,False,False,https://www.ebay.co.uk/itm/267585273218?fits=Car+Make%3ABMW%7CPlat_Gen%3AF31&_skw=BMW+F30+F31+LCI+headlights+both&itmmeta=01KR3RTM79BDVWGD025J1PBDM6&hash=item3e4d533d82:g:n3AAAeSw0Mhplxur&itmprp=enc%3AAQALAAAA4GfYFPkwiKCW4ZNSs2u11xDlHjg7xuijsnrBjhQkzhd3nm8QziOLqjxqCRxhGVqu0kjGbzBMIgm48gqpYUjz9uO14lgcc8q%2B2YcUKl%2BP%2BKTd6Az3edEiX5QOmD2MYSI7iZPgEjlN4W06%2FY%2Bv5IbHnZkr5fTvtUb7iCTxQsW5Wi4r23%2FU9ohNkx%2BSHs7yeOSO676s%2FgLS2jYYgJnt4qTM5FwjVtQhvxkMuOGiW3GLozuUgtbzj23pjVlhONW86Cfn6rz8g4gtbjKpK271p377P5%2FI2OG3FqCGgAKW%2BinyBLWI%7Ctkp%3ABk9SR5DE6vjAZw,single,False,True
BMW F30 F31 LCI headlights both,BMW 3 Series F30 F31 PRE LCI Headlight Headlamp Lens Cover Right Side 2012-2015 (For: BMW [F31]),46.08,2026-04-27,Brand new,False,False,https://www.ebay.co.uk/itm/187225435165?fits=Car+Make%3ABMW%7CPlat_Gen%3AF31&_skw=BMW+F30+F31+LCI+headlights+both&itmmeta=01KR3RTM796BXFQ5MHHTE4A83H&hash=item2b97816c1d:g:QV0AAOSwiSRikl7~&itmprp=enc%3AAQALAAAA4GfYFPkwiKCW4ZNSs2u11xDppC8JZ9h7pro5fqV2LvXfMNRe6gVyn8zT%2B1pPsq94SiWgDZL4Nvrm%2BqSV%2Bn9mpV2%2BvJC9cFLSlSi1RcEyEs6KlxcG1ufteg%2BM89z2nFQ9CygXV%2F1eRxksL6jdCD43ml7bB3ifQ%2FhP38YcBr8cC3AVajh9usqym0wJyuzBXuSxHR8dK9uezHIWRixjy6CFnqLSgMBbtQ8Gng7EUK3kyP%2F5pNrdJN9YnhTeXrrDxeTKQe99BmnAYJDB2INCxhNSRV7uJ%2FkcE%2BrgKYqhIMv1vMJI%7Ctkp%3ABk9SR5DE6vjAZw,single,False,True
BMW F30 F31 LCI headlights both,BMW 3 SERIES F30 PASSENGER SIDE LEFT HALOGEN HEADLIGHT Pre-Lci -7259539,60.0,2026-04-09,Pre-owned,False,False,https://www.ebay.co.uk/itm/117130668914?_skw=BMW+F30+F31+LCI+headlights+both&itmmeta=01KR3RTM79DHNE1CBCRER8GQ68&hash=item1b45882b72:g:UuYAAeSwFC5p1TKE&itmprp=enc%3AAQALAAABAGfYFPkwiKCW4ZNSs2u11xDK66KSPpE9z1RVqUA9FaPMtTWkZGziPQtXUlgILqE1gThJJoO%2FB0ru49cf%2BgfoP2WHHB%2Fc%2FrUblms7%2Bd6zKmip0Fjl9oGgBmk2R%2B2hIzXfxenEKtMYqVTuJ5jOpksPk3LZAIBElI%2FU0Sgm0x1oVZ80HypJPlPZAaqTQ%2B1duBCEPk4QhiY%2B0ybq9RaBMUMq5IO3%2BBPy1GGDsCudqB%2FeaLbXiIgTgRtEvdH2uS3dz0la9hPxciOVkCCyFG%2FZippvuty8e08B22G36KD8UXhv55qrexgiP%2Fiz7ILe2IlHZgkoy%2F3FgrOYeSUeNDVDVRVHqVA%3D%7Ctkp%3ABk9SR5DE6vjAZw,single,False,True
BMW F30 F31 LCI headlights both,For 15-19 BMW 3 Series F30 F31 Headlamp Full LED RH Right Driver Side Offside (For: BMW [F31]),183.0,2026-05-05,Brand new,False,False,https://www.ebay.co.uk/itm/187970101306?fits=Car+Make%3ABMW%7CPlat_Gen%3AF31&_skw=BMW+F30+F31+LCI+headlights+both&itmmeta=01KR3RTM7AGVR2QGK16V0ZYQFT&hash=item2bc3e4203a:g:Y3UAAOSwFxJl8sDL&itmprp=enc%3AAQALAAAA4GfYFPkwiKCW4ZNSs2u11xBPq2aGifxgWjl1KtlLH0kbXm3oE5zPoTVCfBc8N9Fdij7%2BERf3cLuLBxD0ZGZiOCX1mbVkAUiUbxhj3ruAcMET0ezFYdzHgIbyDSVDt%2BqORcCKjI16HuyOeXZlrUUOIPB1G9pRA4Epu3j1afb5hTEMDPWorXepuoKOn8qSfNiX3h%2FnaES2ZtKxobd%2FefCOIlXDwSWi34ApqLcM3UNFPsWbuJZXQtN%2FvGpWBSRhwZlyqI6gO9K7wa4%2BDr37qzHJVZjuDlkmNQ%2Fi6a%2BQmd8tR1qi%7Ctkp%3ABk9SR5LE6vjAZw,single,False,True
BMW F30 F31 LCI headlights both,BMW 3 Series F30 F31 2012-2015 Halo LED Angel Eyes Headlights Xenon Look Upgrade,444.95,2026-04-04,Brand new,False,False,https://www.ebay.co.uk/itm/383651194789?_skw=BMW+F30+F31+LCI+headlights+both&itmmeta=01KR3RTM7AQED0YH44XS86RH2C&hash=item595364a7a5:g:nAcAAeSwPbVpEbzM&itmprp=enc%3AAQALAAAA4GfYFPkwiKCW4ZNSs2u11xBDfoFthB%2B9tMOMlAqPLLw6zHQbtqz6xNifLHHw6Q4VtiZKq01UgK7zVvh%2BIDSRXLil0uoS5rwhG38JI%2B0GSvdlSYOeFl59n6J0lfL29CNvniJW%2F4C3XqZ5FrHSPlKKrmJ4%2BiVSl0mRm4bfO9A76hQx7VhigEcFkPOGyKjnq0jF0Y2MxHnFJ1pdLlz%2FNXYD5F0DS%2Bb85tCUu7st%2FOEwl00pJhqY%2F8czkdQGOkdMQFhDeK5Ii0iRW%2F5N%2BbHlLk43tctMoIEaCUBpDse%2FSSDGoHU6%7Ctkp%3ABk9SR5LE6vjAZw,unclear,False,True
BMW F30 F31 LCI headlights both,BMW 3 SERIES F30 F31 2011-2015 FRONT HEADLAMP HEADLIGHT XENON DRIVER RIGHT SIDE (For: BMW [F31]),213.49,2026-04-29,Brand new,False,False,https://www.ebay.co.uk/itm/285814753553?fits=Car+Make%3ABMW%7CPlat_Gen%3AF31&_skw=BMW+F30+F31+LCI+headlights+both&itmmeta=01KR3RTM7AW3WTRRBHQ3WY39SR&hash=item428be30911:g:8eMAAOSwCeNmHTSC&itmprp=enc%3AAQALAAABAGfYFPkwiKCW4ZNSs2u11xDjsum0hO6HE5aocQojGKcBmn2mLRMMr10e%2BhQMJ5vnDxgCfGbNmW6kUCILlfxhEmc41UC7dzkG%2FmeXbqhv56jBNaDaMiU1DljZ0h0jFmAnYtwrWqigXhLmGckVeXc%2FabJxEDH%2FtlEh%2F%2BaoDbS2fpbwk48NwKXgalXmgqWG0a%2FcXO%2F7s5dMGnSfoygBFFpjIJ9FHJLmUI0T3tZhiFxp1OUg%2BGb%2FyyyhBgreVAmZGSQJcafcdEN%2B3cN61OKVYXoubTEnYsc6EJPXfLsGdCDI3%2FP%2B1qDwcNBhNif%2Fo44F%2FqeNxM%2FG8Qn%2FAQ4qWag7junsd3c%3D%7Ctkp%3ABk9SR5LE6vjAZw,single,False,True
BMW F30 F31 LCI headlights both,BMW 3 Series F30/F31 HEADLIGHT FACELIFT Upgrade Dynamic Lamps Projector 2012-18 (For: BMW [F31]),587.0,2026-03-30,Brand new,False,False,https://www.ebay.co.uk/itm/406776961024?fits=Car+Make%3ABMW%7CPlat_Gen%3AF31&_skw=BMW+F30+F31+LCI+headlights+both&itmmeta=01KR3RTM7AHKJWV94WZXX98YK1&hash=item5eb5cbd800:g:JuoAAeSwutNpuYPF&itmprp=enc%3AAQALAAAA4GfYFPkwiKCW4ZNSs2u11xAdYNxT7vE9And7dVZTBr6aA0JDCyW1qDzyMp79qnrsrOmrkzaBbQSLRrmxBLrJQz8IL1qxzffJtZrFfhYqYzRVtjhaHjWqPYvqfiSwM3M3d7%2FXWyONZOLtcpT3LpApM4lz1k6acxvtHsqzuWsGTBmfAtxkeaaRBnzWTuMN6cVM1k7kUeSGW8DR71u%2BwmpjoZ1zEXI2wlagv2Nvh3HfQ%2BpuTRM%2B7DvoCTeus%2BizNVgNh15pUno83GhWGt5y%2Bx%2FO24aGHFZM5frk3cYu0V9ofNZg%7Ctkp%3ABk9SR5LE6vjAZw,unclear,False,True
BMW F30 F31 LCI headlights both,BMW F30 F31 3 SERIES 2012 - 2015 LED ANGEL EYES HEADLIGHTS,363.7,2026-04-12,Brand new,False,False,https://www.ebay.co.uk/itm/157813062477?_skw=BMW+F30+F31+LCI+headlights+both&itmmeta=01KR3RTM7AR24G7QXN83PXG1VJ&hash=item24be643b4d:g:YiYAAeSwUatp1ADn&itmprp=enc%3AAQALAAABAGfYFPkwiKCW4ZNSs2u11xA7VmAmw8eJ5xlNiEXIwM2IM27GBy%2FVcwfsI7wWJWit7LxKTXnrMC4rIY0TqxE8L7ycFup%2FfVqtiJ5tRObRHv1rhLVyNpLl3PCXW2VFny%2Bwxhhw%2BZp2SaFmBnM2RuSYLMurMbUczwnbhdfyMSu3UHLSBA3IOjXaxdCWNY1mlpqO7m30n9Mb5qe4uqWyQW8mrWJ5pXCTEbCiZTSjS5jE%2F1%2FcCegeyZWubsoOnLnnCPdjzVKiEruWi%2Fi1JqtQsQdxEaFntPo27j3N3kLP%2FG8lZe%2BsB6ZuKQqCwmyaK0tFPitGi18Pmk8EjEMKpiXbu1kazxk%3D%7Ctkp%3ABk9SR5LE6vjAZw,unclear,False,True
BMW F30 F31 LCI headlights both,BMW 3 SERIES F30 F31 F80 LCI LED COMPLETE HEADLIGHT RIGHT/DRIVER/OF SIDE 7498948 (For: BMW [F31]),599.0,2026-04-06,Pre-owned,False,False,https://www.ebay.co.uk/itm/366167172099?fits=Car+Make%3ABMW%7CPlat_Gen%3AF31&_skw=BMW+F30+F31+LCI+headlights+both&epid=910723417&itmmeta=01KR3RTM7AQW1FWBZ8YK3SF7KR&hash=item554143a403:g:eeIAAeSwIJ5pA0fK&itmprp=enc%3AAQALAAABAGfYFPkwiKCW4ZNSs2u11xAlBAZBsMwSGRMAnNfFR8yYn5yXOrocmx%2Bwb%2BQBITVKsLUG2yeEGBm%2BiwAfyHy7OJC2FJ6r3VKq8TGFT9TTqmsaOA%2Fb59NNVYoOZFw2DQRhL7MObTDFP1j%2Byc37ZKw9dkUJwv9L4eMQmEuQgXnejLKmDKtIusq6F%2B7061QWeag8%2FtTzMY3BMLpi9fg0q8apeLqiJ%2FcfrUHmnAunH3ZlXB3D2MGFcJakKyiyhqgrO3UlpbgwkdNaj7Qem8RaE5lD3e6QKMQMquXjA8u81Eyvib50YyWVW%2Bxpa%2BX0FeTn3Zpb%2BrHvgn3R%2FwryNyOBBtFHIto%3D%7Ctkp%3ABk9SR5LE6vjAZw,pair,False,True
BMW F30 F31 LCI headlights both,GENUINE BMW 3 SERIES F30 F31 LCI RIGHT DRIVER LED HEADLIGHT 7453484 2016-19,333.1,2026-03-19,Pre-owned,False,False,https://www.ebay.co.uk/itm/267607829970?_skw=BMW+F30+F31+LCI+headlights+both&epid=910723417&itmmeta=01KR3RTM7ATF5TDNS0DXYJ71HF&hash=item3e4eab6dd2:g:eu8AAeSwDwJptr6H&itmprp=enc%3AAQALAAAA4GfYFPkwiKCW4ZNSs2u11xAu2%2B5xmZFlDOvn7GxUgMDkDnzF6B120k0BibmGW1IVZZvlzJf3Kd9F5Bw72bgeHeyT9wViescwQAqwRXQ4Hk2haVxBUR6wWnQAV10PETMnU1VPqOrKxmtrG7xvSTQTgOOljLC6yuv3GRlgekkE%2FWnta8GA0rEuRzUiPByS42IU7QlZPm9nnTLeKGF2aQi%2FatsPAL2e98YaIBH%2FCP7sktEJds8DkkbIbffsDKwW253uwJ9HQahpOhKxuDGmiF%2FFN0XAC1cD1qd3JHRH1Swa92kt%7Ctkp%3ABk9SR5LE6vjAZw,single,False,True
BMW F30 F31 LCI headlights both,BMW 3 SERIES F30 F31 F80 LCI LED HEADLIGHT RIGHT/DRIVER/OFF SIDE GENUINE 7498948,475.0,2026-05-01,New (other),False,False,https://www.ebay.co.uk/itm/306911626440?_skw=BMW+F30+F31+LCI+headlights+both&itmmeta=01KR3RTM7AE64W68FKK3YK1QYT&hash=item47755bc4c8:g:FyUAAeSwmH9p8ec4&itmprp=enc%3AAQALAAAA4GfYFPkwiKCW4ZNSs2u11xCcJOcUTnVJdarW3WmI72zmbvk8CZxSf1ZlUSZfmW9Yyf3OOUGhpkw9Qn6yMLSqM4cn3bBdb2S2UnZ5s12%2FyK1hGx49NGN%2B6DpAZbMZXTZgWgkyepBZysBaA%2Fx3yXvRcRjE9KIwYSdalh0GgNE91QejKkZlQ51geJBJpkUNzovK7GQMEDvnPgnM1vByned0BRTFd8jDnD9B4miy5KLt4gEvzctPk2NgiqckWhcku1TxpmhYdNpk2suiklKjFNDL8heVv9rFTu%2Frc9p9lscEc4hL%7Ctkp%3ABk9SR5LE6vjAZw,single,False,True
BMW F30 F31 LCI headlights both,BMW 3 SERIES F30 F31 PRE LCI DRIVER RIGHT HALOGEN HEADLIGHT 12-15,99.0,2026-02-13,Pre-owned,False,False,https://www.ebay.co.uk/itm/157672568294?_skw=BMW+F30+F31+LCI+headlights+both&epid=2093198872&itmmeta=01KR3RTM7A4PGTZ6EQCQHWRMQJ&hash=item24b60475e6:g:4YAAAeSwx~BpivQF&itmprp=enc%3AAQALAAAA4GfYFPkwiKCW4ZNSs2u11xBXX7OrZqE00jgUf4GpHoK0f%2BPKtGK2E84E765XK2CfvFHbgHXGp468YmnOpVKA4pyNy9bQbXIrF5Kj5dufAkmQnxsN05ij%2BM2q%2BnIyMCw9XPfKeGUa9IFiCBRngdMRSQuKU7HIBu1TjUEVbmbXYonpJgYI6WBCc96oGnNuWHGGhUv6UUwVgnFaeJLKbLmzUhGORAltnuGPpXJnj4poxi3eOIEt6Wxpw0v6e6BebAcETryUotzoWSssl0dx0XM0DpmsLhBewXyfRdHGHe8eTnmP%7Ctkp%3ABk9SR5LE6vjAZw,single,False,True
BMW F30 F31 LCI headlights both,BMW 3 SERIES F30 F31 PASSENGER LEFT FRONT HEADLIGHT PRE LCI 7259539,99.0,2026-04-20,Pre-owned,False,False,https://www.ebay.co.uk/itm/157835190359?_skw=BMW+F30+F31+LCI+headlights+both&epid=838132545&itmmeta=01KR3RTM7ABFN9S6RVRQ7HZPJK&hash=item24bfb5e057:g:HpEAAeSwvuZp32Mo&itmprp=enc%3AAQALAAAA4GfYFPkwiKCW4ZNSs2u11xC0jn5DhVilk8j%2FdKNR00QHzUzeieWLq1vrIViv6%2B4nQyiipDSOwIhGJ3TLa3lFwItYSTFXwdYI6CIGX%2BFssc8G2F1UuhA9a3CsWDU2bgahlEjKoeOKmjiezX2YUmSfIBpoRJ68DEKtd18%2FlmUymMtvvyPe7%2Bkn9%2B1XUJCWkJfTmEN4wLYs3MjSp%2FC5VOnJgYCSybKfS9EYuyOtzJ%2BP2XZxLgx30F9n9AOIFNL5dcA3IY8lpSoJvDup%2BttS0QTLB2Kwzndwt1m9oYeHamfTQG7A%7Ctkp%3ABk9SR5LE6vjAZw,single,False,True
BMW F30 F31 LCI headlights both,BMW F30 F31 LCI Headlamp Headlight LED Lamp Light Front Right O/S 7419632,499.95,2026-02-19,Pre-owned,False,False,https://www.ebay.co.uk/itm/267569767867?_skw=BMW+F30+F31+LCI+headlights+both&itmmeta=01KR3RTM7A19CYNEPQQTQKHJ7W&hash=item3e4c66a5bb:g:EHEAAeSwgXdpy07B&itmprp=enc%3AAQALAAABAGfYFPkwiKCW4ZNSs2u11xDpU7oajytGxU6vdlDbz41ErlY0MweQvWj2FmhaxueYbi4Ab%2Fhwm8nF3LHKxs2kREJu3rG%2Fs55KzUXyc7Onoba8ioX5N38NeWbkZYbRq5jxOJBmhdtcGJtCfbGDDjn0UmpmfF%2FuTrgYlwfgwSRb5tJ4df2WR%2FU6S98jGlFGWDjxYpjMD9%2F7gG0Xv3EPbBF94XLKr3A7rNFZjIWFmIwgja6uhPniHOyt7SRTHJZ9IjpYgelJKYWXRRr7SKB7EOGoUmgMv4rX4NR4IiS5ri021mkIM1CRpoDqLHK9d0Nm96dQpI835LmGuGpJi8sM90IHMwM%3D%7Ctkp%3ABk9SR5LE6vjAZw,single,False,True
BMW F30 F31 LCI headlights both,BMW 3 SERIES F30 F31 2011-2015 FRONT HEADLAMP HEADLIGHT PASSENGER LEFT SIDE N/S (For: BMW [F31]),146.5,2026-04-23,Brand new,False,False,https://www.ebay.co.uk/itm/276354210823?fits=Car+Make%3ABMW%7CPlat_Gen%3AF31&_skw=BMW+F30+F31+LCI+headlights+both&epid=20026008376&itmmeta=01KR3RTM7BKJQ8JT5ETZH0MG7H&hash=item4057fe9c07:g:bl8AAOSwVgdl3I2r&itmprp=enc%3AAQALAAABAGfYFPkwiKCW4ZNSs2u11xAimSbTxeJXdpa%2FW2cGj%2FHTwPaOmV4sfAmKvUJumQLGhT2IPHiUoNgMIPjKxz%2FsAVo70ss1J%2B6RVO8dx9zYvWn7fnZxbR7ujH2qduw3hlmYzUB8YpvnbLqTDpERoDP%2FCyqf4L8ULwEbk%2BQaqAbjXaaoJrt5Q%2B50PE6j%2FprI5QDGJB4JZCfFV9eo9%2BWTXMWnksIYXAc6ZMiLiMKUsyJoGNeo%2F2N78%2FBODX80H%2BY7YUpwYKbqpGmtZOUfhdrqBq2T6rViDp%2BegAJsWyu8z%2FsjNsUfUbKAk8ue115UQ5wS7lmXm9rIP7mrlcjac3OpDWVeFOQ%3D%7Ctkp%3ABk9SR5LE6vjAZw,single,False,True
BMW F30 F31 LCI headlights both,6x Yellow DRL LED Boards For BMW F30 F31 LCI 320ix 328d 330ix 15 - 2019 4302016 (For: BMW [F31]),36.99,2026-05-06,Brand new,False,False,https://www.ebay.co.uk/itm/206028155655?fits=Car+Make%3ABMW%7CPlat_Gen%3AF31&_skw=BMW+F30+F31+LCI+headlights+both&itmmeta=01KR3RTM7B4RTK3K0PRQ8M62GW&hash=item2ff83c2b07:g:FUwAAeSwIidpd8Ei&itmprp=enc%3AAQALAAAA4GfYFPkwiKCW4ZNSs2u11xBSC4sIre6jWbbpyB1VWfTLpdnEFO2MVz7ALhzYLakGQfkUA0x3q0Jbt86%2BIGEfXhYTdrkVjBXyFcurej64gzicNKZhGWl8J2HFLDCz4RcCrfgNTLNQpYCrIHG2RnmFdkzgY1skufUfA5vgIJB3xZYl72Al5vJPv1xQ6YrS%2FLKMdBgd%2FqtR2WozTEF3QK08KKEwnjPH26beQzkPgmBh5wdr3uXODiRaOWf7u6%2FGRLrDqbxbZdH8vGT7Vb2RV3Y%2BAyNx0WJznpc4%2BXolqWf7ik5q%7Ctkp%3ABk9SR5LE6vjAZw,unclear,False,False
BMW F30 F31 LCI headlights both,BMW 3 SERIES F30 F31 LCI LED HEADLIGHT LEFT/PASSENGER/NEAR SIDE GENUINE 7498947 (For: BMW [F31]),475.0,2026-04-07,Pre-owned,False,False,https://www.ebay.co.uk/itm/366167172092?fits=Car+Make%3ABMW%7CPlat_Gen%3AF31&_skw=BMW+F30+F31+LCI+headlights+both&itmmeta=01KR3RTM7BT97AP6VE725H84JP&hash=item554143a3fc:g:csgAAeSwAEFpA0Ow&itmprp=enc%3AAQALAAAA4GfYFPkwiKCW4ZNSs2u11xAx%2FlM81WASLw5IitdPepYnS3a2P0y919U%2FMqTKf0HryTPaFusistle1HiPn7maK7hCJRQAl6dAX0ynPnPuFNhGeaX9hjwNvxuQZj0nGi7LhAdKPUP9qNwjJ%2Bzh%2FXOks2XwP6nnejxjN4%2FhFtBKMyvpVI9lQ4DkzrIubBlWOvtjTkRt4oP7q9DihXOcLbWCSY4NnVSvpExyJp20G9eO585%2B2QSr5QBNHi9Yi8nmxQrzr1oqdgtZd8A3U%2BNNF0JwUObyXZKKFctQvGdJbvEuyrCY%7Ctkp%3ABk9SR5LE6vjAZw,single,False,True
BMW F30 F31 LCI headlights both,FIT BMW F30 F31 3 SERIES 2012-2015 HEADLIGHT HEADLAMP FRONT RH RIGHT DRIVER SIDE (For: BMW [F31]),146.0,2026-05-07,Brand new,False,False,https://www.ebay.co.uk/itm/267595912971?fits=Car+Make%3ABMW%7CPlat_Gen%3AF31&_skw=BMW+F30+F31+LCI+headlights+both&itmmeta=01KR3RTM7B8BTGFPGPW7FSVXPV&hash=item3e4df5970b:g:4XMAAeSw1DxpJBGj&itmprp=enc%3AAQALAAAA4GfYFPkwiKCW4ZNSs2u11xD9Jhj8uDVI8Jh%2FB%2FglMLCrvCQtZGmlMLN%2BrOale75HeJsLDlgfM%2Ff%2BOse257X9ZH4bE4x7qHrugtC8hj81pw3vMvpOF5fQKHfnjsKJXMWaCcrdPgIQEkOmMEko5mpy1jGnFg3uaCwJuuqM5nJkJ7S%2FRuQGqRAitwElDi%2Bz8XHARlZXUP4fElHCgRjOAL3mSWSdcW1aR69TQe%2F%2BrhYpWjJ2vkSnCXAjkFqQciJfUbB6iBuBmsIWMqv2imZ6XRkq5ecvD2VRGvWeQQef53D1pl8W%7Ctkp%3ABk9SR5LE6vjAZw,single,False,True
BMW F30 F31 LCI headlights both,2016 BMW 3 SERIES F30 M-SPORT LCi FRONT RIGHT DRIVER SIDE LED HEADLIGHT 7419632,680.0,2026-04-13,Pre-owned,False,False,https://www.ebay.co.uk/itm/326313300253?_skw=BMW+F30+F31+LCI+headlights+both&itmmeta=01KR3RTM7BFTRS7KASRJ87HF9G&hash=item4bf9c9d11d:g:EhQAAOSwAMhnGPw7&itmprp=enc%3AAQALAAAA4GfYFPkwiKCW4ZNSs2u11xCQSxh7uns0aKRXVtk983XvQ9sNoSODDY6JbpeODV%2F2Dazlp5F7LK9HMjZqCZ6T0cD2kn%2FIjuo0IEN3H35WhxSzieGa2q28zYBlmLQUui47xUChzn5oGIOyvyoxKJqMul5ok7AQWzEX2i002xP4yFPymUsJOOOlb9Q7uz2ZPubP9cGhqU6XyUdMkGzkaOv%2BBOpXyP4WtkvHTQeIUHyvxOYKJDbzTJYMNl6UlVqLCsN9ISI7fr7zXg2%2B78AW7awiB9jdPOr9yePWfK%2BtsXTv6gi7%7Ctkp%3ABk9SR5LE6vjAZw,single,False,True
BMW F30 F31 LCI headlights both,For BMW 3 Series F30 F31 15-18 Full LED Headlight Headlamp L+R Side 63117419631 (For: BMW [F31]),387.99,2026-02-08,Brand new,False,False,https://www.ebay.co.uk/itm/317106473974?fits=Car+Make%3ABMW%7CPlat_Gen%3AF31&_skw=BMW+F30+F31+LCI+headlights+both&itmmeta=01KR3RTM7BF4P1JGYBXGJVCDKN&hash=item49d504cbf6:g:vU0AAOSwPIBlUeYm&itmprp=enc%3AAQALAAAA4GfYFPkwiKCW4ZNSs2u11xAwGqYQXOSaMs3KB3lcHA5L%2BhNaalQSXz%2FwHE6FkT5GBf92ma%2BHX7yqKA%2BINhxsDrnHpTPlytsEMsTxVAjj0g8gPsLDuYTNihlOogJl5lFQ3qFLCTrhRs9GRb0YgLkM%2FMkkBq%2Fw%2Bq%2BTK%2B76iCkkGrrHmmi76ZkeHgeXfjYubkJx7%2FicBkxD3N63Z8bvUT5X%2FubuEc7jqVKIJOQN5I%2F6acrUaG06k4GiB8xhkpMGYhbPu%2Bwle1ZTHBwLYD6h%2Bm%2BcUUNlkXYa%2BPG4zDBWHQVxP5g9%7Ctkp%3ABk9SR5LE6vjAZw,unclear,False,True
BMW F30 F31 LCI headlights both,BMW 3 SERIES F30/31 LCI 2015-19 FRONT RIGHT DRIVER LED HEADLIGHT 7471308-03,125.0,2026-05-01,Parts only,False,False,https://www.ebay.co.uk/itm/366342207307?_skw=BMW+F30+F31+LCI+headlights+both&itmmeta=01KR3RTM7BZNC1V7KCCTVN9ZN2&hash=item554bb2774b:g:kJ4AAeSwpzNp2LYF&itmprp=enc%3AAQALAAABAGfYFPkwiKCW4ZNSs2u11xA5bbkx1RP6QhAP8IezOSZEQUCSvLTxR8jus8DGFR0VwXJP%2F9YuOslk9XBJLqAXt6CISklqqHAXgmUsOZt5YFo82hVK8cbBAQqmpuqlZm%2Bo5KXGAuzffVCDBQ2lpc13z92zMsLOBZbXCcDJyCuXeqYI7E3NKZxMLNMGv4oqBkjen97cb3g97v9YeiUq5GrZZpmMfjwyLMUYOmCfraVepBIf0DptNQiqCH8ez7lopImeWjvJjN6RScYUzjgwYPmOfGcfHE5ITZkETD5RCu5TpNtI8L1%2B6y5l4%2BG3WL3bN1GsIC9wStFeLACCzNHilIBVUEc%3D%7Ctkp%3ABk9SR5LE6vjAZw,single,False,True
BMW F30 F31 LCI headlights both,BMW 3 Series F30/F31 HEADLIGHT FACELIFT Upgrade Dynamic Lamp Projector 2012-18 (For: BMW [F31]),587.0,2026-04-23,Brand new,False,False,https://www.ebay.co.uk/itm/406783950756?fits=Car+Make%3ABMW%7CPlat_Gen%3AF31&_skw=BMW+F30+F31+LCI+headlights+both&itmmeta=01KR3RTM7BJMHHT8W96SSM3PZQ&hash=item5eb6367fa4:g:JuoAAeSwutNpuYPF&itmprp=enc%3AAQALAAAA4GfYFPkwiKCW4ZNSs2u11xAqB1riZ9ntRGsnsmrNYgQR%2FosZpPLSVRss8Ag7Xlb2VTFu7aV0N1U8ZqBMGNqe4Oyz6%2FUtVwvmvliN58FazoIPILMoM%2BcO9S1RteD%2FR6KU0bnNmGRXzu11Jz3PtiSeB0hlW6EA3dAALm%2FSJZkrwdD1v1nDDf3IcpdzlbFWQtU2pbn2Sk0haAYAEMeWIvRbDC6z50P1zbD5bCh3NtE6cglNYHAlq7i8bNl91UUmng55haLTqP4IPwtDQDHOr7t%2Bft7Nt0Xs1Kc0xCLu1K%2B0tmNL%7Ctkp%3ABk9SR5LE6vjAZw,unclear,False,True
BMW F30 F31 LCI headlights both,BMW 3 Series F30/F31 2012-2019 Halogen to LED Headlights (Brand New),338.2,2026-03-26,New (other),False,False,https://www.ebay.co.uk/itm/127762329080?_skw=BMW+F30+F31+LCI+headlights+both&itmmeta=01KR3RTM7BWSN3NBP52BT6W0GY&hash=item1dbf3a6df8:g:FT8AAeSwLqFpvyrB&itmprp=enc%3AAQALAAABAGfYFPkwiKCW4ZNSs2u11xCfjI8J3du7UW8V%2BWm%2BLYAkOObsXevy8n3SaWNLs6Wq2GN1oQAGNxvzAiuATuOHn0FN1f7UI%2F4VsqNgjzQiLQUwxOMMDpZE9KmZEamBXe0VPVv2uh677yqsxiRfWN2PDarvY47w6WGATTjOSqDTcBdTD2YtHi5EK2eIEebWShuik3cD%2Bosi8db7aQ0jNf01yoJpZF6s1XLv3Dg1NnmPKslwwibI4DvQujJ082E9CfpvR7kI0Bi5osNBkfMi%2FHxUbf4BVjKOGs0xk0VItRZoxTTHwPWhxjPL%2Fp2so1sAKTQGgtXD8jgUp6zIcvXUbwJ74%2FA%3D%7Ctkp%3ABk9SR5LE6vjAZw,unclear,True,True
BMW F30 F31 LCI headlights both,BMW 3 SERIES F30 F31 F80 LCI SHADOW LED COMPLETE HEADLIGHT LEFT SIDE OEM 8739561 (For: BMW [F31]),599.0,2026-04-08,Pre-owned,False,False,https://www.ebay.co.uk/itm/366167172129?fits=Car+Make%3ABMW%7CPlat_Gen%3AF31&_skw=BMW+F30+F31+LCI+headlights+both&itmmeta=01KR3RTM7B3DFP18NSBNQ2AX37&hash=item554143a421:g:K0kAAeSwjPVpCCOl&itmprp=enc%3AAQALAAABAGfYFPkwiKCW4ZNSs2u11xD8KZtC8JE1TdjbNBby5ATQPDbg0FQ6%2BoLuiG8zE9Vvf46h7xkF3Bo9hvFcd8vy5ab3EKMl%2Fyy%2BpfPmwzaL%2Bz584jvd%2FA8SfjIG9ABQLul2ZaGozeXoAVnUWGFH8MU8kv1SRC62cs0JAZgJQMkswcV3hxcW2BVUpWHhOz1nBBs9b3Io3nKZVRw94WxrMP%2BzzMwC--udNtzR62cPgcoaVYJA6DKO7%2Flj33MnT6%2FmXqVrMNaJTwK4pgMRbnOaTIfAzhJnCiCkvZ8QeVgGgXnB71OmR%2Fr0SQfGpprIbvFt4r%2Fw7iogSU26jKUA2ZjDozPpzaM%3D%7Ctkp%3ABk9SR5LE6vjAZw,pair,False,True
BMW F30 F31 LCI headlights both,BMW F30 31 3 SERIES LCI 2015 to 2019 FACELIFT FULL LED DRIVER SIDE HEADLIGHT,399.0,2026-02-17,Pre-owned,False,False,https://www.ebay.co.uk/itm/397541740172?_skw=BMW+F30+F31+LCI+headlights+both&epid=20022456029&itmmeta=01KR3RTM7BXNDGAN9WD1R7WFS3&hash=item5c8f558e8c:g:9zYAAeSwmgJpeK-X&itmprp=enc%3AAQALAAAA4GfYFPkwiKCW4ZNSs2u11xDQT7tH0moIQISmfVMaZVXy8UkmInS0nS4Kc03%2BZBRVIpIZB3kbY%2BTgBmc4F7ms87Ldus6bQIfrDh19CZnoOX4TPKFYEGyGjcRGEVJzXj%2BGLNOZlWh1RTX129XkZXZIl7NlZDJpW2Yss9SGG5R5D3Gll92FB%2FeWH7%2FZm82eiglGfq5h6AS0pjZQhKjKUSCgZ%2FWbhY2sEpoxRIzOGjYpuhe%2FBykBYWmJbXan4jLt2Asat9AWqbd4Bf7Ws8Ok0loCICt5%2BpbYtGrSfHzD5EaKvyBV%7Ctkp%3ABk9SR5LE6vjAZw,single,False,True
BMW F30 F31 LCI headlights both,GENUINE BMW 3 Series F30 F31 LED Headlight Left Passenger Side,350.0,2026-03-13,Brand new,False,False,https://www.ebay.co.uk/itm/397631802477?_skw=BMW+F30+F31+LCI+headlights+both&itmmeta=01KR3RTM7B43GP347MDBW33J17&hash=item5c94b3cc6d:g:lukAAeSwFQxpmIBn&itmprp=enc%3AAQALAAABAGfYFPkwiKCW4ZNSs2u11xCGTTpBuWVWx42wPwAlYfuSKtzu47Nv7fk4PLs8%2B0QblXYzPXq%2BsE4b30FLIPdRfKiPs6LBu7aPC3peJ%2BB8k8VXcIln36d2AZiFFLurYMlBQlMCPSRtP4JjSOaW60FivGA%2BkqaIdWrTr%2Fjo2JVt6agjaThXcRicbKfbKKTwJ9YJ2Q%2FXRmc4ANYV7POTkaHuaaKUFK%2BMvFSi8KPmqUXnLoNNuzd4SuRJEBGvwtzsemIkYpG6RK4qB7N6Av6M34DqbfTRA7kEsB%2F9ZvwsOD%2Bmvb%2FHlT0FKh%2BSYoLn%2Fb7tUVpgO4C1SKHJlK3w4ylC%2BPA4wl4%3D%7Ctkp%3ABk9SR5TE6vjAZw,single,False,True
BMW F30 F31 LCI headlights both,6x Yellow Headlight DRL LED Boards For BMW F30 F31 LCI 2015-2018 63117419615 Uk (For: BMW [F31]),36.99,2026-04-20,Brand new,False,False,https://www.ebay.co.uk/itm/358158532173?fits=Car+Make%3ABMW%7CPlat_Gen%3AF31&_skw=BMW+F30+F31+LCI+headlights+both&itmmeta=01KR3RTM7CRS8YJKRK4EA7AQZZ&hash=item5363e97e4d:g:oOUAAeSw45Bpd8Y3&itmprp=enc%3AAQALAAABAGfYFPkwiKCW4ZNSs2u11xAnI44PkI5lwkmE3WMbdoRabGZSejx5szibX9uckuCMWepGfzG9p%2FLKmz9tDpqUiQw%2FT%2FHPJS3Ddu08q3d3Z7YVyE91xoZajSXKd%2BzZRuFgna0z7BqdnKTAcyZMWmrAM8zCekUT1EmMj2k9amniAoshXPztwOR3aOdAnJb0ahTYFfnP51tmsOazqJJMlNH7uRLu2FnPSu3b8%2Bk3UnsMc3V7FCOxb7FPcATk7VT1DIFeQwgaFsOAj%2FpQts9zeOwiWqMkAVu%2FGTa74mdyQcqfuCpm%2FvWc9TsYLVTdIteiYb9%2FumWVLcCpqdjz2g13Jh9XNdk%3D%7Ctkp%3ABk9SR5TE6vjAZw,unclear,False,True
BMW F30 F31 LCI headlights both,BMW 3 SERIES F30 F31 F80 2014-19 LCI LED HEADLIGHT RIGHT/OFF SIDE COMPLETE LIGHT (For: BMW [F31]),599.0,2026-03-17,Pre-owned,False,False,https://www.ebay.co.uk/itm/366167172096?fits=Car+Make%3ABMW%7CPlat_Gen%3AF31&_skw=BMW+F30+F31+LCI+headlights+both&itmmeta=01KR3RTM7CNEYVQVYZX1S0ATW5&hash=item554143a400:g:eeIAAeSwIJ5pA0fK&itmprp=enc%3AAQALAAAA4GfYFPkwiKCW4ZNSs2u11xDwwNgMn3s4zQ5zoOJ2moUUYQkOG9aEa4BBYKbApNWiD4tV76VbbF7t3S%2Fo%2BQX6qgogl4gGRnm52hh2fSWD017r7dtnC6CNfd5kKsArUPCGjR01vFZql%2F2E8GLiH94pY39ffAT3T4TM5BQnsKG3rd069IMX8vqjSNpaQe7gRkThIGZV1PoNCNQI4lX8rZoUwOBwGFeZRF6ee0Hhij3P6TN1sgGFr%2FD89Fj75GlXgF%2FW4ZTFLXuzzlhswSZUwwFdRWqvTTXvcNsLABXjkcg95GiU%7Ctkp%3ABk9SR5TE6vjAZw,pair,False,True
BMW F30 F31 LCI headlights both,BMW Led Headlights - BMW 3 Series F30 F31 LED 2011-2015,399.4,2026-05-01,Brand new,False,False,https://www.ebay.co.uk/itm/198139197525?_skw=BMW+F30+F31+LCI+headlights+both&itmmeta=01KR3RTM7CRTAK0XBMT7NXY2E8&hash=item2e22043855:g:buAAAeSwcEdplFGa&itmprp=enc%3AAQALAAABAGfYFPkwiKCW4ZNSs2u11xCNMBmxo79JzxQB3pg%2BBCU39XSxMrllcjfCCj%2B9eNoGlfjf5oyjfrOWeetpLyKslAzp8BEbnKC3b%2FEvrZ1iBT8e65JXoVx87pVVjBsJ4pebh4unZvDX7w%2B45g%2FzZ%2Fk0a%2FOgSztQlO1p7EVVL4gbttFj2%2BW50Nw%2BBOhhMU5Au93tu6Di6qBk0ufvbYpYbS25JGl50X9G5xke%2BQycvofjSbbkTQ%2FRRPYC956mHRiaOYFK2l8A2yZwVSJAxTgShnjKLeL0ISRj7X65M0sIWBCyQbJ1yBw8cJDF%2ByxXts2kwq0JxBj%2F7cWEUm0vyrWc2eX7yO0%3D%7Ctkp%3ABk9SR5TE6vjAZw,unclear,False,True
BMW F30 F31 LCI headlights both,BMW F30 F31 Front Headlight Lamp LED Right O/S Driver's Side 7498948 (For: BMW [F31]),169.95,2026-03-23,Pre-owned,False,False,https://www.ebay.co.uk/itm/267610675582?fits=Car+Make%3ABMW%7CPlat_Gen%3AF31&_skw=BMW+F30+F31+LCI+headlights+both&itmmeta=01KR3RTM7CR2KRT2AQW6VPW2WG&hash=item3e4ed6d97e:g:YJgAAeSwciBpuTM5&itmprp=enc%3AAQALAAABAGfYFPkwiKCW4ZNSs2u11xB8LjvZaygV1shG8ydRpnVmqdT7zia0zc7bARk71Tiag5T0%2B%2FqD6%2BmHaYQrljttkgfYaQ4DER6708oZVPiZLfisRQbnvi1OT5FJqU5tRbe4doUoCvSwdRHgNqzhOwJdh%2FnTw%2FVXHre1Z0vHKiqKEFnln6UcV%2FEeUsIGPixILdDfcxKodgM8Tlx1rOL0PqXewM7XrhqzcLCIUJRR1Pes5jUPVHbwuaX%2B5bgtzkHSz45%2BWOg9YcBeJky0z2kVHQbe1kFYC29e5jRsPs8Zn3dtP%2Fwi%2F9cG6l%2B%2BcfmYonpGcZYndK4FSQg38YDI301eD3NFwv4%3D%7Ctkp%3ABk9SR5TE6vjAZw,single,False,True
BMW F30 F31 LCI headlights both,LED HEADLIGHT FRONT RIGHT DRIVER SIDE BMW 3 SERIES F30 F31 2018,404.99,2026-02-11,Pre-owned,False,False,https://www.ebay.co.uk/itm/117004276353?_skw=BMW+F30+F31+LCI+headlights+both&itmmeta=01KR3RTM7CHKSKJSRT50ASG141&hash=item1b3dff9281:g:PQ8AAeSwRStpJZRq&itmprp=enc%3AAQALAAABAGfYFPkwiKCW4ZNSs2u11xCh61gd%2BHRpw88T1xzJgfytGqE2rmOd6UKChHmW9MQC0slAiNMCJK%2B7DKXoE2hFz33YBlVqN59OLcMo7jhs%2BPxhs1kbzEQuJZVVX8k%2B%2BiHfkxA3itykiZLFMyNp5PquZvsL63UzWLsY4JclzAAFPxLOrPVUNNxI7CPurxbDV5AOyVf0QYpXZ5ymggd4JCyF723k7sDFJEyXdNHYUOW0lZUp%2FIZFgg5zXqHmQA%2Bg4s8FcJ18l4JQ5nBcVew0oQ9KR31wtokrethiLM83CDCQ7lk9pgSyILOUGlPKWndoeV0qJz9z0X%2B65Zmpw51DCtfIQ04%3D%7Ctkp%3ABk9SR5TE6vjAZw,single,False,True
BMW F30 F31 LCI headlights both,Headlight Left Full LED Headlamp for BMW 3 Series F30 F31 2015-2019 63117419631 (For: BMW [F31]),195.0,2026-04-25,Brand new,False,False,https://www.ebay.co.uk/itm/276830960269?fits=Car+Make%3ABMW%7CPlat_Gen%3AF31&_skw=BMW+F30+F31+LCI+headlights+both&itmmeta=01KR3RTM7C6D7DEYXRTW29KYQQ&hash=item4074693a8d:g:vFsAAeSwP8Rp4ajr&itmprp=enc%3AAQALAAAA4GfYFPkwiKCW4ZNSs2u11xDhE9RDMkIDbk2Q7bGOuZ4lgkczUykaY5SEE0XFIHLH7C37Bi%2BkKWPsPlSyMR268mU6o1fpr%2FLDmO9N6j5JDRW40X29a99vILI25eKSwe74oRPFGjCTryp7boLab1VbD0dayOwcmCTEBSjqdp%2FJhRzcAvIYmGJwp%2Fd8kPbD3tAA7mXTMMBKdiBJxlI8DCejAcEjtq3hy%2FVLKrM1VC1WctVuseVLvbyrOLMjJsmYE91VEpKYEQDkqOnbH%2Bl2WNfEIqsn0xyG%2F7meZRmzFuj3uSEY%7Ctkp%3ABk9SR5TE6vjAZw,single,False,True
BMW F30 F31 LCI headlights both,BMW 3 SERIES F30 F31 F80 2014-2019 LCI LED COMPLETE HEADLIGHT LEFT SIDE GENUINE (For: BMW [F31]),599.0,2026-04-24,Pre-owned,False,False,https://www.ebay.co.uk/itm/366167172035?fits=Car+Make%3ABMW%7CPlat_Gen%3AF31&_skw=BMW+F30+F31+LCI+headlights+both&itmmeta=01KR3RTM7C4701X3FXKWAQ67GF&hash=item554143a3c3:g:csgAAeSwAEFpA0Ow&itmprp=enc%3AAQALAAABAGfYFPkwiKCW4ZNSs2u11xC%2FHHGQ179BsDb66mKx8NFaHeCya1Qs8HmLgXfgAqY029CK2tII6BR5hhGr3Zpn6Dec1lGLF6ScPCN7MdmmocpzJbKL4eVXI9y1ulF6mcvYWoCsPva61%2FkbAea2WGylkY8fcNBoE1rePZL03jEbFLK6xg%2F1BdGpihxg3DFVtLw73Psm1OsyJ%2BcBUqlBZBdDoBZS8UnRkid8u%2FopTneww5dI5Vy%2B%2FlPrYAd6zFwe7wcoQ1Ua4NPTPsPWDKX%2BseETqzw%2Flh%2B4BcHSJR2WcfdIdp2e9BFnsqbnvDL%2BcoUNrEJXE3vOhw%2Fpl%2FfgAp00ImIgCpk%3D%7Ctkp%3ABk9SR5TE6vjAZw,pair,False,True
BMW F30 F31 LCI headlights both,BMW 3 SERIES M SPORT MK6 F30 2012-2015 Passenger N/S Headlight 7259539 (For: BMW [F31]),104.71,2026-03-16,Pre-owned,False,False,https://www.ebay.co.uk/itm/157712560618?fits=Car+Make%3ABMW%7CPlat_Gen%3AF31&_skw=BMW+F30+F31+LCI+headlights+both&epid=838132545&itmmeta=01KR3RTM7C60ZBK5AEYZYAFPVE&hash=item24b866b1ea:g:pMUAAeSwZFppoW2h&itmprp=enc%3AAQALAAAA4GfYFPkwiKCW4ZNSs2u11xDJ6%2FEWYv%2FN1Uf2ju82tnApnX23jTjToFtvChRh9sTWjwwzEKa3aFsVIdBFsQ2ChrbVjMYJZxU%2BeqAsVrjcHVSKz%2FG%2F3PjclD8%2BH8sPpD3Crv0n7IzzMqUQPU%2FZtHPGpRSGtlT2ZGkvqvcLXjDSxPlQ5CfNtd%2Fb3nIm%2BiaZi3xl4fQDAFqNZmEO5Jro9JmwZ4LOnmqlpK5xtV6nfCbDnTR06agHuC%2BXm7ZN0YX7qRkPqBk2yiCcA9PInxLxAySUnsGD3XMAZlnuavSKerxYQBfZ%7Ctkp%3ABk9SR5TE6vjAZw,single,False,True
BMW F30 F31 LCI headlights both,BMW 3 Series F30 F31 2012-18 RHD LED Headlights Lamps Plug&Play 320 25 30 35 40,999.95,2026-03-22,Brand new,False,False,https://www.ebay.co.uk/itm/334798587089?_skw=BMW+F30+F31+LCI+headlights+both&itmmeta=01KR3RTM7CVMKAEDHVMF6YN2PX&hash=item4df38d04d1:g:RcQAAOSw861mPVOP&itmprp=enc%3AAQALAAABAGfYFPkwiKCW4ZNSs2u11xA0VOf%2BEOES3mHk%2BtTnN3%2FgRKcl8m8tSOSaBVfc2f%2FXuuNKznBurAW7OF1hHl2puC8cJQx165jDAIeYDn%2FCrEyl1H7BhDU3butYC5%2BE3yqLKzd%2FeYJt3i6qI8sIfRyWJtEUm6G45SmzncpZIV7M4etB04%2B2qJDcoxUeyTk173wlGmPiSY2u%2BmZaR13LKW0MHSbLYBdp09OI3lUum7DFJ1OsMMLAtlxFByUSLPexiVTcByNrOGSPEosXoYACN6%2F3mkLF6H778E%2FfRze6yRhlZ4564qUv6CQV7ru28zJ8XK1kqJR9OOz3Kz51ELGX02bZ8DI%3D%7Ctkp%3ABk9SR5TE6vjAZw,unclear,False,True
BMW F30 F31 LCI headlights both,BMW F30 LCI 3 Series LED HEAD LIGHT PASSENGER SIDE GENUINE,349.93,2026-03-04,Pre-owned,False,False,https://www.ebay.co.uk/itm/389463716408?_skw=BMW+F30+F31+LCI+headlights+both&itmmeta=01KR3RTM7CNBFK2Q099KG3YY6E&hash=item5aadd8b238:g:ALEAAeSwNvdpXbMU&itmprp=enc%3AAQALAAABAGfYFPkwiKCW4ZNSs2u11xDDzDJpnuu1mwSGY%2FEZKrAe5n8G%2B5rDHW%2BVAbEA4dq2l7QBfSGdQEkuEToVim6gsjEJ%2FuwKRx1hN%2FcPUoRUoh0w0D7caawSWb62Q%2Fr3myd2S9XNADSni0gULBWrDWtdNaaI%2Fef2Chc144GIq2zMj3Nvss6N30tOSy4zgRpwBHIILJgnKCOIo7EHxzKURWMau9WNNTHKG%2FX04weF5xzHLLJSxdYXHB5Bqer4FkbAia7uEmQ%2FT1nKf57R9u1mZonfecWcCkrWYOMBy%2BPd9j%2BqIMtZXjopvbXIvjvfsKHZbpH1bacXt0RqNrxUwHilnSa3LiI%3D%7Ctkp%3ABk9SR5TE6vjAZw,single,False,True
BMW F30 F31 LCI headlights both,BMW 3 SERIES F30 F31 2015 HEADLIGHT RIGHT DRIVER SIDE 7365598,199.99,2026-04-08,Pre-owned,False,False,https://www.ebay.co.uk/itm/117113598292?_skw=BMW+F30+F31+LCI+headlights+both&epid=8007670353&itmmeta=01KR3RTM7C64VM0Q4K5CZ4ZEP1&hash=item1b4483b154:g:Z1IAAeSwmGVpyBqW&itmprp=enc%3AAQALAAABAGfYFPkwiKCW4ZNSs2u11xDUOCYxeef6VnPXHxevUQmhsCFnSE6gn5sRMWy5%2BEMcgiOeTca2Eb0XPo5ShhnWrDdSi8nUlo648NWjw7AGwGVOsiOu9KZs%2FthwAw%2Fxqh9ktGlq095e80478tp8o4y8bMIdl2CypPKo6TNj348Azo1cNUlTgNlP0ofAmG7%2BWJJDv4E%2Bkhs%2BhWvEMsRXLNo9QsFMYkqI6%2B%2B%2F8Fl%2BQ82Kpdy2zA7GMEuNSoj6kh4bm1ZkI2QBz8%2F37inh%2FcHSe19SsakNo1VREfEnnjRxF4OBpMYDAuHQlJF1vsIKosCOZYMLZdKpOKQDeu31iNnC4qGBx%2Bk%3D%7Ctkp%3ABk9SR5TE6vjAZw,single,False,True
BMW F30 F31 LCI headlights both,GENUINE BMW F30 F31 LED HEADLIGHT DRIVER SIDE 9883502,300.0,2026-04-09,Pre-owned,False,False,https://www.ebay.co.uk/itm/397813862470?_skw=BMW+F30+F31+LCI+headlights+both&epid=27037620145&itmmeta=01KR3RTM7CJH541H0DKB0KWBZ7&hash=item5c9f8dd046:g:oNYAAeSw1ldp1VST&itmprp=enc%3AAQALAAAA4GfYFPkwiKCW4ZNSs2u11xD7OJpfFJ6yBL2d%2Finu0T%2BawRE2kndVw7XqXNyIeWcCCVPWmcG2PYOe65q%2FMMCGoGFxCXpL%2F34OHp3heqI%2B0niHbHpL8yeiQI7GT324nJkvmnxFpXsvVC8NadAxaLDxUmzdOlCVXnKjrchFkRv6XNkQhH1Rth8NaYkYJG0DmIoDgUn5yW0lpu%2BY1aJMETkPKJo2b1lblbjf6ZFW%2FJa%2ByaEk1U37EH6S5FTR5v8XZlsfytxlG6nY%2BjzUBpKMyflixwm5ak9s4bXQ7jCsckf7C764%7Ctkp%3ABk9SR5TE6vjAZw,single,False,True
BMW F30 F31 LCI headlights both,BMW F30 F31 3-Series LCI Facelift FULL LED Headlight Left Side GENUINE 7453483,501.4,2026-04-08,Pre-owned,False,False,https://www.ebay.co.uk/itm/167138364492?_skw=BMW+F30+F31+LCI+headlights+both&itmmeta=01KR3RTM7DHS881MVDES61X30C&hash=item26ea390c4c:g:0EIAAOSwJsFnStKm&itmprp=enc%3AAQALAAAA4GfYFPkwiKCW4ZNSs2u11xBeiK8mFLIK6k%2FNmORwY6sr%2FlF7MG5Biy0n6akb9HgZW%2Fp9N%2FV0HWA4jCRvu2pPYbwPCIE0ySFn0pmMoIkKetCNr9stClybsw%2BjAEU17MGP0JSu1ra8gk04R5pDA1do3Q0colmywLU7CPtBm%2FTV%2ByA3HpjPZXiMH3M7soOUFlEODPwTpHwNZxEDwMJpCbScz7QUHcdzhdsIHVig5DQu4osiA5yDGSU8yj1HMI%2BopADsJoyjMmA%2FN5Citl9I%2FxzWYuCqNmn8zW%2F00OQUbiaB2dT8%7Ctkp%3ABk9SR5TE6vjAZw,single,False,True
BMW F30 F31 LCI headlights both,BMW 3 Series F30 2016-18 Driver Side Halogen Headlight LCI 7365598-08,180.0,2026-02-23,Pre-owned,False,False,https://www.ebay.co.uk/itm/127694983268?_skw=BMW+F30+F31+LCI+headlights+both&itmmeta=01KR3RTM7DAXY5D367VMMV862J&hash=item1dbb36d064:g:70wAAeSwDStpmD9T&itmprp=enc%3AAQALAAABAGfYFPkwiKCW4ZNSs2u11xCFw7IdxLuUTM4D%2BFzCwwQt2dvM6R9wbhTDMac3pHfg3UwqcciFdOhAjyhiUH0xhklsaA2aD4LtiuUQjZCMTZ%2FU2Jz5VfC1nDA%2FJcGxZvplS1EG0SVPNFbZrijF%2FsE6ZK2x76A3ndWaG1hWPwtIBdjia54iY%2BgKHjbVPYLAb956zn39n4mbJvHNnwpjUipO8V2rFqiwDgKtW2ePpO4QxCJi3DlYsRVEEHnBrCRP2RgDoTeaowvkQvhyFCbede5uoMoW2lhJSd8BZzSCPop4gvawvAbQHn1xeLxFamslXZ8Bv3r%2FOhpv0sK5ljf0P4K%2F8a4%3D%7Ctkp%3ABk9SR5TE6vjAZw,single,False,True
BMW F30 F31 LCI headlights both,For BMW 3 F30 F31 Front Right LED Headlight Head Lamp 084441183R 2012-2015,179.99,2026-05-06,Brand new,False,False,https://www.ebay.co.uk/itm/168311812746?_skw=BMW+F30+F31+LCI+headlights+both&itmmeta=01KR3RTM7DZH366KXAJCMQRGQE&hash=item27302a728a:g:tBcAAeSwo41p2Wj1&itmprp=enc%3AAQALAAABAGfYFPkwiKCW4ZNSs2u11xCbZLjSpjqiWiAG67rT7P5fxi9Uxjd45Ycyxu9i0d%2F7PT7pZjR6Moc6Wr6jssNW%2B8dtMgf%2BSOpNwzRmNoq4Wj7flzLNSNLfkcnau3jz0YIHSUVqeJF7ZZU4SGj3%2BXeOjPe--cx%2B%2BOyc70XQie%2F2qYnj4jxyBgAvnAjMVdUdCX49zveZJyTHyIpoJ7lEeftCWJT8FB%2FNU%2FTuXrGd5WHL50uPfWCwhiY%2Bigdm0KanYyTZy6irylKZZmmZ%2BtvDOQvC3O7pMZ0OiOUVuykulTOKI5aDeDXbABBRK9e%2BFbrbFCUIgG%2Fk%2FP5NxgiswQrwwWRBQ6Y%3D%7Ctkp%3ABk9SR5TE6vjAZw,single,False,True
BMW F30 F31 LCI headlights both,Headlight BMW 3 Series F30 & F31 2011-2015 Halogen Headlamp Passenger Side Left (For: BMW [F31]),146.45,2026-05-01,Brand new,False,False,https://www.ebay.co.uk/itm/385456153979?fits=Car+Make%3ABMW%7CPlat_Gen%3AF31&_skw=BMW+F30+F31+LCI+headlights+both&itmmeta=01KR3RTM7DD38QQQSRGAQXYPRS&hash=item59befa257b:g:yhUAAOSwMpxkjHgT&itmprp=enc%3AAQALAAAA4GfYFPkwiKCW4ZNSs2u11xDzQeQPqpn7M%2BVeg3q4LMMTg4fYQ7I%2FK2CzzTH1i3dI2BxfEuqYyd4sAtBiJcp3Esiku8RpYSuRVCf81qTvdMG%2BsbTuGIt9g9IHwkRC5TF7K6nSXmvhlql%2BTzQstTYTrCvEThE3zURS5NyRzULwrt%2BEbZpbaeCdBUI9ZrkvnjLrbMvtuc%2B0taJbLIaOccqeaNROjg5%2FM1SC6XjVJ16Kpdl5ib8eyUJN1XJNV1GFCXu9JLZNmYH4i7RfNlcs63cDMuxO7jITjFvDVPVpUxpPu%2B%2F2%7Ctkp%3ABk9SR5TE6vjAZw,single,False,True
BMW F30 F31 LCI headlights both,BMW 3 SERIES F30 F31 XENON 2011- 2014 RIGHT DRIVER SIDE HEADLIGHT 7259548 OEM,349.0,2026-04-20,Pre-owned,False,False,https://www.ebay.co.uk/itm/389782554037?_skw=BMW+F30+F31+LCI+headlights+both&epid=624218477&itmmeta=01KR3RTM7DMMTC28MYCKFTZ0TV&hash=item5ac0d9c5b5:g:sc8AAeSwTfppv9yc&itmprp=enc%3AAQALAAABAGfYFPkwiKCW4ZNSs2u11xBbJxc01kjj1iN19OykYmd7kfkMLzCIGkMOLDeCHYzUTHcOFDDrNrikGY2ai49TtWjhgCTE941WM1oydGVAAOpcrD8pikbtk8Bi42EqH4odc7PACIOU3hF%2Bc7PLwoqcPTMuh4n44a7LVuyvoa5cNnx03p8IKjGVg4k1KCS6Wyv7gOx%2BfFWvB8UO%2FoAOK0j2yDuWPXG%2Fqpn6R9Smdu9DhhJJ%2FD3mGGMs6HE%2FExomwDvb41arrCgEW8Esriuldk%2BNFVxVVyjY1%2F3gdh45EWaDsxuKVrWEyHgq5a31XVIl6Xpa0aFBTXSugM2651E62xUaqw0%3D%7Ctkp%3ABk9SR5TE6vjAZw,single,False,True
BMW F30 F31 LCI headlights both,2012-2015 BMW 3 SERIES F30 F31 N/S LEFT PASSENGER SIDE HEADLIGHT HALOGEN 7259539 (For: BMW [F31]),89.99,2026-03-01,Pre-owned,False,False,https://www.ebay.co.uk/itm/306794042129?fits=Car+Make%3ABMW%7CPlat_Gen%3AF31&_skw=BMW+F30+F31+LCI+headlights+both&epid=838132545&itmmeta=01KR3RTM7D1K9AFZZE0GJK8P8F&hash=item476e599311:g:97gAAeSwJOFpnEh7&itmprp=enc%3AAQALAAABAGfYFPkwiKCW4ZNSs2u11xDyormk7H0cqg1jLVdqxnUno2mbx5kIh6w8EVfvmXMcuEYEB9zlPTC%2FkpUnmZK3GhFxZL2DqQQVbj7Z10K0BwA8QZfmm%2BE6GQz2B5pvokFCucSi%2FsPgKXCsDriorQ%2Fh0wSZB9nE9evdjLvYq%2FW7t60NIU3pluarDfk8wl8%2FSPCyVTWxlOfc5%2FTKhLLuskaXIdExXLJ8ywtibuFqcUL%2B1jPumWJs1u0Qy6VD%2FPFEwQbPTSX4UhHVKuYBN8I4RjJlpEy%2BvQ7i1btpZypWM4TCuG5b797f00C321ArcIXX7VP%2F%2BI%2FKbOThgUIbxstydJQh0tA%3D%7Ctkp%3ABk9SR5TE6vjAZw,single,False,True
BMW F30 F31 LCI headlights both,Front Right LED Headlamp 63117419632 for BMW 3 Series F30 F31 15-19 Driver Side (For: BMW [F31]),177.0,2026-05-05,Brand new,False,False,https://www.ebay.co.uk/itm/389324322777?fits=Car+Make%3ABMW%7CPlat_Gen%3AF31&_skw=BMW+F30+F31+LCI+headlights+both&itmmeta=01KR3RTM7D7F8G8EAP77SJNYSC&hash=item5aa589b7d9:g:1fEAAOSwoG1hrWy1&itmprp=enc%3AAQALAAABAGfYFPkwiKCW4ZNSs2u11xCwp%2B4MT2ICDWBrbW0FKZMwOjC400zYIWZdQz0naxP80sQdJlfeN7IyNXcbdT6gvRrEWsAVBdp2s9LD2Iyli2OWqh8zt14B8uBoSZWJp7GshAqqG7qpDj40kladganm6UnCfVx1dltRDoKwLVfzJBCtb%2FaynRCUojXtlvFK9gSOcyGj7FFlz40WiH8qV7Auu69bf41WZFX82qolJ3QXDQbGstJvy6PUtIHHT3%2FjiKP09N41g10BcId8B3aY3MDshLIwCcqV4YFH2c%2Brpjb%2Fi48a7S3Xlx%2BE3ezEDA%2Fh7HiXWJioLave6KRLpC%2FfcYqeknM%3D%7Ctkp%3ABk9SR5TE6vjAZw,single,False,True
BMW F30 F31 LCI headlights both,BMW 3 SERIES F30 F31 PASSENGER SIDE LED HEADLIGHT 7498947 2015-2019,250.29,2026-05-05,Pre-owned,False,False,https://www.ebay.co.uk/itm/198274057079?_skw=BMW+F30+F31+LCI+headlights+both&itmmeta=01KR3RTM7DZ04WV08DFG1447A5&hash=item2e2a0e0377:g:SpkAAeSw7ztp2rwf&itmprp=enc%3AAQALAAAA4GfYFPkwiKCW4ZNSs2u11xCpwMSMOEXczorXlIgTq4XUJycOQhQul%2BKbDgQoNFw2nYxy%2FdQU%2B9aB3mY0cuinOQSgR0I1kCa6F1pPwiIgYOC8SUv09rFdICB5dOH%2FLYbEvjWNb4ksF%2FlDY7yd1FvBAX6KEVuRFpSKpsON8QDqOQTrzrbI%2BCj91CBt2W%2FVW6yW5%2Bz32pVkAnmcDZ1kcPTH1W34D3T9nGw1ZuTZZjkMJcXvUuLEM%2F%2BoePl1ORDrM23JpijcJaSrVcLY8%2BoRFMI%2FmnqkB8Rqts2K0ZpUL9MM3o6o%7Ctkp%3ABk9SR5TE6vjAZw,single,False,True
BMW F30 F31 LCI headlights both,BMW F30/31 3 SERIES BI XENON HEADLIGHTS 2015,363.7,2026-03-02,Pre-owned,False,False,https://www.ebay.co.uk/itm/397663856669?_skw=BMW+F30+F31+LCI+headlights+both&itmmeta=01KR3RTM7DEAZGER62YETWXA5V&hash=item5c969ce81d:g:9ekAAeSwEIFppFUO&itmprp=enc%3AAQALAAABAGfYFPkwiKCW4ZNSs2u11xATRF508YiZCuA3X76lwyZBp527fEr9eyy%2BuqAMFPHtNNLxe8uNdtt4Onm%2BkLmdEC9%2BYkGtE9MA7NvCnbsIVZPG3hjsAKQvalsPNkmeKjRikajRs4U5XScq4MkZSI6A4DP6GQZCwmo7apI2MhXj2srd5A%2FecvxrM2W%2B8aaTOpNfLh4AC%2BlZe1SbPZifGizsF6OqaZqTDNARiqgese0rdN2gVBprPTzQNaFnxanP%2FK3UNVGkm601OKxnFEpirv%2BAnVagp7oHbx7P8k%2B5aNOXMXgCXixfM4Pn%2BtCJpG4DW0YjzDA%2FMGLR0OKfHlshCQFQSf8%3D%7Ctkp%3ABk9SR5TE6vjAZw,unclear,False,True
BMW F30 LCI adaptive LED,BMW 3 SERIES F30 F31 LCI 2015-2019 ADAPTIVE LED HEADLIGHT LEFT PASSENGER GENUINE,250.0,2026-05-07,Pre-owned,False,False,https://www.ebay.co.uk/itm/157722909672?_skw=BMW+F30+LCI+adaptive+LED&itmmeta=01KR3RWWY32ZKK46VRV1WH3XEQ&hash=item24b9049be8:g:DR4AAeSwMihpzVt3&itmprp=enc%3AAQALAAAA0GfYFPkwiKCW4ZNSs2u11xCqc%2Bl6PDWI3BDeF81JmQutoyutpmaAXyvg7WDBZlz%2B1OqqcmmPxVFwZ3lQLZjeWdcMF56ZQjv7FavwRChOx4DzA76Q%2FvQ%2BAmfROqvaKFLCqgp7y2QeZAv6XUJmTasxLc4gbewQBenis2XBAZOtpCL5j4WL3QxLo%2B75%2F96RGYvjPDiLipjmlgHHYCCclVGxqfPw7JaKVB93phIRmRAsQYJLo4GPiYsgQkBcl9%2Fsky3tI1OBj9vL6c0NSuhltFafP%2B8%3D%7Ctkp%3ABk9SR8zP8_jAZw,single,False,True
BMW F30 LCI adaptive LED,2x H7 LED Headlight Bulb Adapter Holder Audi A3 8v 8p Skoda Fabia Octavia B4,3.95,2026-05-07,Brand new,False,False,https://www.ebay.co.uk/itm/283655612240?_skw=BMW+F30+LCI+adaptive+LED&itmmeta=01KR3RWWY30BX7HQB05BHS3SK7&hash=item420b312750:g:QW4AAOSwcZNnkkER&itmprp=enc%3AAQALAAAA8GfYFPkwiKCW4ZNSs2u11xC3x9cXcQKm22epSTZgdAXalWRwqCnN24FhYCu%2FpYZwfHSpLeoNct6E3p6FrVUwcuJj5LiCIrpHBUtK4nPEJK0G%2Bip2MJXg4P7AmU4wU9S1Aj1CUKeaUyLqr7%2FTXWYAmuOWFouqI6EdTi7LxXP6P0uNUdqvOqk1bWacHxtfcImFxIUyAOTPnGZMsBTlBi9nsy7QsL2L5NvBLwtxL%2Bc7%2BadhrpFfvjCG5CAevdnD1sW5HBfxkxkC9KkpxFLh7vyprq9aL9TWrAgcm0iGQkhruJRKxDzYQ20IYBdK53TxbR1fZg%3D%3D%7Ctkp%3ABk9SR8zP8_jAZw,pair,False,True
BMW F30 LCI adaptive LED,2x H7 LED Headlight Bulb Adapter Holder Audi BMW F10 F20 E60 5 Series 1 B4,3.99,2026-04-30,Brand new,False,False,https://www.ebay.co.uk/itm/283655611872?_skw=BMW+F30+LCI+adaptive+LED&itmmeta=01KR3RWWY31MN26EZCHXQYSZE6&hash=item420b3125e0:g:hiMAAOSwnGxnkj1H&itmprp=enc%3AAQALAAAA8GfYFPkwiKCW4ZNSs2u11xD3QeT77PI%2BFO5x3YzjbEVnPFnpPvvX5BmD5A3GYDa6xBSHRhW9fuMzGJFq3f4x8OtsZZYRh%2BiSGTr4LLrw8Do4pxWff56fcqW10DE66SM9hVQR9Bax0ICwF8wYS1uSj5BoJeKcx1OkrLiqCVnIP0CcUyqB3gLmwCpD7C8NM6SmS1feypClmhLITxEPu6XvnTUDqXm32kCqqMkMTegYBaw%2Fzg4yVbQ0ahMdsU4ZeypUFl%2FdeGtgyAMxQIeXsdF8L6oZk9iAuArjrASdvcjuF5qZgbV6RK6dbD4IDCG6T43KhQ%3D%3D%7Ctkp%3ABk9SR8zP8_jAZw,pair,False,True
BMW F30 LCI adaptive LED,2x H7 LED Bulb Holder Adapter VW Skoda Octavia Superb Fabia Roomster VRS BMW,3.99,2026-04-29,Brand new,False,False,https://www.ebay.co.uk/itm/266219538632?_skw=BMW+F30+LCI+adaptive+LED&itmmeta=01KR3RWWY32T0QG5HYJ7MHCDCD&hash=item3dfbebc8c8:g:yBoAAOSw6mhkOYFB&itmprp=enc%3AAQALAAAA8GfYFPkwiKCW4ZNSs2u11xC5wszJBEdlmva6XGhVAwfwWBQ%2F16s3LhjIX16KyQkJKtP7%2BKaJYvilM%2FS1yn8OeXZsQyBaB7cWcZHiPjzboSaMREGaEBBRqmHylwIBLoPxvwb6qnd2tTceGcvYLXYBQ5JcMfzO4cOpaHp0Cs1W%2B3xLI6x1VHERqIZYFNCjESzkAN34VtTIJxvFd4QyVU594bAJq2uGS5zp4qotMYymUQv27O3U318lRapgTEyLqOuAKx5ouD6Aehhxg%2BdFthwdXfJbbORz6SXIWKbNGHrH3n6RV0qVaKg5%2BXmBm%2FLqhyOF2g%3D%3D%7Ctkp%3ABk9SR8zP8_jAZw,pair,False,False
BMW F30 LCI adaptive LED,For BMW F30 F31 F80 LCI Rear LED Tail Light Retrofit Cable Adapter 1 Set,68.24,2026-04-26,Brand new,False,False,https://www.ebay.co.uk/itm/306899848988?_skw=BMW+F30+LCI+adaptive+LED&itmmeta=01KR3RWWY3ANKHPGMJM5S6GZ20&hash=item4774a80f1c:g:OsMAAeSwVqBp6zGH&itmprp=enc%3AAQALAAAA8GfYFPkwiKCW4ZNSs2u11xCYoCXs27EpP2E9wVcvH9etQW6Db8t%2BRolQ8i66EzIkrpCFhqJcn%2BHo0fnK95a2Nc9jcsDCUYNDyUs8ja1dBreRid6yDHWSXzzc12p90uGL9i33vZ0lQNc9pl9oPW7%2FwCYxTuHTfCLvlp6DCorjK3G6GGqgiJhiCkVTTYcgQrYXDjIkOHvs3mgSdOQ835d7buWCwePUB2wIQ76kcbZirgG1YMtr9K1wRVn7OTG4GbNV6Iy11xCPeBaEZk3qLdZxJTTm6gUQituHsGCJBKfd4PvJnQm1hVQwi58%2BZuSn9bdqKA%3D%3D%7Ctkp%3ABk9SR8zP8_jAZw,pair,False,False
BMW F30 LCI adaptive LED,Headlight Headlamp Full Led Adaptive Bmw 3 F30 F31 LCI Lift Year:15-18 7471312,519.04,2026-03-17,Pre-owned,False,False,https://www.ebay.co.uk/itm/389746890039?_skw=BMW+F30+LCI+adaptive+LED&epid=15035833207&itmmeta=01KR3RWWY3577EBDZ50QH4A1NZ&hash=item5abeb99537:g:4LQAAeSwd6FptXO7&itmprp=enc%3AAQALAAABAGfYFPkwiKCW4ZNSs2u11xDUXQKo7YjelJUOx85k2iDspD0ZqVvV1joNYqaBGkg1YRpDPJlfWn7jxEh9ik8e0YYzaFma2s5fDcAK6CqG3G%2B2WzBeFVhtCpRcyL2bZwiXl2hanjY7K0j1bVPhn8zZNevY34uM%2FUrWyLHYwfz6jnKg5Xi4kUID6FO7ObGrSrj84CkbKqM80c%2BDQyZn1Tp9AtEUK8hYU6HegsSng%2BvyOK4MFhbwhBKlsJwRl7jmFK1y%2FfZwBf3eYlI8iIfXExxcFw3j8X9Vt1kB9zmJqNSXozxCzrAdu0sc9Otj8TXSnGx%2FYkgSc5Bwm%2Bee%2BIFAPVLBvDI%3D%7Ctkp%3ABk9SR8zP8_jAZw,unclear,False,True
BMW F30 LCI adaptive LED,LED AC/Radio Cable Y-adapter Splitter Wiring For BMW 3 4 M3 M4 series F30 31 LCI,12.28,2026-02-19,Brand new,False,False,https://www.ebay.co.uk/itm/168064062117?_skw=BMW+F30+LCI+adaptive+LED&itmmeta=01KR3RWWY3Y9MSFTTG46276DXD&hash=item27216612a5:g:SLQAAeSwdvRpXgmW&itmprp=enc%3AAQALAAAA4GfYFPkwiKCW4ZNSs2u11xDhzmG9%2Fb9E5THCeA%2B5t%2Fk47H%2BJfxcEeNF15EoBPetbNX9vXsN5hPwth3R9gcKQ7waNYq4qPwfGTdwle65%2FoY6DJDr4unUPSuGN6VRvEuPnYP4GiL5vWruzN1T0FGRh8fIsVnvhbqyFHUMNbqPOl7jgZklf03MaWkwpuoGPahsTHtS48HpC%2BvtYQupyXULB7uVH6YVz84pzTKgqssAOdgfLScH1R%2FML6D3aKdl9UiT%2FxqZ2yJT%2FqHmCVt1%2Ba68VavlXz2H7AKRUxb5qnwfhFCaH%7Ctkp%3ABk9SR8zP8_jAZw,unclear,False,False
BMW F30 LCI adaptive LED,Headlight Headlamp Full Led Adaptive Bmw 3 F30 F31 LCI Lift Year:15-18 7471312,575.27,2026-05-03,Pre-owned,False,False,https://www.ebay.co.uk/itm/389239648452?_skw=BMW+F30+LCI+adaptive+LED&epid=15035833207&itmmeta=01KR3RWWYPG38DG6S7YCWR105E&hash=item5aa07db0c4:g:7PcAAeSwi7FpGZjO&itmprp=enc%3AAQALAAAA4GfYFPkwiKCW4ZNSs2u11xARw%2BIbjBbMLdpWLtRVhEER%2BaiWX%2BDGQmWLOr4vfUqsL7yG4nOqzvGHbd41hm1bRNrOpQd8TIZXXy49grhDb99hopo2Z%2BtP%2FKckrftt7GuTAk08McDaZHtnNar3xYDW2lmqjSDVuT%2FDdsJ35TbmJDNMLeRS1Nn9FN8xmKwt5ndX3LgY3wVqSAYyXba--jwSR8vyn1j%2FywcQgEQzWISwCxqwMuBcPCGEXwC5EDNPnvM8MKLHcSnjxGDIHbwM8jys9bmE3mQG2K%2BADeLaoxpOweK7%7Ctkp%3ABk9SR-zP8_jAZw,unclear,False,True
BMW F30 LCI adaptive LED,Headlight Headlamp Full Led Adaptive Bmw 3 F30 F31 LCI Lift Year:15-18 7498951,575.27,2026-05-03,Pre-owned,False,False,https://www.ebay.co.uk/itm/389520447487?_skw=BMW+F30+LCI+adaptive+LED&itmmeta=01KR3RWWYPJ9RSK5QZAHPBX3W6&hash=item5ab13a57ff:g:EvkAAeSw1gRpcJEC&itmprp=enc%3AAQALAAAA4GfYFPkwiKCW4ZNSs2u11xA%2FZwjk%2BQlljqZvTOBA%2FbOGg9yJImMSQnZXKAqKUaFB%2FddDQMEzMqs9Nzbv6yiDmL%2BFvdzzuO5lvemMpyJ0uCQcIRWh%2FGymo2Gj%2Brzqj2p5yDj%2FVZD8vOLhUvKnNcNqvFY%2Fxe%2BrXqctmXHVxoqjVle6XlCRF%2FNtlMxzk2NGISE2xSMAVDHLTv0P0LzJLt5NQOw0cac1LXoNpR7tmvMcKiqC9RoeOu1z4wu2Ppwujg%2BZjH59zyf%2BIf9dF5yordnrgR6e0Fk91PfL%2FHAorAxWaZNc%7Ctkp%3ABk9SR-zP8_jAZw,unclear,False,True
BMW F30 LCI adaptive LED,BMW F30 F31 LCI Headlight Set Adaptive LED with ECU Headlight L+R,1470.61,2026-04-22,Pre-owned,False,False,https://www.ebay.co.uk/itm/176370509186?_skw=BMW+F30+LCI+adaptive+LED&itmmeta=01KR3RWWYPG4H99Z14PK3Z3EXA&hash=item2910806582:g:DLgAAeSwx5lpflcQ&itmprp=enc%3AAQALAAABAGfYFPkwiKCW4ZNSs2u11xDJ44tHuCr%2FrZ0Y8NHl3wispN1ayaR9MD96NuliFhkqLWw31ImJJGrOGNP%2F%2Bl670e8YfJiE%2FBoVmsXss18jZZACMioZKVUv0pbS5P9PO4SdF5S3M6LwIoN3EQjAjOjJ3ibMlo00DolEaTM5jw%2B8Rgh3XZ0EdoXOvAGzVCwtmfV%2FDFdcUJgP0wFpizk%2BRqiIQ6qodgsPIkTWGQ2b0%2FxAGLSr0DrikPZSCLJa2smG7kDf4AZ6FXTfNuTEu%2BzHciJTvimY12WYqN11IO8DEyMoktg0mQcT%2FHaGgMpo0KEz%2Ft8YkYIBWYGOCrDycKtnDqEZPZw%3D%7Ctkp%3ABk9SR-zP8_jAZw,pair,False,True
BMW F30 LCI adaptive LED,Genuine BMW 320d F30/F31 LCI Headlight Left Adaptive LED Used/Faulty,259.52,2026-03-23,Parts only,False,False,https://www.ebay.co.uk/itm/177972105081?_skw=BMW+F30+LCI+adaptive+LED&itmmeta=01KR3RWWYP7Z9C2MCP8D4WAXD7&hash=item296ff6cf79:g:FGwAAeSwlf1puuJv&itmprp=enc%3AAQALAAABAGfYFPkwiKCW4ZNSs2u11xAzMm28DNt1dtZDQUN7kmUq7pQmA%2BEuDO7OpQoSlMk31pyPpK%2Fxwslmadgv8BqnHQcw%2FpMtzVYw6nNDMcZViYghKhBZu9wR6Nyw4iO4oCavD1Jk57vrESJUgMSMZin9gHcPFPISKUP%2BfffmFbCJ%2BTrAK1l1mlE2VhCJ%2Bfhwu7nPe5XCjFGHyaGUyA1eMU9%2FjuttxRRgWX%2BmYuaLBG%2BOcv7%2BouA6pd1nscea8M5x6xoXMQsAP5GZ8tg2HOrcRa6BuNsVTJaqUjPCcshYFgHu5YEFgf%2FCxcvSS1Y8YI5%2BqKC0R4qoHexMCbA8qSyb%2BUBVZHQ%3D%7Ctkp%3ABk9SR-zP8_jAZw,single,False,True
BMW F30 LCI adaptive LED,2X For BMW 3 Series F30 F31 LCI LED Headlight DRL Module Set 63117419610 7419610 (For: BMW),19.99,2026-05-07,Brand new,False,False,https://www.ebay.co.uk/itm/127177638329?fits=Car+Make%3ABMW&_skw=BMW+F30+LCI+adaptive+LED&itmmeta=01KR3RWWY3MYBWRXZ3YCAFNHQ0&hash=item1d9c60c1b9:g:rIEAAOSwX5hoTpJk&itmprp=enc%3AAQALAAAA0GfYFPkwiKCW4ZNSs2u11xBAtQUiG8ZyBVA7%2Bb%2BG2MVlgUIN3nRAH2ledFRwIlgCJY6hqBs5ues7tdPj9DCEVmIcGtygbvh2OhveLigJmQcAltJmc8XG3uqfVCstCjEuUhX%2BSQdbqBCEUevFCh2HoVDBUddmM5euUMxzIkvqFY%2B5tKtPY7NJNBxeUdwydoq95dq1gZ6Xb6K0bLa1r4AKcgSiWB02aGkq8GY5631X53dDxo7io9l7UnkXyQ7g3wWDoDx0AQZoBAdcVwtYvNTQ%2F5I%3D%7Ctkp%3ABk9SR8zP8_jAZw,pair,False,True
BMW F30 LCI adaptive LED,BMW 3 SERIES RIGHT DRIVER SIDE LED HEADLIGHT 2016 2019 F30 F31 LCI GENUINE,307.5,2026-05-01,Pre-owned,False,False,https://www.ebay.co.uk/itm/168343557842?_skw=BMW+F30+LCI+adaptive+LED&itmmeta=01KR3RWWY3377YFHJTZ25K7BFZ&hash=item27320ed6d2:g:pcwAAeSwYbhp85KS&itmprp=enc%3AAQALAAAA0GfYFPkwiKCW4ZNSs2u11xCbXkzeeoRIRd4rzuXJN0lzYjPPFhQ%2B%2F3%2FPDmWFWQ7%2BLFHO14JpzCY2bxYiMJq2E2p6ynXbwRfhIEja9j4YQduZAHezW10n8cPbQYwe4rCE%2BZ4jLTNryi56RMiNinfT0JYMyZyqKXf6PaNixiQ6OfJcgDvvvuzgJYF5POPbzgIpxhyWBwqw7LLtOkZhAchq5Nurnf7IeTaTqTIVacxfKlGtfOa2nP9DvwK9pllGlB08kdJFZyHj%2Fpy0heNyBjLVOT4%3D%7Ctkp%3ABk9SR8zP8_jAZw,single,False,True
BMW F30 LCI adaptive LED,GENUINE BMW 3 SERIES F30 F31 F80 2016-19 LCI LED HEADLIGHT RIGHT OS,312.7,2026-04-23,Pre-owned,False,False,https://www.ebay.co.uk/itm/267630269667?_skw=BMW+F30+LCI+adaptive+LED&epid=910723417&itmmeta=01KR3RWWY4HV6YG75PNBR0T6S7&hash=item3e5001d4e3:g:DUMAAeSw-2Bp0h1Q&itmprp=enc%3AAQALAAAA0GfYFPkwiKCW4ZNSs2u11xASWwkbWIXkOjFO8GVLjGW6AEUvOAYISwj6TtbHb6MPiKgJbUSP%2B5iMatGeqeX1%2FHU8I5Gb4pFfeS4vItOu0b698bxmACNXm0oSI9bXBbykY8lhvZ5MkWXOxMVWhMMRfVvdYoy3FQ0%2F0a%2F0MyPxxFE19PdcNdpEYDLA80OxcYcNzqzXu6SqVCMVc3pKhVSNLbePR9JKwixFR519GkQJAwdsKbw7zbn27l9aaglKat%2FNb0JiHy0AWLbo%2Fe4Hrj6nzRc%3D%7Ctkp%3ABk9SR8zP8_jAZw,single,False,True
BMW F30 LCI adaptive LED,BMW 3 SERIES F30 LCI SHADOW EDI. LED HEADLIGHT RIGHT/DRIVER/OFF SIDE GENUINE OEM,450.0,2026-05-06,New (other),False,False,https://www.ebay.co.uk/itm/306915311129?_skw=BMW+F30+LCI+adaptive+LED&itmmeta=01KR3RWWY4R3Z2Q5S2GB63SKTQ&hash=item477593fe19:g:w4UAAeSwuhVp9vo5&itmprp=enc%3AAQALAAAA4GfYFPkwiKCW4ZNSs2u11xB%2BSRuqm1G%2Fg5LGOuO2N4z4KdYH6tZ0%2BkL3aeeXzsozj8WxUHlNfAOuRgP0YwKeRPlqrckDou70XMKIJTaynvdHENJjKNcC0wVuzrMHk%2BvbWBcQx8xPmQJCpExca2WLKU54UpqhQD%2Fj2gxhyZk0FpWJUcPv9xxuZdoKBwiSIaBvURBIr77SZxLi6rJmHTRt5xEFYWVauFif77y1KgehZql%2FZpsffr1dzEw8f9DwmRpkJFoaG4Q9geLb1TLab8sDts9Rgb%2FOxLxs2rLIie%2FV8%2Fnt%7Ctkp%3ABk9SR8zP8_jAZw,single,False,True
BMW F30 LCI adaptive LED,BMW F30 F31 LCI Facelift LED Shadow Ed Headlight 8492472-01 includes modules,404.5,2026-04-27,Pre-owned,False,False,https://www.ebay.co.uk/itm/178019375779?_skw=BMW+F30+LCI+adaptive+LED&epid=9022516813&itmmeta=01KR3RWWY4C0B0GDESW0P24HWQ&hash=item2972c81aa3:g:qS4AAeSwSqppz~2A&itmprp=enc%3AAQALAAAA8GfYFPkwiKCW4ZNSs2u11xBPcUjy8zNo8r2kjIYeHfn7iUjy0Jkzfh06SyO%2FzTd9rMuOqEG9uv7i79oQjHxpSgELNsJhQf%2B%2FFfTGrTL1xar6iZIryDpaNHialH1cMODfXXyVPyFoQBAXvsnTUWNKgayE8s%2F%2BOsf3jPu2SVyJaytGZPGjaZA7EDoZU7SNxXVeQg3rniigwlMva6v%2BDEznIY2AJTd5pQpRkrUYBdnM43PJJ7dYAmIzaO3VC3LeOcl9r7lQnb%2BbMCQafWwe492LoJgiYJ1QNXI9X%2Bw7MSob7h50a5PPOCS51h%2F082YSqoh%2BGg%3D%3D%7Ctkp%3ABk9SR87P8_jAZw,unclear,False,True
BMW F30 LCI adaptive LED,BMW F30 F31 3-Series LCI Facelift FULL LED Headlight Left Side GENUINE 7453483,550.0,2026-04-23,Pre-owned,False,False,https://www.ebay.co.uk/itm/317560914733?_skw=BMW+F30+LCI+adaptive+LED&epid=23018921415&itmmeta=01KR3RWWY4FYPCDPNQ1JNB8YER&hash=item49f01b032d:g:QU4AAeSwDJhpHjbX&itmprp=enc%3AAQALAAAA0GfYFPkwiKCW4ZNSs2u11xDmrQcqV0GLH58XedqMF3qiXXRsete36garzRRgusOvUFBOrQYRL%2B%2Bc%2FY4AFdeW4HCPoT52vJZyzIu8kVirGozeP9S4qVCoFCkYhc2Cj8NpLDJ%2FTbSCvKHEqsqOfQhjpk%2B9HN7IiXrrr3sB6yoworEMlf5UEUswDD9%2F8RNFHdyEyg%2FYxFRTeK%2BurMJzTOcgDEfxCh0WBX%2BbPJCAXXc9UMVnycQjfPKm9obVNs9WTpth9dOqr8AFddLxNq2194Od5yI%3D%7Ctkp%3ABk9SR87P8_jAZw,single,False,True
BMW F30 LCI adaptive LED,BMW 3 SERIES F30 LCi 2016-2019 LED OFFSIDE RIGHT HEADLIGHT- GENUINE,135.0,2026-03-05,Pre-owned,False,False,https://www.ebay.co.uk/itm/286957657278?_skw=BMW+F30+LCI+adaptive+LED&itmmeta=01KR3RWWY4DAMQPQS60Q8RPSN4&hash=item42d0025cbe:g:nmgAAeSw9RhpIDU7&itmprp=enc%3AAQALAAAA8GfYFPkwiKCW4ZNSs2u11xCcPIrunagG4R4JnwGTjPO9PF0AJmUsZOHiwDrFX3t2vSLdvf15Wu0HWqrb%2BPUoj7JpaFgTP%2Fyq8uY8H0iMYX4gbXJD%2BFIyQzLPGvZLotYEuO6zkyK44Xwc%2FP3GcMEdxUjm2CLa7kFUFvalFZNu%2FnQ%2Bz%2Fj%2FLw25gaSsOcbvVrcuVDRlIE08wdAbN1IUQb%2BilB63mDS0tCU9VUirHRUGDGuten0oj3uoZIaWlOnyVjDrX5nFXMxQAw%2FKTft7rsCscBSaeGCuxOyuJQvMnwkowyrUIY0LZDLmlIBe2MiJREOsqg%3D%3D%7Ctkp%3ABk9SR87P8_jAZw,single,False,True
BMW F30 LCI adaptive LED,BMW 3 SERIES F30 LCI NS PASSENGER LEFT LED HEADLIGHT SHADOW EDITION 7492711,399.0,2026-04-07,Pre-owned,False,False,https://www.ebay.co.uk/itm/257394178412?_skw=BMW+F30+LCI+adaptive+LED&itmmeta=01KR3RWWY4Y61BC63X1VMP4AEH&hash=item3bede3796c:g:Q3QAAeSwezhpq12y&itmprp=enc%3AAQALAAAA8GfYFPkwiKCW4ZNSs2u11xDfZk4VzcyI5JsqYAcE76t2Bug95Rv2DnRkGNFyOfPBTFdsi71UTHryWibuq45sVW17L2Xw7mZ%2FmfgZHcRo1GbXaJEThWL891FOkDje03mrk2pUsM0HLBpBQZbVyxkrf6DHsUywCfo0nM78gO%2BhZiyXsMI%2Fpxq1w2WDvmi34%2BsWx1%2FEprHHYcWiJkC1Z%2B6b696dz0c6XD2l0e9hThEk%2FoSURecZmvNrpbM%2BmcfkcIq2PcXewiGaO79Na3uJF3B4qaCO3sidjIHYzX6QnkCUKdVk1GPlReHAI4qohN5kVBgr8g%3D%3D%7Ctkp%3ABk9SR87P8_jAZw,single,False,True
BMW F30 LCI adaptive LED,BMW F30 F31 Pre LCI HeadLight Adaptive Xenon Passenger Side Nearside 7259547,450.0,2026-03-13,Pre-owned,False,False,https://www.ebay.co.uk/itm/147170395873?_skw=BMW+F30+LCI+adaptive+LED&itmmeta=01KR3RWWY4QQ7TM8G5FR7W9ZBJ&hash=item22440a06e1:g:wf8AAeSwHiBpnc04&itmprp=enc%3AAQALAAAA0GfYFPkwiKCW4ZNSs2u11xAA3EiLL3gS7o7m%2FSpf5LtGVhnk9m4LPcXBf%2FevKEKiX6rTnJCyfqyjY%2F7XsDaHS4u0qjQL97zVrg3VNvX5wfzpbm8v8dROaex2zyC7%2BBC6Y3Ualrmwc8zEpx6d2%2FOLqhQchX8ABQUuVrOxfRtMRbN22JN%2F3%2FD97mmlysQnFJn8N1kxktL6RcuGxV4O3url%2Byj7rm0rM7IDoUryyq9BaaeXm39sSks4DGhQ3XKes5MJZqrED%2B7lF%2FV99Z21dkHvaWo%3D%7Ctkp%3ABk9SR87P8_jAZw,single,False,True
BMW F30 LCI adaptive LED,BMW F30 LCI 3 Series LED HEAD LIGHT PASSENGER SIDE GENUINE,349.93,2026-03-04,Pre-owned,False,False,https://www.ebay.co.uk/itm/389463716408?_skw=BMW+F30+LCI+adaptive+LED&itmmeta=01KR3RWWY4AFCGT32382EJ8CS9&hash=item5aadd8b238:g:ALEAAeSwNvdpXbMU&itmprp=enc%3AAQALAAAA8GfYFPkwiKCW4ZNSs2u11xDDzDJpnuu1mwSGY%2FEZKrAe5n8G%2B5rDHW%2BVAbEA4dq2l7QBfSGdQEkuEToVim6gsjEJ%2FuwKRx1hN%2FcPUoRUoh0w0D7caawSWb62Q%2Fr3myd2S9XNADSni0gULBWrDWtdNaYwPViSwWX5%2Bv5lKxVJLMJ%2FRN5QVHpAR24BZdEvghIJi6hH3HHqik%2BFiLptn5z7b1Y3JumyQ9y2CzZ%2FwUg6g1mvCMxZq5G3Oy%2B0GnugUdnixIUCwdHzGMDsXMt%2F0sAGr7EWQMKVPEk5ZJfc7sDwVMtsYd4YDPmvLUebnk12KgvfoQ%3D%3D%7Ctkp%3ABk9SR87P8_jAZw,single,False,True
BMW F30 LCI adaptive LED,BMW 3 Series F30 F31 LCI LED Headlight Light Lamp 2015-18 N/S Passenger,127.49,2026-04-18,Pre-owned,False,False,https://www.ebay.co.uk/itm/198182439736?_skw=BMW+F30+LCI+adaptive+LED&itmmeta=01KR3RWWY4S0BV7E6RV859YP1Z&hash=item2e24980b38:g:-94AAeSwZzRps~u9&itmprp=enc%3AAQALAAAA4GfYFPkwiKCW4ZNSs2u11xATxMbmFvnyRlCdyncTj%2Bczd6sGGYoCHGtUeUyMiqj2HhHMXeLGGDxShodjdYQ25eEyc5si8iahSdkLwScv9rd1W6bHkoCLK0voVXxLYMmChXIDrIyzZUryR5ih42nKJiqQj0uHzIbARZcNV5htMPCWImikUMpc3kJQgUb6SSj3KQBSCtECgRNXXrTaaHw8tMuYj9dRSnwmQ%2F1dTsvNnv6xx97KoHE%2FRbbJ2jnPl6sKJU64usROy8bjJC1RleQaquEmUO30ta0sc41m9V2gyPV5%7Ctkp%3ABk9SR87P8_jAZw,single,False,True
BMW F30 LCI adaptive LED,BMW 3 Series F30 F31 12-15 Pre LCI Passenger Bi-xenon Headlight 7259547,208.7,2026-05-06,Parts only,False,False,https://www.ebay.co.uk/itm/127849290009?_skw=BMW+F30+LCI+adaptive+LED&itmmeta=01KR3RWWY5SD9A5VH9W5W8VQ5W&hash=item1dc4695919:g:NmMAAeSwDeVp-vgr&itmprp=enc%3AAQALAAAA0GfYFPkwiKCW4ZNSs2u11xABaETs%2BN0B22ta8gUfYXM2DJb3IWvWQbQDhzdnp%2BHsBObrRrC69y62heBamkc0erAYNBqrSi1EwF52XZpK40%2BJnBPZ7tS48%2FlSE8DZ2vehf8QEUxN4ydBjh77bF2OdEutkka0Aql84Rr6La4QZt9kA0jxv%2B5iN2%2FVc0Uj%2FtTNHLbRLH9pkO5TmEr%2B6%2BtW2c1Qnq12um7PD2maOgxYTQSlxzhkQVbkFkEHnuBsaFP6dAFWfYZGikTyV6%2Fx1AsWu4Ew%3D%7Ctkp%3ABk9SR87P8_jAZw,unclear,False,True
BMW F30 LCI adaptive LED,BMW 3 SERIES F30 F31 F80 2014-2019 LCI LED HEADLIGHT LEFT OR RIGHT SIDE GENUINE (For: BMW),475.0,2026-04-30,Pre-owned,False,False,https://www.ebay.co.uk/itm/366167171979?fits=Car+Make%3ABMW&_skw=BMW+F30+LCI+adaptive+LED&itmmeta=01KR3RWWY5RWE730AGSK8FSC15&hash=item554143a38b:g:fNkAAeSworppAjNw&itmprp=enc%3AAQALAAAA0GfYFPkwiKCW4ZNSs2u11xAOnqUBXmy7%2FHAYfNaCJghiJde1tVjUFhYQ8ysHG7hEyYuxJDnASQR4grs1%2BRwM4Pf7lbMGUP2R5lKrTychg8GPO4KC91%2BNfqEc92cGX8zPIpzIJA%2FRXBHUNrtsszCGYBUb50HcrODXeZmuWZjQXGVue8yBdoUF2IYbNJcFIrOVRFQ55coSWFfQb4tYKXVyE44Zcb%2FWXGAnQ2nFTDAEf5NUNNXoBNTqqNnrU5jiLR5%2BD2unUinzXphDjTyJR8e9eCk%3D%7Ctkp%3ABk9SR87P8_jAZw,pair,False,True
BMW F30 LCI adaptive LED,BMW 3 SERIES F30 LCI OS DRIVERS RIGHT LED HEADLIGHT SHADOW EDITION 7492712,399.0,2026-03-26,Pre-owned,False,False,https://www.ebay.co.uk/itm/257394173142?_skw=BMW+F30+LCI+adaptive+LED&itmmeta=01KR3RWWY57BZF6XSRK6KSJ9CB&hash=item3bede364d6:g:VU4AAeSwPqFpq10L&itmprp=enc%3AAQALAAAA0GfYFPkwiKCW4ZNSs2u11xDKSElBAxmRB1N9Ubl%2Bz4B6zbah3LeN06Vv3y1WiHngQazIytFqJ5L44zPmWE9OLLUPT2GtGVa6gdbf0tsuE%2FnEewURgEj%2BJatWpKQjOzr6N2xujDOqHmvBEAtG%2BiKjAokZPBQcmCVv9h4NLt9xsAjK9F9K0MWno2bgmSw8fdAdz%2B2av%2FPD8OVFlWRwKSqdHc1vB7zsP2nwC8KgsjtdehSAIpCjPNVcLDUyYA2D7RCWLItIhHYKVAmyQExqhE5GCqE%3D%7Ctkp%3ABk9SR87P8_jAZw,single,False,True
BMW F30 LCI adaptive LED,BMW 3 Series F30 F31 LCI LED Passenger Headlight Lens Replacement 2016-2019 LEFT (For: BMW),45.99,2026-02-11,Brand new,False,False,https://www.ebay.co.uk/itm/175381463211?fits=Car+Make%3ABMW&_skw=BMW+F30+LCI+adaptive+LED&itmmeta=01KR3RWWY54S86KBXP5CZDA5A8&hash=item28d58cc0ab:g:OPcAAeSwrj9pgXq4&itmprp=enc%3AAQALAAAA0GfYFPkwiKCW4ZNSs2u11xAyMXuGgFhGnxYV%2FFLNDaKcwCpBJVc8V15B9MXm%2FXjtzmtN%2FA9mw9NZLClXNequB2SRpCPapZ0Pcqo%2FI8bTP6iYTnNYfBDp6FV291MAtSum9jlJVEc5ge%2Bx6eZpe29b4S9FZKCUreUnIV2G%2FK5UB2sMnN9XIXkcRJzCweseE3wVKMplwjOxhcWZfZMndKJAhHKxQJZ7s8diQ0UYR2qCK2IJdkrl4R23s%2FeO%2Bt3qPZJuF8pr6frHxJzx9WWgmLAw%2FYw%3D%7Ctkp%3ABk9SR9DP8_jAZw,single,False,True
BMW F30 LCI adaptive LED,For BMW F30 F31 Pre-LCI 3 Series Yellow DRL LED Board 2012 - 2015 63117398766 Uk (For: BMW),32.99,2026-04-30,Brand new,False,False,https://www.ebay.co.uk/itm/188029090294?fits=Car+Make%3ABMW&_skw=BMW+F30+LCI+adaptive+LED&itmmeta=01KR3RWWY5ZKFWSWC9H4M2YRVP&hash=item2bc76839f6:g:zMoAAeSw-M9phNIW&itmprp=enc%3AAQALAAAA8GfYFPkwiKCW4ZNSs2u11xCJW7vCgtDCl%2BXard6FY2wtVAdENS%2B2EM2qhXiNf7NCN2ydXGrdqpoikBK1t0rYOqBRIDBdJv3u698t1FDpTQ3sPZqkYP5RMK3u3M2I2u4Q%2Btipt4vQiymCajUrtonKKOq8EWf%2BVX46ALvGXYhf0Quzx5htw5Pxpzmv5zOHlMNEujZxTEQMv0m0KH%2B%2BZfZ3THf7rrHD1XimpqRJsjBioqflR7xyosUWE%2B%2BTNGbU6pXWR04Eh9W%2B9Cjxvc48%2F%2BIz8yuRLNJITx5kGCcxOsAlmj0TJZVAcfFsFdySoN4hoRCh%2Bw%3D%3D%7Ctkp%3ABk9SR9DP8_jAZw,unclear,False,False
BMW F30 LCI adaptive LED,BMW 3 Series F30 F31 LCI LED Headlight Indicator Module LEFT 63117419619 7419619 (For: BMW),35.05,2026-04-28,Brand new,False,False,https://www.ebay.co.uk/itm/255700441135?fits=Car+Make%3ABMW&_skw=BMW+F30+LCI+adaptive+LED&itmmeta=01KR3RWWY5RQA0MT0J9NJ9EMWD&hash=item3b88ef182f:g:ygYAAeSwHbhpJIs-&itmprp=enc%3AAQALAAAA4GfYFPkwiKCW4ZNSs2u11xAUy5wdfWKVEbJRL7h%2Fbt%2F%2BIM%2Bk00Mke978uWEVZvNc4QcD91A0Dy%2BHzx0VsbLTO4FTTnkF6Ozi6mgvyP4UzTh0k8Tf5lxV7WkMHCKvTz5uKSdqRw6RdM43%2F09IkymSd3o7Mfp7I2QwxK3krncwZRDJt%2BYOFEApL3GVzNXaOGy5WIfyhfqQCUiyG964HY8x4JBU5kEvR%2FL14YGISnLEpDz9RChP%2FI%2FSY4%2F7Bmx9SVt9DxD1URvqNrnxQiNYieO9JZifdqxlVSzltlGU1NgDk%2BKp%7Ctkp%3ABk9SR9DP8_jAZw,single,False,True
BMW F30 LCI adaptive LED,6x Yellow DRL LED Boards For BMW F30 F31 LCI 320ix 328d 330ix 15 - 2019 4302016 (For: BMW),36.99,2026-05-06,Brand new,False,False,https://www.ebay.co.uk/itm/206028155655?fits=Car+Make%3ABMW&_skw=BMW+F30+LCI+adaptive+LED&itmmeta=01KR3RWWY5NZA49SMQDQETCJPQ&hash=item2ff83c2b07:g:FUwAAeSwIidpd8Ei&itmprp=enc%3AAQALAAAA0GfYFPkwiKCW4ZNSs2u11xBSC4sIre6jWbbpyB1VWfTLpdnEFO2MVz7ALhzYLakGQbQPKzw2%2BhJ8Ji7pYeR1Zpl%2B6OX%2BOlyDZd8Bave%2Fv5TY%2F786tWoG3V4agub6FO6dm4NzfN43zIJeQ%2FfykSYlR95NCJhIIkyM7dOT2zH%2FSDTwxv1OhcUDws5ywo2oH4LD4br3A39BNKu%2Bt1wFZi6W%2Fy9KW1uaUKCUeXo3xL3MdbLSvek6Z4ZNHDiLC%2BEu3v6mpf6ELRDi9yOWCpdtuIHYCko%3D%7Ctkp%3ABk9SR9DP8_jAZw,unclear,False,False
BMW F30 LCI adaptive LED,BMW Genuine Right Headlight LED AHL Headlamp Fits F30 LCI F31 LCI 63117419624,593.2,2026-04-13,Pre-owned,False,False,https://www.ebay.co.uk/itm/188155368616?_skw=BMW+F30+LCI+adaptive+LED&itmmeta=01KR3RWWY589WRD46Q3MSRPMKP&hash=item2bceef14a8:g:EAEAAeSwI0FptAmX&itmprp=enc%3AAQALAAAA0GfYFPkwiKCW4ZNSs2u11xC0y8nZo6YvkuAJMzVORePBZmsf5bp%2BgfeHygzMxKN%2B3I53aQfuSkrdfHgCBPFEorEaNfzNXOKE%2FjaoWbeR5KAGHnJ%2F25quieLBTIrbzAT684YX%2Bsomr0s2VfNQwqgHKKkbuDH3aw5EPTV1xcD%2FpnhFfKurkaGc8cnn%2BTMzSHXYyTLcgeC4lVKe%2BVHoBTnFe2GCDT8MPLiOouI%2FY1GAhpIKfOgsyQFloOrq0KFbvbQJuYXk7ccRCbr1diKekMEsc90%3D%7Ctkp%3ABk9SR9DP8_jAZw,single,False,True
BMW F30 LCI adaptive LED,GENUINE BMW 3 SERIES F30 F31 LCI COMPLETE LED HEADLIGHT RIGHT DRIVER SIDE,489.9,2026-04-26,Pre-owned,False,False,https://www.ebay.co.uk/itm/406834886934?_skw=BMW+F30+LCI+adaptive+LED&itmmeta=01KR3RWWY6AX1DHFWB9NXR927Y&hash=item5eb93fb916:g:qf8AAeSwuQdp0-1x&itmprp=enc%3AAQALAAAA0GfYFPkwiKCW4ZNSs2u11xCGrauQdcS0xKYcqEmAi4ho71u6tf4DIIY%2BYx8vWWiwBWOchI6ebCGHyOBcghnwvoA1oxRGT6thRTzhQiJL6kUmsh0LEa9nrBr6%2BifahzQK%2F8Qy7D6aQKVvPnCH9Ma%2FfV%2FioqXGYunGN5PhiK7CbmOQCt%2B0ekiM17%2FTctjRQdjxWYaQLYdfhQf8K5rpkrTjXTmXX9Q24s2jA8xSwQJiFVbTg7HH45SaJBxsnmdSHWBBBSYjOf%2F9t1k5WzuNoMj73sY%3D%7Ctkp%3ABk9SR9DP8_jAZw,pair,False,True
BMW F30 LCI adaptive LED,BMW 3 SERIES F30 F31 PRE LCI XENON HEADLIGHT RIGHT DRIVER SIDE 7259544 #210,299.99,2026-03-05,Pre-owned,False,False,https://www.ebay.co.uk/itm/167242488226?_skw=BMW+F30+LCI+adaptive+LED&itmmeta=01KR3RWWY68G2MKD2VFSYJV252&hash=item26f06dd9a2:g:g0cAAOSws4Fnf6IH&itmprp=enc%3AAQALAAAA0GfYFPkwiKCW4ZNSs2u11xDI7kwTeadx%2BzWwXTPpkhiJODmr3hm%2B%2B%2FGsSAbDpDKh6b8vdx8cq02xG%2BYn3R%2Buia%2FHkUpYmrJi00Zm4HxNJhNix4nEvfkeb0mhEmHgde5SmLMtDEHV2k2pHLnFQ1WZzm1J9g0FbnSIwKh0ApaygKrUpzYRMarwB7XH5Ev7Qxy60zgc4Ffz99aZ4u2AkfmHh3olcunE7GLp2WAKeIrXQD3W9oOYAeHE2cyDDjny17tuubcjKSPDhU8wR6s0n2ThGdw%3D%7Ctkp%3ABk9SR9DP8_jAZw,single,False,True
BMW F30 LCI adaptive LED,BMW 3 SERIES F30 F31 PRE LCI COMPLETE ADAPTIVE XENON RIGHT HEADLIGHT 7259548,450.0,2026-02-23,Pre-owned,False,False,https://www.ebay.co.uk/itm/326847548493?_skw=BMW+F30+LCI+adaptive+LED&itmmeta=01KR3RWWY6YNAVJ3CCQ47CCDWQ&hash=item4c19a1cc4d:g:3LAAAeSwnRtpCJsI&itmprp=enc%3AAQALAAAA0GfYFPkwiKCW4ZNSs2u11xB7rfZvk0VW9SnpmDh60aFZH7YqL9oCWkjFngU4Gj%2B0TzD1UC%2Bnj%2FiSpb%2BbtM0bdcgtwKEhNdPQu97awPuqOY6ta0j8F7Hn%2Bu%2B3CBasqFrdIJ3kjTsNfnKUdQpefQB4eDolyOYz9HqHpbkQl1lR4CJ5aSb8rVYnrUikKpwyz00s0zQcmF4EvWc00B2wz00L%2FXETnvs1zihul2wkyKY3484Jo8b0svFP2LWuGD5jwJw59LP2TTzzizgBCydtn0yDLfk%3D%7Ctkp%3ABk9SR9DP8_jAZw,pair,False,True
BMW F30 LCI adaptive LED,BMW 3 Series F30 F31 LCI LED Headlight Light Lamp 2015-19 Passenger 7419631 TYC,83.9,2026-04-25,Parts only,False,False,https://www.ebay.co.uk/itm/117156478940?_skw=BMW+F30+LCI+adaptive+LED&itmmeta=01KR3RWWY6JV4BWF805AE9C8Y5&hash=item1b4711ffdc:g:A9kAAeSwyJ5p6IKP&itmprp=enc%3AAQALAAAA8GfYFPkwiKCW4ZNSs2u11xDiFPUA3d8QrNlrtYyH4kMe1kXL%2Bbm97VkfKed1me7RJq2%2FPbl6YVNFVP5WP5zYC%2FDxH9TsqdrEeKhs3Tulyt%2Fib3aeABB9aJbj26YHxG8Ccs64KDbvD0eezNnTUwfGZVEGTmzsnhH6TzKEN00MJvfvjkb5PWWPxioA1jdUcoagfFHZJ%2BEgQNqgKg3aNCRweMe%2F%2BDV5dumixMMPHG9axzyijS5pJGNL%2BLk%2BVYmWPvQj98QgmtgZaL98g%2FX2%2FehLefGECsXHqwheGp4%2B3ulisqFwDHG9jduw%2Fgv%2FhTe77Cmg3Q%3D%3D%7Ctkp%3ABk9SR9DP8_jAZw,unclear,False,True
BMW F30 LCI adaptive LED,"GENUINE BMW 3 SERIES F30 F31 LCI 2015-2018 PASSENGER SIDE LED HEADLIGHT, 8738713",155.81,2026-04-28,Parts only,False,False,https://www.ebay.co.uk/itm/277933729561?_skw=BMW+F30+LCI+adaptive+LED&itmmeta=01KR3RWWY6YYH128QESNAYKM7R&hash=item40b6242719:g:NHgAAeSwRZlp72Qj&itmprp=enc%3AAQALAAAA4GfYFPkwiKCW4ZNSs2u11xALcPcI2srMgyB%2BcwO8wJn3My9vFN5f151ljasr%2BnEXaQar%2F7TCiBHcyZsOFNCfH6S%2BXW9KCY2CZAjd6TvpTqf8l1YoVSJH3zl233MHfjFdudz1CFyiOQv9E3Fv3Df1g7xNzKEqMyzEXS%2BvYzlDj3i0KiCuCdhxldb5mgyRVulS3%2B6FefYNUS1Q5uPPHr9GO4i3RlpqXpHmIAq%2BlrEJd8girDNrBG2QMYmpJzWh6GgIGMQKZvwmVSQXeD545CFLdRwQYA%2FOu3z2UaGjcLiQb%2BFQ%7Ctkp%3ABk9SR9DP8_jAZw,single,False,True
BMW F30 LCI adaptive LED,BMW 3 Series F30 F31 LCI Left Passenger Side Complete LED Headlight,300.0,2026-02-10,Pre-owned,False,False,https://www.ebay.co.uk/itm/297796111991?_skw=BMW+F30+LCI+adaptive+LED&itmmeta=01KR3RWWY6W6F8RTCZKVWHM5JK&hash=item4556080e77:g:i0sAAeSwtN9pJ3Mb&itmprp=enc%3AAQALAAABAGfYFPkwiKCW4ZNSs2u11xCGJ3qu5bw%2BuSxnH9yqTV5qTPPWKkEJxbcR3GiK5E1tl2XV2JnRJ3o92w2P%2FeOOzJv1e4UdntArExp%2FMF7ZDyJanzqWNpUSIt5wz4HAQui7leax3vShUSAIFw4fY9jAtj4LrxKjbSLP0Doe5xCtbqSOq%2FPlxfn%2F0FRs1IkXNeH883y9%2FHZxy%2BUObAbKjKmDQfr8990X03Om%2Bwv%2BYiTyFz7kq9bbp3kCPtxvyxveZ1H92mCx%2Bm3Ffu0WUO3sU16CMiJsJowP9CUY8wXaxHRjjVNMMNpqz2NKI10B%2B3Lc%2BhWi4607lNoY3ihFVqT3nRXs4mo%3D%7Ctkp%3ABk9SR9DP8_jAZw,pair,False,True
BMW F30 LCI adaptive LED,BMW 3 SERIES F30 F31 F80 LCI LED HEADLIGHT RIGHT/DRIVER/OFF SIDE GENUINE 7498948,599.0,2026-05-01,New (other),False,False,https://www.ebay.co.uk/itm/306912460232?_skw=BMW+F30+LCI+adaptive+LED&itmmeta=01KR3RWWY6ZYXFRWCPJ2PSZ70N&hash=item4775687dc8:g:FyUAAeSwmH9p8ec4&itmprp=enc%3AAQALAAAA4GfYFPkwiKCW4ZNSs2u11xCGnjknrrehzcv5JvonQC6TxXTQtusz1EUH8G1XmCF7AD5ICM02Km%2FWHyIwzyla8TYx2enMpOi4sEeHhBPr0NB1ezyFTtKhxrCCIzN6EBfe4Iyi1pgeu61Pf0tiybNZZX9w7s8oBdI%2FmdVOzZ7aV00I1BYMewbiNotAcoux%2BIaAVnfv128gTacsisaWN4xb%2F6UwNi6yriBhGthRKtP2SF3sMsVeF0B4fcTjbJA60gU6oag9cXbqcpX7851SuwE96ntxL%2BCW%2FRUVziNm5%2B7wJXWx%7Ctkp%3ABk9SR9LP8_jAZw,single,False,True
BMW F30 LCI adaptive LED,BMW 3 SERIES RIGHT DRIVER SIDE LED HEADLIGHT 2016 2019 F30 F31 LCI GENUINE 320,295.0,2026-04-10,Pre-owned,False,False,https://www.ebay.co.uk/itm/188234110480?_skw=BMW+F30+LCI+adaptive+LED&itmmeta=01KR3RWWY6JCZ1KPQWMY47S58G&hash=item2bd3a09610:g:0OUAAeSwjb1pzVcN&itmprp=enc%3AAQALAAAA0GfYFPkwiKCW4ZNSs2u11xCdMmD5FLC0DTEXY1TYML7P0NDugRDp%2FluRVmI4e4nxB5xABWCLZr8zACzxcjKuX5roH%2F1HipZL9G%2BRsr8iopFqN5ySCqfQj%2FWZRZuGno6tbhJekIuqOpkWk%2Bz6nH%2FdEgHEmaqx%2FPJq2J%2BYUxRMQPvqDOBcWEyLGtxKst6JwfIrHc3B7TyjddIdf71Uur%2FcNKDV70vvRHi5nDljQGLQhoA993sCOo2Laup9OsXd8eR%2BSd4zMFJmC3oh%2BMYSEwrEPz8%3D%7Ctkp%3ABk9SR9LP8_jAZw,single,False,True
BMW F30 LCI adaptive LED,BMW F80 LCI DRIVERS RIGHT OS ADAPTIVE ICON LED HEADLIGHT 7498922 2015 TO 2019,529.0,2026-03-27,Pre-owned,False,False,https://www.ebay.co.uk/itm/257319851174?_skw=BMW+F30+LCI+adaptive+LED&itmmeta=01KR3RWWY6JJEVPQSVF1ADGN7T&hash=item3be97554a6:g:7i4AAeSwm-9pcA-1&itmprp=enc%3AAQALAAAA8GfYFPkwiKCW4ZNSs2u11xAMfa%2FCtv94xXoVaiLDmNNXeEAVkToYoxbMLZmf4Miqj3fQjtq8SHnDl6%2F8CqtxTWa05vk4CTBKIPepyv0bpxKUma6a%2Beft52T4SvHetgHvzzBIwiLHYyzsRkFfnmZGKADhrNcMWUAfKJOp7gxfiPyR5hv8He2b75giSvjWG4rSF6urNa6trRf5d%2FjbZ3gX7gqq842G4GO4Pdrb1iQTL4CPuQUinSSbjKjTjhzxk7FlWbQJL4VfUnJpMCgz1V5HtjOxyqgp25PMHlyv6laY8U0thsVi%2FI7sMf7YscPx%2BXM47w%3D%3D%7Ctkp%3ABk9SR9LP8_jAZw,single,False,True
BMW F30 LCI adaptive LED,Genuine OEM Hella BMW 3 Series F30 F31 LCI Halogen Headlight LED DRL Left 15-18 (For: BMW),309.99,2026-04-21,Brand new,False,False,https://www.ebay.co.uk/itm/255204360421?fits=Car+Make%3ABMW&_skw=BMW+F30+LCI+adaptive+LED&epid=14016361240&itmmeta=01KR3RWWY7ZR60TPMET5M7FZXX&hash=item3b6b5d80e5:g:9P8AAOSwXfFhl5KO&itmprp=enc%3AAQALAAAA4GfYFPkwiKCW4ZNSs2u11xCT6a8e2VqxT2xxaRGZ2fXwoFzHT80b10GYVQGxJ0PIR2cA0p8887HAq9e3k4VmVELjyibwN6JLcwTXU7yd0lY4XDuxp%2FMQTBwftS5ClyznZ6%2BWqeg786DNwKjX3JpUU62GQ7qXeqFWTj9XIME7Vnmo0OCKSCbvml6VMjUAjHLWgpC3bBGfy597YghszrQStp8ykv16ZU%2BnoMqfiTVYHT9CRcJKckyPAUvX1VcWGV%2BWlpo%2BzDnBRnSozd6NdyMZJUvmWmGuwATwYkFtWPFiegi6%7Ctkp%3ABk9SR9LP8_jAZw,single,False,True
BMW F30 LCI adaptive LED,2014 BMW 3 SERIES F30 F31 F80 LCI SHADOW EDTION LED HEADLIGHT LEFT OR RIGHT SIDE (For: BMW),475.0,2026-04-20,Pre-owned,False,False,https://www.ebay.co.uk/itm/366167172152?fits=Car+Make%3ABMW&_skw=BMW+F30+LCI+adaptive+LED&itmmeta=01KR3RWWY74NYKD9XG2JKDVMW3&hash=item554143a438:g:s2QAAeSwZNxpCA5e&itmprp=enc%3AAQALAAAA8GfYFPkwiKCW4ZNSs2u11xBun6pjnRN0JJrgnvxOBVbXFJNI3JbNP%2BiwHnf%2BZzedPHiWBMmI15jjFvHdSlaGP8hopoynfG3huAsyk7RdrlWOIHrGFUcW2Rz9%2B9TZei5M29BmYjBipLRqNVotzau8qmtZ7whcyhRe%2FiuHu1WRJqWs9uWqrIz01MQU5XpkxjNzrxz3dgxeNHmBbfcdLWxi0bAquAW7VVBPpq7ZOBlHd%2BlaE%2BqgGmCuw2dlv0j9Gix4oSClOdOcsPsbeRE6RiK4HMHcKUSa9c%2FwTaoZs1G3lHRlyRcHyUCXGBlClQUlMHtnbw%3D%3D%7Ctkp%3ABk9SR9LP8_jAZw,pair,False,True
BMW F30 LCI adaptive LED,Genuine OEM Hella BMW 3 Series F30 F31 LCI Halogen Headlight LED DRL Left 15-18,240.0,2026-02-24,Brand new,False,False,https://www.ebay.co.uk/itm/147160018555?_skw=BMW+F30+LCI+adaptive+LED&epid=14016361240&itmmeta=01KR3RWWY7X1G3PRZX6W7X9VRE&hash=item22436bae7b:g:I5wAAeSwbFlplche&itmprp=enc%3AAQALAAAA8GfYFPkwiKCW4ZNSs2u11xCknmDpKi16Pk%2BVc2Ajd1titWXFlwUisA73XooZ%2FbVLAeuU6nzQL6P4uGi1J1hZ%2BtSvw5hhGhemUBrdTysXIRasN3KBtg43OwlaQaSMZtpnFyK7bdArW%2B3GAk7v1W17oZuKFz13JYOrBRcPQPLQ99qwEChL26%2Fb2HNIh3vAbTb7vorRp%2BFWoGUrUqjGh528gtXT8oUE87wP979vNTmfDUtZbUrtDoXbgbcS91uE9mSXArmN%2FTjA9Bi0fDqYeDcyIKDr0FEtjGdqFnObuGqUc9M26Et8i8S5Fzd89mu9kV8yNA%3D%3D%7Ctkp%3ABk9SR9LP8_jAZw,single,False,True
BMW F30 LCI adaptive LED,BMW 3 Series F30/F31 LCI LED Headlight Right RH OEM 7453484 / 63117453484,480.0,2026-03-12,Pre-owned,False,False,https://www.ebay.co.uk/itm/157575249520?_skw=BMW+F30+LCI+adaptive+LED&itmmeta=01KR3RWWY7YQ19PPXRZXG8K2MW&hash=item24b0377e70:g:SiAAAeSwiK9pUYmS&itmprp=enc%3AAQALAAAA4GfYFPkwiKCW4ZNSs2u11xCK2F%2FkgS44Krh2FPg0tTqIF%2B7kGXM8QVGl9PjXYk1VreADn4DRTy%2BfeYSK%2BkfEjtgIhN8Fyp5q46LJc%2Bj%2FZaTRPvPLOPRPcf4YmKl1m7nFsnQKZru1Uay50ylyrzvErrolBNkQXZeWnKeOyTZBIGTymb9QoNr%2FVH%2BAdCrfZrEUCgTJq6%2Fqt0XyRgesVv9NwUT5vq6lhKF7aC61nPc35K%2FFeTKVL80wGKhGRwetEN2k5YszQx%2Fm%2FETg2a6UUc9bgDR0g%2B9B8KKavC7%2BUYS%2FpWWP%7Ctkp%3ABk9SR9LP8_jAZw,single,False,True
BMW F30 LCI adaptive LED,BMW 3 SERIES LCI F30 Front Left Halogen LED Headlight OEM 63117365597 7365597,208.7,2026-03-16,Pre-owned,False,False,https://www.ebay.co.uk/itm/236670454283?_skw=BMW+F30+LCI+adaptive+LED&itmmeta=01KR3RWWY7SKZ660X2MSS4KFPN&hash=item371aa88a0b:g:4CIAAeSwAZNpqaIE&itmprp=enc%3AAQALAAAA8GfYFPkwiKCW4ZNSs2u11xAXp2cOKvSK5SkfuYFUF%2BLPBkTun6nokRt74KLk2PqwSkBRsQrjukxF17UJHNt3hzCaM1J5pipiwvhKhkBeElzTpL4PVSbCoAgBzG5zvYaOSFZcujSRxEVlWmNUTrkRE6g24kLnp822CCyHCoOK5E9s3Y6tLxBH%2FCmzQjd9WM7O7ZsX0yfbJK6icB%2F0ykBaA7%2FzaJj1YkGiZ8R%2Ffg7IU4aVXx%2FYeUhxRQR2%2BLdr10Icj4AHaUpRfbFlkTTpT2NA3iDBK%2FvvaL25BrN%2F2GVQx%2FXEwn%2F0XnGt9wvrLBwtEfuPoA%3D%3D%7Ctkp%3ABk9SR9LP8_jAZw,single,False,True
BMW F30 LCI adaptive LED,BMW 3 Series F30 F31 LCI LED Headlight Light Lamp 2015-19 O/S Drivers 7471308-03,110.49,2026-04-18,Pre-owned,False,False,https://www.ebay.co.uk/itm/227254357669?_skw=BMW+F30+LCI+adaptive+LED&itmmeta=01KR3RWWY7APKTWDGSGS5AFYSF&hash=item34e96a4ea5:g:bPYAAeSwJPJps~5L&itmprp=enc%3AAQALAAABAGfYFPkwiKCW4ZNSs2u11xDQ%2FjptTjhBKRjljhEoR1VDpToCkH68dYaTi%2Bbjz1TvzG5yDhO5Z3OlNfvaBuH7U8nfpU1t9b4KFFSbytmXegUc4qQDuvuOfvq6ovPpxq7WHElYAA0xGmB0ObT3sJJtues3C9eVo%2BmvpM7Ou9xYfrCub6ipkTETLNF77h87R29yQ7FDExIxrT6j%2BWduI0GRe3nLJ8xF8hfIsfOjO0h0%2F5eDbKukHbWHsKhFkjl5xaqDumcgr1frmAOgnne7CpBDLRQboF9dUi6NJo3bU%2BtQ7nbdYUOTOxHAagXyubovQgAtD%2BD7wdfM7Kmpi0J3P9QwT1w%3D%7Ctkp%3ABk9SR9TP8_jAZw,single,False,True
BMW F30 LCI adaptive LED,BMW 3 Series F30 F31 LCI LED Headlight Light Lamp 2015-18 N/S Passenger 7492611,300.0,2026-02-23,Pre-owned,False,False,https://www.ebay.co.uk/itm/168175917369?_skw=BMW+F30+LCI+adaptive+LED&itmmeta=01KR3RWWY7JMF51YG5KNVZQ95R&hash=item272810d939:g:zikAAeSwvmdpjlZg&itmprp=enc%3AAQALAAAA8GfYFPkwiKCW4ZNSs2u11xBjiYdsFJY5bi3XITleGXDvpzKHTxrQ4CxB5pLouTJEA6S2xIde%2FnNYU8y4jXcDwB1h7d8nlR%2BNRX8d%2B7nk5RxvsgINuUU4swpT0l4ogHfOtEh1ZZvj41UoKdwYgAL2F%2B0iKLREEvp9cgMZoxxuiK8yZO7O%2Fai%2BMSAd6jWzG04Qb5nDkyLg0w42vUNKcWzdcUrMOzmI1hpdB9gwV5QSGleP09jrcX3Yqt40Y7jfEoDru%2BDPAXAzPViA%2BXEjBb5%2BlzVAVAiGRt6g9lt8fui3W%2F%2Ba%2BE0xrbH0TsDjHnmHwS3bVA%3D%3D%7Ctkp%3ABk9SR9TP8_jAZw,single,False,True
BMW F30 LCI adaptive LED,NEW! BMW 3er F30 F31 LCI 2015 - 2019 NS LEFT PASSENGER SIDE FULL LED HEADLIGHT (For: BMW),219.0,2026-03-26,Brand new,False,False,https://www.ebay.co.uk/itm/188127107113?fits=Car+Make%3ABMW&_skw=BMW+F30+LCI+adaptive+LED&itmmeta=01KR3RWWY799WGVJA38X28CEZ5&hash=item2bcd3fd829:g:oBMAAeSwD1lpoCXk&itmprp=enc%3AAQALAAAA0GfYFPkwiKCW4ZNSs2u11xBJEdlk4MaEdOB8yNKPe1v%2F%2B6jo36w7mNWfrnRJI%2FN33kcfQ7PqSc5XipZC8nfwPJhU5FfQfs%2FBhmKF%2BDO%2FX8QAh6xeeth1C4Rj6G9L9T20RdxBt--Z7oJUucg7CHDkv%2FzoJlDBiOhc1LPJbsOU9xFzv68OZ%2FFQnCDBkN2q3p3K6JNVET0sJ7VItLlF%2B4223%2FDHIaAdnsMYqk7Uw1oxX8pyYZjlOkXr98Ls2DlFMf%2BDKaWEaGxrojMS73%2BFOPVcL%2Fo%3D%7Ctkp%3ABk9SR9TP8_jAZw,single,True,True
BMW F30 LCI adaptive LED,BMW 3 Series F30 F31 2012-2015 Headlights Headlamps Xenon LED Angel Eyes G20 (For: BMW),649.0,2026-02-27,Brand new,False,False,https://www.ebay.co.uk/itm/256466734531?fits=Car+Make%3ABMW&_skw=BMW+F30+LCI+adaptive+LED&itmmeta=01KR3RWWY7M8KNYXCTS414E1C2&hash=item3bb69bcdc3:g:-aMAAOSwd59mKaU~&itmprp=enc%3AAQALAAAA8GfYFPkwiKCW4ZNSs2u11xAKx1%2FgZaKQC%2BJ0%2BV7e2haPiy7roqYQSDgp4MwjyLIN0lCO2ZVA5cFqDbnGchtLdrjlKVu0LJ3GVLlIs8lt39wGNqc3odsm%2FDe5NE3qaka9%2FXJmAyCxsRr57SnWzDUb0EZGBy6VYi1fl20%2FCcT2OwTQPrUud46L%2BjBCQTgkrlHtpWgyy4Zpof8hztMKd%2B5eSAjYCqA6ppm9ynyDrU6EmieN2ZT5Ucrd0oeegla3gJMEcTZgOuXSYwk%2FKhfzc%2F8zLlcZq9pSG%2BCPTSALzv8iqznWvFI7im4unsYPG5hmlIiWzA%3D%3D%7Ctkp%3ABk9SR9TP8_jAZw,unclear,False,True
BMW F30 LCI adaptive LED,BMW 3 Series F30 LCI 15-on Headlight LED Driver Side Genuine. U10,271.1,2026-04-06,Pre-owned,False,False,https://www.ebay.co.uk/itm/298044897070?_skw=BMW+F30+LCI+adaptive+LED&itmmeta=01KR3RWWY76AJ6NYWQ3S1KVY8F&hash=item4564dc372e:g:VAEAAeSwws5pliRO&itmprp=enc%3AAQALAAAA8GfYFPkwiKCW4ZNSs2u11xBoffaSuwDs8q6l3ngmH9Ohydsdp%2FG71IOLZAWwplyYp29rFeS9MuYgM2pMpwsAWXzFzvIqCo9hloEShwi9ZMqfrPE93ulvh88ThFCLm2W1tNMHlYtF8DwsdoCPsGyzUTt1w83rgs17wvxK7bHvI2QcKNtJLOxmHw%2Bsu%2B90LQkRw63jbm8yXwbWSfckb4LyQ9NCNAkwHBGNcBG6CrKWYWgPWAJUGtWjeAP5DHa37KgzX7yJMVSO9roQmrnwMPZARHxCVLA4aB1oDgaDmM37QXl39F9DR%2BJ2ZHh74LN2zzKQEA%3D%3D%7Ctkp%3ABk9SR9TP8_jAZw,single,False,True
BMW F30 LCI adaptive LED,CSL Yellow DRL LED Board Module for BMW F30 F31 LCI 3 Series 2016-2019,24.99,2026-05-06,Brand new,False,False,https://www.ebay.co.uk/itm/357719613363?_skw=BMW+F30+LCI+adaptive+LED&itmmeta=01KR3RWWY7FNZJ6RX42Q0232EF&hash=item5349c01fb3:g:OY0AAeSwAxtp2Ddd&itmprp=enc%3AAQALAAAA4GfYFPkwiKCW4ZNSs2u11xCo4F2m6Us5V6gy%2BU6btKUY4IsdbvcAFIhriPE1%2F3XRlq7Ulos%2BkT2hGw6%2BLIibIvdvh67%2B9njea2Hb8qBRzCgeI12TV5O4GajVssI%2BAnML0KOAiFB%2FdJ9RcIbHhnIoVDwkI7MJzdypfygXbkzr9PSHSTrhUvT1DDvyHi9e3PBCNf1Ye6HhKTSPillwrHC9bnKG9cQdpI%2FjOb04aRiaRafd6Ajrj3LT%2FzQwXJEV5yGwiSwi3wowGuaza4TT1pWVw9DmuYAnuO%2FG46JUDNKJreMI%7Ctkp%3ABk9SR9TP8_jAZw,unclear,False,False
BMW F30 LCI adaptive LED,2019 BMW 3 SERIES F30 F31 F80 LCI SHADOW EDTION LED HEADLIGHT LEFT OR RIGHT SIDE (For: BMW),475.0,2026-04-08,Pre-owned,False,False,https://www.ebay.co.uk/itm/366167172070?fits=Car+Make%3ABMW&_skw=BMW+F30+LCI+adaptive+LED&itmmeta=01KR3RWWY727M6E6S1X02RVRED&hash=item554143a3e6:g:s2QAAeSwZNxpCA5e&itmprp=enc%3AAQALAAAA0GfYFPkwiKCW4ZNSs2u11xDR%2BL2nYSzhwr3GZd6uwXluNqBMUo6xlQiWYVlQN1OYhDV5O93jdFMNx0pmS4mVDWklyNMbNzVmcFILPYm9JYxGV8djaNHKjil5TCVxhynJMJe01ULAwgDvnDPb7rZVVJaUycgYP2YAupMPwLK5%2FW0Mhz6QT28FVADNwhyxMYaCdVB6h9h528IJ3NuXUCgquHkMw%2Bmv%2BfcuMvwgCjRSLRWoi48jUS55ECbpXJYzCr1ZkmCMiEppG2mzjX%2FbfSklUrc%3D%7Ctkp%3ABk9SR9TP8_jAZw,pair,False,True
BMW F30 LCI adaptive LED,BMW 4 Series F32 F33 F36 Adaptive LED Headlight Light Lamp N/S Passenger,500.0,2026-05-07,Pre-owned,False,False,https://www.ebay.co.uk/itm/198337522432?_skw=BMW+F30+LCI+adaptive+LED&itmmeta=01KR3RWWY88947FTPDW1JS0WZQ&hash=item2e2dd66b00:g:Ei4AAeSwv5dp~GsH&itmprp=enc%3AAQALAAAA0GfYFPkwiKCW4ZNSs2u11xA61ixE1f72muKsZTHdw6B6zChjU35kOfqN0UUWc6f9vf5DPpQb8ipgi9fzbvZjmaBQGOBrjqC6R6q4pQ1WL%2BQsgQgghlkbDE3UW2iCiV%2FR6ee8Ilnbd0bbTmkqSfF70KPKgDgcz7SzhBoSzU7vSnMOEbl2iE0auJvsFTlKYP%2Fh2QymaY4Pvy9AFTpGAa5FigdfKVViC2cnQAAqeHH8fGsgjcyZdeekA48M9mP2IH72m%2BlTO7XVHW6cn345mW3xVd8%3D%7Ctkp%3ABk9SR9TP8_jAZw,single,False,True
BMW F30 LCI adaptive LED,3X For BMW 3 Series F30 F31 LCI LED Headlight DRL Module Set 63117419610 7419610 (For: BMW),28.19,2026-05-02,Brand new,False,False,https://www.ebay.co.uk/itm/317774031982?fits=Car+Make%3ABMW&_skw=BMW+F30+LCI+adaptive+LED&itmmeta=01KR3RWWY8B0RJE2AY29BSC68S&hash=item49fcceec6e:g:VQkAAeSwyw5pa5Ku&itmprp=enc%3AAQALAAAA8GfYFPkwiKCW4ZNSs2u11xD0yTlV3YaFclVX4A%2BBItwl27W%2BqJd%2FeTjrpADsxLC0yJfZ91AxzB8ZtLo7aeUYEE75IiG08PTaCKss1OTty4RMLVAnEKRD3JGlcYUGf8a1xNqUkNloM2mg5i4eiDfWPm8iU4QvgjGOMszOfn4gEzDJw6av1ue6f8KTLon%2BWtgdTCn5hb3YfAIFBBJzaRWPUCrzZM4MLdBVvuwI7eimK%2BpbnNRdP4euE7OzPndEJ%2BNWKYHx%2BT1TreXWlCsC%2FWvENabgLa6I0RSqlL%2BHvNaBqbibS8XmWrGcLQURchFPil%2FPsw%3D%3D%7Ctkp%3ABk9SR9TP8_jAZw,pair,False,True
BMW F30 LCI adaptive LED,BMW F30 F31 LCI Passenger Left Side LED Headlight COMPLETE 7419631,380.0,2026-04-14,Pre-owned,False,False,https://www.ebay.co.uk/itm/267637753428?_skw=BMW+F30+LCI+adaptive+LED&epid=23012332207&itmmeta=01KR3RWWY8T86CP9BD6GM31KKG&hash=item3e50740654:g:lbAAAeSwhkpp3Otq&itmprp=enc%3AAQALAAAA8GfYFPkwiKCW4ZNSs2u11xCC0sbIjx2lv0sQ6s9JkGsIF82J%2F6IAvaf5QyvDi%2FFdaPBLrpOj5F7d9%2FT9o%2FrEyhOqVYOPH1WpO3Oacy8Lbc6EW47pVEa6jjNy4EINCV0TNg1oYy4xGybMNrm0mqo6BKlNOkUC%2FpZbDsArmmcP73Dk%2FDdAmcZ62L2Hx4g3A7IoCedz6bpOrxVkJ2u7txTgVGeM0Id4hwS9AT5Bsyutxzi1VwMpXzPgZMNW2Dau9422i%2FXKzy7h8FGmsCioAJoSy8pSB%2BJg8AA1c0T4O%2BArdWq6BdV%2BulGd2JokVV17n7m0KQ%3D%3D%7Ctkp%3ABk9SR9TP8_jAZw,pair,False,True
BMW F30 LCI adaptive LED,BMW 3 SERIES DRIVER SIDE LED HEADLIGHT 2016 2019 F30 F31 LCI,348.4,2026-03-24,Pre-owned,False,False,https://www.ebay.co.uk/itm/318034666393?_skw=BMW+F30+LCI+adaptive+LED&itmmeta=01KR3RWWY8DB3DS2E0BDRZZ2JV&hash=item4a0c57e399:g:88YAAeSwOyxpvXGB&itmprp=enc%3AAQALAAAA0GfYFPkwiKCW4ZNSs2u11xBZJlPgJpNL9OPOWGFwRvQBo5F3lWk8lcAR9ZexRqjs05dLsUB1Dxk4n3FiXUv4sSDQkjUJFolFYxZLqKAU91kzXoh5nTWF2qDryqt6NAtkAI8EugSUvZH4%2BXgoIBBdXaugpzBqMbKsQL8Udy5UxjsGMT1djKQbzBIKc3asQ5bWwFguaAY%2FKxcf8cCVExjN%2FtMSDmRJef5bKWpwTye8StPz%2BPNnye7ImBShwr2ICIjZtMP3RVcV3%2FE9zJrKAejP8oY%3D%7Ctkp%3ABk9SR9TP8_jAZw,single,False,True
BMW F30 LCI adaptive LED,GENUINE BMW 3 SERIES F30 F31 LCI COMPLETE LED HEADLIGHT LEFT PASSENGER SIDE,520.0,2026-04-30,Pre-owned,False,False,https://www.ebay.co.uk/itm/406834889699?_skw=BMW+F30+LCI+adaptive+LED&itmmeta=01KR3RWWY8D68M3ZD2BC8S0W5F&hash=item5eb93fc3e3:g:mcIAAeSwin9p0-5G&itmprp=enc%3AAQALAAAA0GfYFPkwiKCW4ZNSs2u11xA5cm4enU%2FjiT%2BPEjml3VYr9f87vpu1oPdOHeEf0FlEGdEOiUkk0Q5XHqU%2BLr2Vuk%2FGyynV2NDe%2BBrScx0LpBlVTj2tRtWD3W2ceTekZ%2Fk3cArcZBtrvKALpJW%2B8dx%2BnGXH%2F8LGQk6uv%2FOscNl8tE9T37kgyYDqTkL4n5P44sl7nhf7z439aq%2F44T9egxmuNzArO%2Bby4kd4LdFYE5Px9x6CEOO%2F9LY%2FtkTL%2BwH%2BCNKkBnGfDDS8nnhtSCfXBaxOkWY%3D%7Ctkp%3ABk9SR9TP8_jAZw,pair,False,True
BMW F30 LCI adaptive LED,LED Headlight BMW 3 Series F30 LCI 2015-2019 Daytime Running Lamp Passenger Left (For: BMW),369.95,2026-02-12,Brand new,False,False,https://www.ebay.co.uk/itm/386326313343?fits=Car+Make%3ABMW&_skw=BMW+F30+LCI+adaptive+LED&itmmeta=01KR3RWWY84PPT8BF6FNBJ964W&hash=item59f2d7b97f:g:k6oAAOSwpzRlZ02k&itmprp=enc%3AAQALAAAA8GfYFPkwiKCW4ZNSs2u11xBTncWyUugFgQ7Obi0MOV6gc%2Fbswyyo%2F9bKGB9Ta%2Furr04YMx12mzwKsRFySog40F%2FNtsVd%2FLm7eHfs12S%2FKAlWjJTND1OKugrfH1uSGevuYqUBMtSKzsmuM%2F6KPtiTLzapdSOiYD7vpIRJzTifVWdn5RanyJhfZob0UTW%2F8daFYcPZePhaV9lp0%2BKPiOEk3%2FyfRm%2F68%2F3%2F1%2Bbw%2BxZm8YBp9UHr8oKRJpjlL2xYeJYMNeaIX1UYxuM2CoIW0yChFiro3iQm8vZkUgIxhIs%2BONvpVWUMjUoCnza1qP20qXjzIw%3D%3D%7Ctkp%3ABk9SR9TP8_jAZw,single,False,True
BMW F30 LCI adaptive LED,BMW 3 Series F30 F31 LCI LED Headlight DRL Modules Set 63117419610 7419610 (For: BMW),40.07,2026-04-29,Brand new,False,False,https://www.ebay.co.uk/itm/256157187276?fits=Car+Make%3ABMW&_skw=BMW+F30+LCI+adaptive+LED&itmmeta=01KR3RWWY8FCC5NTN39DAXAKT9&hash=item3ba4287ccc:g:fo4AAOSwNh9lvRly&itmprp=enc%3AAQALAAABAGfYFPkwiKCW4ZNSs2u11xDqWUz%2FPULL%2BEWz4wbAiLMwzXw6lSE7a04tB5%2F8bC3mQlN4BNGjXuhPNmIe7RF8LdrmB8pZ26fZEXqNRgDqfnG9ct0KEz7%2BcVxs5tiVIpdhSUiZLzjHlBIf6kL6poX4KDUH3LRM%2Fmux55MeNnRMSVSpgS6cd0m91wxXDJ1Lm8QdRtoBrDmEfHH%2F8k842cVB8OmzvKcOkZ0Y8MqIxPyJkwF7eHTd%2B9IAR93OAs9CIXRTbrAW87SGJYO4lOGYkEGriLDuuQ82cZ6A843cDnZjGu7N%2BWyvswh1CDY1dSOfZxZXXaKa3kSGgOv9EEcgXu9%2FjlQ%3D%7Ctkp%3ABk9SR9bP8_jAZw,pair,False,True
BMW F30 LCI adaptive LED,BMW 3 SERIES F30/31 LCI 2015-19 FRONT RIGHT DRIVER LED HEADLIGHT 7471308-03,125.0,2026-05-01,Parts only,False,False,https://www.ebay.co.uk/itm/366342207307?_skw=BMW+F30+LCI+adaptive+LED&itmmeta=01KR3RWWY8FKSXRCZAQ1GQ9FZ3&hash=item554bb2774b:g:kJ4AAeSwpzNp2LYF&itmprp=enc%3AAQALAAAA0GfYFPkwiKCW4ZNSs2u11xDBB5m4GvzLuYgJCTgFG1t1OlrKC%2FGa4f21OyBIHv8x2m1eF5cdXwvNjoXpqo%2By1XFjuaoU44zqsy7JvTDGqEDjet9eJJ92%2F6UJTjra9rrwD803pswfo5v6KTjIaaPiBHFqWEFK%2FxzRaCEkm9w8fJp4A3hgtvrAESbituQ35mH6us%2BHWw%2BYWZCoMIvYu4l7nqxxEBbnimaeY6x2IQ9AU0V8xQRlfM6yHrG6spq3slKfTTEE4ltWIZ8P4w76vEdxv1c%3D%7Ctkp%3ABk9SR9bP8_jAZw,single,False,True
BMW F30 LCI adaptive LED,BMW GENUINE 3 SERIES F30 F31 LCI LEFT SIDE LED HEADLIGHT 2015-2019 7471307,363.7,2026-04-12,Pre-owned,False,False,https://www.ebay.co.uk/itm/267629548206?_skw=BMW+F30+LCI+adaptive+LED&epid=27034005394&itmmeta=01KR3RWWY8J4E2NMQYMH20H62B&hash=item3e4ff6d2ae:g:YrkAAeSw0SNp0P7K&itmprp=enc%3AAQALAAAA8GfYFPkwiKCW4ZNSs2u11xBHPjMP8KQxgCAssX%2FrewsgfVrGE2iBVSwnNSmLHKu1mL%2BUmLSiwlxCAOzk%2FX6pI5wyllrVs7FVs38mVlKJctdzGyhFonFuq0RF2zVX3xC8krHOdhzkYwG5VIc0qi0vwJ4oW9%2FfPqhOGCAsVklD93sGEGcYKn6ZizRrpUGjEN1iuG%2FMfilp0wXcjaeTY%2FNEFJWTrsJfQ1SMy4sdZ3vBZgHC7KSjwT5Y4OBJ5qlAgWI9XCGqWGVkfDwrenW1lJ7x5qvLiWko1svSewhEvXFKy6sq3jwZ2nf2i0z9t%2FelqWzv%2Bg%3D%3D%7Ctkp%3ABk9SR9bP8_jAZw,single,False,True
BMW F30 LCI adaptive LED,GENUINE BMW 3 SERIES F34 GT LCI 2016-2020 LED ADAPTIVE HEADLIGHT 7470443 UK CARS,588.88,2026-03-05,Pre-owned,False,False,https://www.ebay.co.uk/itm/277532878644?_skw=BMW+F30+LCI+adaptive+LED&itmmeta=01KR3RWWY86SN2ES07Y6N53R4R&hash=item409e3fa734:g:McoAAeSwyf9o7g57&itmprp=enc%3AAQALAAABAGfYFPkwiKCW4ZNSs2u11xCRiypMVquJH5MGbzZFc3E8I%2FBU1wOicxTyE9Vi19Y5NmXWdNfACidnoLTAfwX43UiQOiw%2BGO3qbRmoOh8vdF%2F2OG6ERCq0Cd3%2B2Ws1rfJ26nCUWnd2Q0EH4lvPRpRoHWzGJqmquMvkB96F2tDJCb5GFjhhWpOJXOpMwKUeNSEQHSeW117NTyD8CLqH%2FOB5CmCbCEB1jtMQVKs3EapMHStygRHgTIpeCDi2qGzYF3NFL3FDmt0uepO%2BLDNr63iR1t11%2BbfkCIgbgMQ1o0cltX9ac519%2FBp3pOH1dSMU6g452alHacipFeqMxtpLCInsqJU%3D%7Ctkp%3ABk9SR9bP8_jAZw,unclear,False,True
BMW F30 LCI adaptive LED,BMW F32 F30 F80 F82 M2 M3 M4 Adaptive LCI Xenon Headlights,618.7,2026-02-09,Pre-owned,False,False,https://www.ebay.co.uk/itm/317158159742?_skw=BMW+F30+LCI+adaptive+LED&itmmeta=01KR3RWWY8KME8791HEPS68NED&hash=item49d819757e:g:oFgAAeSw5LpoleAL&itmprp=enc%3AAQALAAAA0GfYFPkwiKCW4ZNSs2u11xCcCCpp7AGF0a%2FQvwfzpZNZ6GYofC0WwMgL28w1%2FCy66PtbGZsoMZ%2Fpn2YPjGgruIX%2BlPHRlDa4N%2FljlC9qDulGRdspAMFVhKc2Xp3%2FhIUVSc4Z2sI8ScAJ8qe5Kx1rlTeYGHWdGA77EbTCc4zQZ%2Fy4CkmTtodD1jVd1%2FcowIahx3g8lEri%2FGfUqK8ijPf%2FmMadApWKJTm2oWsjqTTcDzXrQ6wkxP6GgqkWYwNjy%2FpWKRpZdEscwL%2Fzk5Xxv7DLc90%3D%7Ctkp%3ABk9SR9bP8_jAZw,unclear,False,True
BMW F30 LCI adaptive LED,Genuine OEM BMW F30 F80 LCI LED Rear Tail Lights Complete Set L + R,146.3,2026-04-30,Pre-owned,False,False,https://www.ebay.co.uk/itm/257471555784?_skw=BMW+F30+LCI+adaptive+LED&epid=880488036&itmmeta=01KR3RWWY8C10C0JZTWG770SSC&hash=item3bf28028c8:g:OS0AAeSwcE5p6nhV&itmprp=enc%3AAQALAAAA8GfYFPkwiKCW4ZNSs2u11xA1nPKbZt4662%2BKH53xQOLN3vqd5ERL2ZXkuxhKP399HhcjhyFTuzul7NYwaQXUXGoE6NR0RhJ1sz%2FAvdCtuvVYxSJgNppPWbIibKiR56ko1TW8sNhMRtSPpalJdce4lxM3G6lCdmgnQv3nOJ6LrkTVfb%2FnB6MWx7w%2FwLPruhNc92GyiiOPWuie3w884F8iFtBGJb3lg3s5bjNaw75cd7vgtXzHftURBA9XCJvVdH9eZKjDpwgneDgEo1Mi5ksGQNYjbi8vJIHvA%2FStnFCPjRuvg1fgY6LZu%2FnbARK0L2EgzA%3D%3D%7Ctkp%3ABk9SR9bP8_jAZw,pair,False,False
BMW F30 LCI adaptive LED,For BMW 3 Series F30 F31 LCI LED Headlight Indicator Module Right 63117419620,24.07,2026-04-02,Brand new,False,False,https://www.ebay.co.uk/itm/406816940503?_skw=BMW+F30+LCI+adaptive+LED&itmmeta=01KR3RWWY84NSTNXG0M7RQ492C&hash=item5eb82de1d7:g:RJIAAeSwGVBpvXmV&itmprp=enc%3AAQALAAAA4GfYFPkwiKCW4ZNSs2u11xDnvv2xhDLmXvF0A%2FlD%2BLAd2okJezBEmPSA%2FK7kxLwH6Rg60qP2L06walO6zPfvcGsIYeJdBwUvRwHwGBO3P3Zf%2BNYcUhJRUhiOh2rNQ%2FtnMuqrG%2BqGsr9F0GFIJDdxm38JqLK5%2B4tHScDW3%2BPBLDr8h2sKnvgw1%2FsZ4%2BtI0wAeV0jrwWFpi9F9B92ezGSjNy7Qc0EwOGYX1T%2FbY1N%2BLLsEjNjbQTRv3sRVTf4S6q4smrAMf8gZjSOuX0pDT4wY08QV77uf1igPLm2Yd4DMBmLd%7Ctkp%3ABk9SR9bP8_jAZw,single,False,True
BMW F30 LCI adaptive LED,BMW 3 Series F30 F31 Headlight Right Driver Side LCI LED Halogen 7365598,156.7,2026-03-04,Pre-owned,False,False,https://www.ebay.co.uk/itm/406735067576?_skw=BMW+F30+LCI+adaptive+LED&itmmeta=01KR3RWWY86CQPDJJC2ABRH93G&hash=item5eb34c99b8:g:hyEAAeSwMQhppyaD&itmprp=enc%3AAQALAAAA4GfYFPkwiKCW4ZNSs2u11xDgUh4yXZb3zlNqkZrYgdp2QBjhofWAmg%2BzdO%2Bgg0du0DHXXKNjpDE5boateYVqXZPKRglIPtMgJQCcMOMjbPPh%2Bck2Qqgwu7cyzwZEUbf5GE4t7uc5jY4mKpgiEMdEw35LXwDANxYD71SUXz05KZJe%2FaTNCURAxQDhdb5tHxH2oYlsWSUKiKIG0BgMd90lfLG1fsCEd%2BGdU4eWj525r6boRYDf3vOJmwIU7UWyQRp3oW0tQ4Bm2SMPhPu40wW4ULiVdq%2BxYkTVPmEfR5I0Xd%2B%2B%7Ctkp%3ABk9SR9bP8_jAZw,single,False,True
BMW F30 LCI adaptive LED,Genuine BMW 3 Series F30 F35 Driver Headlight Right LCI LED 2013-2018,280.0,2026-03-31,New (other),False,False,https://www.ebay.co.uk/itm/147081113248?_skw=BMW+F30+LCI+adaptive+LED&itmmeta=01KR3RWWY8Y2VD1X3QPNJR5E8X&hash=item223eb7aea0:g:ZO4AAeSwzqlpVGAe&itmprp=enc%3AAQALAAABAGfYFPkwiKCW4ZNSs2u11xBaJ01fy7lBo4YvuCp%2BqdqLF5f1u7tkkFZTPOkgiYc5J66zWRSS%2F5uT%2BG2N8rZ3S%2B9fWCKFbBnrZn7niZhB9zFSRc3KQLZM1FTMjUlM91FxLvNvaSNmd7wZt%2FsjquRZdNilwl8Jm5N9mkP%2BxUNcSXueyWtnYGvE36DJJBhpNJPnrYn4Og2jpK1CPf6rvwfHtff0yPxKK4UhAkLCgFuFuauo2%2Byy9B%2FOioppj0RaQ6r1tXnY%2BDyeHg%2FZwnx%2F96vkzAkJ5iXXAVaKQRKvU%2BGsrzMB39tnMXQex0eBBpDm06Zy4ybJcBUs9HKqvXVanzKOqhI%3D%7Ctkp%3ABk9SR9bP8_jAZw,single,False,True
BMW F30 LCI adaptive LED,BMW 3 SERIES F30 F31 LCI PASSENGER SIDE LED HEADLIGHT 7377847 (26),669.7,2026-03-22,Pre-owned,False,False,https://www.ebay.co.uk/itm/286863082902?_skw=BMW+F30+LCI+adaptive+LED&itmmeta=01KR3RWWY8YBN9Z2RDY3XGP6QF&hash=item42ca5f4596:g:izkAAeSwtvdo5PlM&itmprp=enc%3AAQALAAAA4GfYFPkwiKCW4ZNSs2u11xAxpHhHYRMHz1ExhyfxzJlKjQchEhcvBIvTi7t86QoY8Z%2FXOk1BL3joYa8C5EivMWCEzRBPUkMiGdH469nxHpbc2oC3YFCNg6Yr9y8EJ4EU3TVCkgEdKFnawMWXzecjFguA6JiXPOe0IPvxRFw79GL9bjk%2Bwg1NDsvROT%2BTuhp9RIyrS%2BmWYk0aNtCE9tUJT7kf01RfQZavs4sVLHtMLg5y2Qn44ZZEo6YFb4zq9T4gtwYi6J%2Bz%2FL2KP6%2FoKmT6k4pFecnN2rIffPMYIPavhLzm%7Ctkp%3ABk9SR9bP8_jAZw,single,False,True
BMW F30 LCI adaptive LED,RGBW DRL LED Modules For BMW F30 F31 F34 F35 LCI 3 Series 2016–2019 App Control,139.99,2026-03-24,Brand new,False,False,https://www.ebay.co.uk/itm/358015028446?_skw=BMW+F30+LCI+adaptive+LED&itmmeta=01KR3RWWY9VZQ1M2ST1PK2DWZW&hash=item535b5bccde:g:6r0AAeSwE9dpzsKd&itmprp=enc%3AAQALAAABAGfYFPkwiKCW4ZNSs2u11xDetcPdQ6bCpfiw1tJO0J8%2Bj%2Fs61pmoSFXTVLz34wa38VOmh7WSR8snAKZ5%2B0HIt%2FDu0ZdPMtW%2BJkWPkSMSB62Y2Mskj8MAkGFyAJ2%2FVmrkdTchqaSqMpG%2BQJ9jETdybsAD%2BKAhxrtFYaNSPqC65cC1kNsUPtEvhvoF47iZE0s35dILVUtUb5H%2F9Oj29BivfUTE559qsm0%2FWs1NgM8jL0k%2BDnM4KFUQGUDw4VoWQ98OVHjwYVUgrnxuROwt4pagOnp0WO7RvE7jIS0uib5C%2FlmuZoC5ZAXEJul%2FeCjOm9hvbZM6qCMuCUX26DZhrL6g9vQ%3D%7Ctkp%3ABk9SR9bP8_jAZw,unclear,False,False
BMW F30 LCI adaptive LED,BMW Genuine Headlight Headlamp LED Modules Set Fits F30 LCI F31 LCI 63117419615 (For: BMW),100.99,2026-03-26,Brand new,False,False,https://www.ebay.co.uk/itm/185591971478?fits=Car+Make%3ABMW&_skw=BMW+F30+LCI+adaptive+LED&epid=10056683322&itmmeta=01KR3RWWY9WAHGK0CW51A793MP&hash=item2b3624be96:g:iw0AAOSwWvBk42~j&itmprp=enc%3AAQALAAAA4GfYFPkwiKCW4ZNSs2u11xDK3eDJ9gm9CagAI27tdARMDFZgkVB4fJoQHFcX0MA77uWdOAQnyp5DXQbAi7eeDDYeYTE%2F9KUIVD2HvZ97SOCOiRVJAnHbP5KB06TH8w866wfM%2FJoSdlMAKAFt12KQmLKWmqnPDyQS2YRy3Jv8ZdBLOcp1EL1a8uV1w1gmxb1hVupKRxsWqMS5J7%2FMpXux2xBunFro6ssN%2BArIlaacb0O1N2j9%2F0ssbEdpMFgmZl8RGxgXiE5tTxUI466R03cq3Ce7qDKgNlc4K13UjAtFBrUQ%7Ctkp%3ABk9SR9bP8_jAZw,pair,False,True
BMW F30 LCI adaptive LED,BMW 3 Series F30 F31 LCI Halogen Headlight Driver O/s Right 7365598,99.0,2026-02-27,Pre-owned,False,False,https://www.ebay.co.uk/itm/157707354022?_skw=BMW+F30+LCI+adaptive+LED&epid=8007670353&itmmeta=01KR3RWWY9YFPX9FPR00EM9RBC&hash=item24b8173fa6:g:xEAAAeSwmxlpnq8P&itmprp=enc%3AAQALAAABAGfYFPkwiKCW4ZNSs2u11xDlojVAVd6XoEHt8z53KAog5JIxRzmrrs7MV2oM5NT0tU6re%2B6iyP9FT9ij32xgcVLSi0UZ2h8kEQN2jqI5zdOvy05EqlNA3pI9nNj2djMjKQXZkBS7IBMVc4CrQtQ1vScuEFuM2khkGLzbCWnlvC%2FnG8NtdkcH4bFUwcbfnh6MOAmKSw%2BTkfRm%2Bk9yGmTuNZdEsoCrhsMOh8tnUn5onfR0dT3Yip5KB8ntYC0k5jiB78A9cJ%2Fx2o2DkkvW3n89fgZaASZyQR7MlZbuOVjLcghTnktkG9U4TEqiM3FvVSBPH5Yf9qvhOGXPQWZFDBO%2BfPg%3D%7Ctkp%3ABk9SR9bP8_jAZw,single,False,True
BMW F30 LCI adaptive LED,Headlights For BMW F30 F31 2015-2019 LCI Black Light Bar U LED DRL Projector (For: BMW),469.99,2026-04-27,Brand new,False,False,https://www.ebay.co.uk/itm/167308459745?fits=Car+Make%3ABMW&_skw=BMW+F30+LCI+adaptive+LED&itmmeta=01KR3RWWY9X011FS3W1JHE6P3P&hash=item26f45c7ee1:g:LWQAAeSw-Ixo46F5&itmprp=enc%3AAQALAAAA4GfYFPkwiKCW4ZNSs2u11xDYhO0p%2BWQYTrBR4fTiixMgii7BzTGdXNzL%2B7DSbeld%2FfBCV4gCBUFw%2BZVa2%2FhC8Y%2Bd%2F19R%2FafxDw1V8q3BXa0y0mzIYfDZNpGzo9cCtJo4C8tTqbRF9Jvn%2Fq9LTPPZOmKumcU1Mj16ObQJfR9vwV9UhUmrTa8kK1K%2FWyjvg0zrWdSkGm1xsm1DmyxAqK43CMTFotPC77GNcyTWOtnmreiidy%2BZXhnAAzQE8UzMVs57v6RKfA079PLKrepwfD2kpZbxUyaP7SspMILxguQXr%2Bcc%7Ctkp%3ABk9SR9bP8_jAZw,unclear,False,True
BMW F30 LCI adaptive LED,BMW 4 SERIES COMPLETE LCI LED HEADLIGHT RIGHT DRIVER SIDE 7498916 F32 F33 F36 (For: BMW),625.25,2026-05-07,Pre-owned,False,False,https://www.ebay.co.uk/itm/326765852799?fits=Car+Make%3ABMW&_skw=BMW+F30+LCI+adaptive+LED&itmmeta=01KR3RWWY95T8P5QBP68ZWMP2B&hash=item4c14c3387f:g:PWEAAOSwC41lX4h2&itmprp=enc%3AAQALAAABAGfYFPkwiKCW4ZNSs2u11xByvGo95e%2Fc%2FGt6z9wmN2WnkkCYZN27G3OnwwQxbBB7uubEZM0rOeRGccan71DdNFtmWQl1UBytgQqPqIV60YVqiqAxQVi79GsMRooiiBpg%2Bdqh1A0q0%2FTn27NqIyDKcPkti9Bi0o4B47lT%2BuLgAjSNl9cq7C7xrUT4oXXWT1gyrzIBnQ%2FEJO9hDf383UO77g82dnVADg6euASBfeWeChhjx%2F4aqo7JxlzgKKlccbkrEKSaGsipYr5ONWcGeJceIfgn1foP85w%2B7RKAOA8ZqYlcnw6nNBOColuYJvbOusHeZIZ%2FoDnvali2dA6DgaobF5k%3D%7Ctkp%3ABk9SR9bP8_jAZw,pair,False,True
BMW F30 LCI adaptive LED,1x LED Front Left Fog Light Lamp For BMW F20 F22 F30 F32 F36 LCI 63177315559 (For: BMW),18.98,2026-02-09,Brand new,False,False,https://www.ebay.co.uk/itm/284255882853?fits=Car+Make%3ABMW&_skw=BMW+F30+LCI+adaptive+LED&itmmeta=01KR3RWWY9VFKZMJJ68YQGSS1G&hash=item422ef88e65:g:0yEAAOSwVO5gdWE6&itmprp=enc%3AAQALAAAA4GfYFPkwiKCW4ZNSs2u11xCLv%2BEZwxsqhdVlzvJnLnkXZF2AflES7pv2JOAj61mSl6foO8KEiyVZk1xKF48dmuLTGUPVr9hB5oXDP0NUsJPAgJRMjIGuWXzff6lpeO%2Fr50VPqXRLWe%2F6m8fXBBR57n8XEsq0NVoFUu1gv3E6Fuy9TBx3W4QjMPhyI%2BHsxN5ulweWqJc1LHF5EGiaCaOefqNxtizQfZ2jumEAMNs9l9RbeWTvEaPg3BXO9HyKspzzgOo2tcjFgFl3eOWmBhCgM%2Fc2WrmAhychOyJwOfKVZnM4%7Ctkp%3ABk9SR9bP8_jAZw,single,False,False
BMW F30 LCI adaptive LED,BMW 4 SERIES COMPLETE LED LCI HEADLIGHT LEFT PASSENGER SIDE 7498915 F36 F32 F33 (For: BMW),279.79,2026-04-20,Pre-owned,False,False,https://www.ebay.co.uk/itm/327113619414?fits=Car+Make%3ABMW&_skw=BMW+F30+LCI+adaptive+LED&epid=25023050667&itmmeta=01KR3RWWY9ND849888NCAE92H5&hash=item4c297db7d6:g:HLAAAeSwrclp4iZx&itmprp=enc%3AAQALAAAA4GfYFPkwiKCW4ZNSs2u11xA9ZJZf8QTBI9jTw92MIfbtY3EIlX1gA6XCGz3Ng6mvCD%2BwsiFuvDRigsZ8LQmDP9BZoY1S7lC3FtV8RmPFIJK3LbaR6jCSd1svnq9fntKQmnw1pzEWBs3uvQmn2f3OXwvhz%2BVWaZjE%2FMxUj%2BN0coposKvHRJnFpKe2XRHaLzhYiShRPzTcW7KH8IwPT5CZDVbhQiGufFyfdg7m5P9%2BaZLd2I2n2g5cvFpAgs%2BWlT67svx%2FTw1R%2Fc6rsKT9CNsTnNV2hP4MlR6TeCh6dUW%2F2PJV%7Ctkp%3ABk9SR9bP8_jAZw,pair,False,True
BMW F30 LCI adaptive LED,BMW 3 SERIES RIGHT DRIVER SIDE LED HEADLIGHT 2016 2019 F30 F31 LCI GENUINE 320,170.0,2026-04-16,Parts only,False,False,https://www.ebay.co.uk/itm/178028164751?_skw=BMW+F30+LCI+adaptive+LED&epid=12023316024&itmmeta=01KR3RWWY9DNK0WD2PN7GDGSY0&hash=item29734e368f:g:T9gAAeSwHHhp0-0s&itmprp=enc%3AAQALAAAA4GfYFPkwiKCW4ZNSs2u11xCoxtpZZ0Y2CEvE1KddH0b7krfrv4Y7fY2JGoj18ln0NZ5VOFOT%2BDcn%2BErD0jalrlFwgpz9h4ngHIB1lblKCFFVdp2mmaq4jSEW%2B8GhOOTDCtAIKIsApkIB1w2L6L7FVyEU7UJr8j06X%2BFgxMP0%2BI8sImj38DwhgmnSTS3R%2FsBzodB72zbaA7gHGWplUPIdDEvXOBhJw1HI%2BX7g0CwZHQjM1V31PdpafMBTSQFzfzvbMTvR3NayQ2OIfQGbb%2BrIhTB8aHu9MxPnCZLzNYOvTYyb%7Ctkp%3ABk9SR9bP8_jAZw,single,False,True
BMW F30 LCI adaptive LED,BMW 3 SERIES F30 F31 LCI FACELIFT FRONT LEFT HALOGEN HEADLIGHT 7365597,265.0,2026-02-12,New (other),False,False,https://www.ebay.co.uk/itm/168147943022?_skw=BMW+F30+LCI+adaptive+LED&itmmeta=01KR3RWWY9646PSJGJJBWBRGY1&hash=item272665fe6e:g:1lkAAeSwaJVpilCU&itmprp=enc%3AAQALAAAA4GfYFPkwiKCW4ZNSs2u11xAsK4%2FFaR2lJOWUU77HqQx%2Fh%2FB7uiX4cE78dtRrfjNHiXxs9mvVg8Krd1fGwQD6viQK0gl1vcNmHmlxoxGVmrTBuW6PP9QCAmVhTBAEq0QYm%2F4WFoXQomeaZXn00G7wmJpsCBOct6V1GSQzXHI8%2Fr%2FCN9KK%2BbfFLhVqidAH3F5FrrsxLuB4jiMXi%2BclLlX4dAUWi0Ony5uGTqzU%2BYCPw%2F1j57d24PSmaLz%2F8nUW69WqCfNFRdFqKoReSsVjR%2F%2BhB7zxa%2FkfhsY%2BS3uRuUUNFBXj%7Ctkp%3ABk9SR9bP8_jAZw,single,False,True
BMW F30 LCI adaptive LED,BMW 1 SERIES F20 F21 LCI RIGHT DRIVER SIDE ADAPTIVE LED HEADLIGHT 2015-2019,535.0,2026-03-11,Pre-owned,False,False,https://www.ebay.co.uk/itm/406678972190?_skw=BMW+F30+LCI+adaptive+LED&itmmeta=01KR3RWWY9D1K3MRRNDKG24DHC&hash=item5eaff4a71e:g:KhwAAeSw45Bph1zA&itmprp=enc%3AAQALAAAA4GfYFPkwiKCW4ZNSs2u11xAVAtxv5kq4db3z9dAEyUt9UXtMwInLfFffcnVQ6F%2Bq9nzZWJNJpb57OGRlFPSPBueHjZSQ7NcPuGueNXOsVLmEcEi6sJ9hN0myIUOeRF8Zc5BVRuDP6%2FyIg13VwT3LVC9nbOh4JdyyNO5n4bEN%2B%2FIPlb3ClK2U6cQRtipmxSpGoPAk4C4QRi3iMNXnGamKdX1Np7G1NUoZH7yKP%2FfcIJ64k9h1FHGkALV5AL0BMhzdP2voAQLePpjPs4zSv1MrpHekO95zO6xVlxu%2Bvg5wwjia%7Ctkp%3ABk9SR9jP8_jAZw,single,False,True
BMW F30 LCI adaptive LED,BMW 3 SERIES F30 LCI PASSENGER LEFT LED HEADLIGHT 7471307 2015 TO 2019,349.0,2026-04-09,Pre-owned,False,False,https://www.ebay.co.uk/itm/298199828769?_skw=BMW+F30+LCI+adaptive+LED&epid=8017933924&itmmeta=01KR3RWWY9DFVSAGYF9J16AK4B&hash=item456e184921:g:7C0AAeSw0SNp0-9o&itmprp=enc%3AAQALAAABAGfYFPkwiKCW4ZNSs2u11xBmu2XueciNXfUwuzmmLhdrpgOItgl76y7FpyBViL5JOSXBAa%2BhmitmBhP1Vjz%2Ft3JkXQnE7kYJUGJJN1fIBk%2FyTc5rL4fLN%2FI9jUTha5D%2BHFcYtntL2zLlbAN9LFlM7I9fMxp6mDlg%2BEIbr0APd8ZZGR%2BUvQThHg7YbyjqG2RmYywKXoOcLitdRj4vZ5JRKyIuKv%2BOSBPMpWQf5sAfrDId9yvbJQfHZoNZa6QhGzb1cu6LPrVixuJApo6fgzAI129gBdLs4gMLQDbviiuYHEnbW0%2FcYKcFTk44ULIBarE268%2BkpShhyCc9QtC1%2BnuTJ7E%3D%7Ctkp%3ABk9SR9jP8_jAZw,single,False,True
BMW F30 LCI adaptive LED,BMW 3 SERIES F30 SALOON PRE LCI REAR OUTER LED LIGHT DRIVER RIGHT 7259894,33.3,2026-05-07,Pre-owned,False,False,https://www.ebay.co.uk/itm/157821112558?_skw=BMW+F30+LCI+adaptive+LED&epid=1686384150&itmmeta=01KR3RWWY9VR3WA3JEN4MZ14YT&hash=item24bedf10ee:g:hh0AAeSwr0Np13mD&itmprp=enc%3AAQALAAAA0GfYFPkwiKCW4ZNSs2u11xB6UkIWpG%2Byncbno7uz6za%2FOLOQF41nYsGnh0wGObpsHKubIfYMJMCKU9e16Xp9QXkds%2FDLRPWdm3g9YWvXW3JEgIpa8eDGvNwnDJzKnDVIz6stS2pfUe9%2Fjd%2BX0O3Mo2I9v0VvzN6tQjFuP2l8kGbkYHc%2B2Pb19%2FRYX21gi7QqMfweDcDqjiLq68rrDxQYu666xsaqiANax%2FtfRh67IlvN7bMTPV1RpdPTJ%2BFLdEuw5jES%2BfSiQatNmJGZGu0HTb4%3D%7Ctkp%3ABk9SR9jP8_jAZw,single,False,False
BMW F30 LCI adaptive LED,BMW F30 F31 LCI Front LED Headlight Vertical Actuator Left Right N/O/S 7401878 (For: BMW),34.95,2026-04-01,Pre-owned,False,False,https://www.ebay.co.uk/itm/317638379821?fits=Car+Make%3ABMW&_skw=BMW+F30+LCI+adaptive+LED&itmmeta=01KR3RWWY9W3JK9HW4105G4BXH&hash=item49f4b9092d:g:dAcAAeSwAI9pNt4D&itmprp=enc%3AAQALAAAA4GfYFPkwiKCW4ZNSs2u11xDW25KvG4KmxHaiKhOmsGOElLe1j5wPQqLekrkEglPvsKMXraVAmrvPxh3Fi1x9HOsyIZR3fM5ymedg3FHtkuFf5lJOczwEgGF79kVl4xp7ualQzHbbSZRMQmgE8nKsHbGjXGm009J9cvrXrT88C0t%2BpQTWWR%2FDetQf322s3LNMlJ0f8NcPkIZpvi7LRVNiwRrNU0r83B5N2MQQL%2FsS%2Brj11K6WgQgM4xXwieZXzGBrnskcFVWCdmMfCVk2WR0tkDVVpsQ04c4Hvo4%2FcpZFbR%2B5%7Ctkp%3ABk9SR9jP8_jAZw,pair,False,True
BMW F30 LCI adaptive LED,For BMW 1 Series F20 F21 LCI LED Headlight DRL Modules Set 7428425 63117428425 (For: BMW),19.78,2026-05-05,Brand new,False,False,https://www.ebay.co.uk/itm/126987369496?fits=Car+Make%3ABMW&_skw=BMW+F30+LCI+adaptive+LED&itmmeta=01KR3RWWYAC3YDC4563AA1M2RK&hash=item1d91097c18:g:O1EAAOSwJiJn0AEA&itmprp=enc%3AAQALAAABAGfYFPkwiKCW4ZNSs2u11xDrID%2FWOZlCH2VEEYn6zEiTMTKrFqXybdJgJDWeRMyfB4E2nqvkz2Ag%2BYghk8GmXEH2ebisNHDZ1XL6H9zx5FkdbTupbBF3oXYKhUtmar1jnmX9SyPKnCMYQTvGSgkR5XAQTvfy%2BIN9HEk9nPfjHfXAwXMHzKpXc%2Blu32bpx1Poo0wruOcShoZkli6kZ1XhgYqL2oNGieoHNd0y2d4josPkvVvjX33%2FE%2B3o0euheBhlc%2BEfb%2F0qIMw2CbOkdQ3dKwjULcFZETJESkrA35PLy0NCXtaxL62Cke9xmH0ZD%2BHGlFMXjnsgqmpWJ16cbzRY%2FCE%3D%7Ctkp%3ABk9SR9jP8_jAZw,pair,False,True
BMW F30 LCI adaptive LED,Red Angel Eyes DRL PCB For BMW F30 F31 LCI LED 2014-17 7419615 (For: BMW),40.25,2026-04-02,Brand new,False,False,https://www.ebay.co.uk/itm/306766169384?fits=Car+Make%3ABMW&_skw=BMW+F30+LCI+adaptive+LED&itmmeta=01KR3RWWYA9FZ8BN35BMCGMP5Z&hash=item476cb04528:g:S-EAAeSwhFFp0kii&itmprp=enc%3AAQALAAABAGfYFPkwiKCW4ZNSs2u11xC7US--LL0mVwAG0DN6I9sgwNnl8ORKustFoSWnNwcgEYxIqoMaK9GeT5%2B7MLR4p3i2hfEnVXDupdGXxRMb6CFaMlW8vPF%2Ba%2FDzCQNf3X8ZtCW2HnDKxeijoGSAdhJJbcLvnIWw4voeLR46kYKfKRvNOyCOR3AP8mXH707LEGTc%2BFfqkPqedXAfzmYFP8KLGEBTs9Xx83eidW6NI6vNpMuzvQpEtziZGVnxzqpmQkxQY7NwLkKOGnmymLgNq9l07dDM3CJh08suyXS5--Z%2BvJ67HD4HievD%2BlkBszhTtG%2B8ELMUHqfQwpBqLsoVG4WiYcQ%3D%7Ctkp%3ABk9SR9jP8_jAZw,unclear,False,False
BMW F30 LCI adaptive LED,BMW 3 SERIES F30 F31 PASSENGER LEFT FRONT HEADLIGHT PRE LCI 7259539,70.0,2026-04-20,Pre-owned,False,False,https://www.ebay.co.uk/itm/157835294215?_skw=BMW+F30+LCI+adaptive+LED&epid=838132545&itmmeta=01KR3RWWYADAG6BV3W9RW12JSB&hash=item24bfb77607:g:QbQAAeSw0Plp33CJ&itmprp=enc%3AAQALAAAA8GfYFPkwiKCW4ZNSs2u11xCRBxtqvcSR6RTQbmdG%2FNQ92PolD8GvHPm6O7UxqqWS7vmmyVb1o%2BXqdLcjOFnyYAOzn01oYNZ5j5VDdTRyY60NTRiHMMU1dxzf2UUn%2BU1bfaMNkH0r1uP9sPlwIhk%2FQSD%2B%2FevTWeYvfaOIbPDA0vcVCwKCmARQpXzE7hyD5%2FQby4ooxgxpL1o783wWYf8jTSWvP1Q3YhW72rgQII3LmGlQnprugkDd6bbfoYx%2B0i%2BXh7ybz2BKaqFqxuUa6WXk3%2FnepQaX5S5W9Dil00J1A3BPzIrybmgeIWbj6H%2Fh6t616g%3D%3D%7Ctkp%3ABk9SR9jP8_jAZw,single,False,True
BMW F30 LCI adaptive LED,BMW 3 Series F30 F31 LCI Halogen Headlight Passenger Left Side 7365597,199.99,2026-02-25,Pre-owned,False,False,https://www.ebay.co.uk/itm/157707354543?_skw=BMW+F30+LCI+adaptive+LED&epid=10006040495&itmmeta=01KR3RWWYA0KNHR1JDVBW3BNDJ&hash=item24b81741af:g:CvEAAeSwe81pnq9M&itmprp=enc%3AAQALAAABAGfYFPkwiKCW4ZNSs2u11xDF7%2F2xmhp0Om2H7JavbvuSpk7hMT%2FnnZUNAxHwMKQ1fHSdJnBczJOz5rS6lAbTqGSEQywza6S12ECqVHOoRYfYIq0F9v7RtJnXmlkFtP8wvs%2Bbh1w8ze69Y0WKihbwXX8AXF0uSOAFv0KRCake1HyKHJ5zqPIf0AYCbq7ejm7Nk%2FJS3%2FUF0yCSoas3MCDDXA6JEtGtpYImH1%2FTeC%2BMiAXW4v593717eW%2FtZOibuWG9nFSDTn7kzqgpZ3XvAf9K6CKxr%2Bq%2FVktuf2c3xtvLYDPPSBsIJC5GyNd5bQq%2FewZtJJKLi0UCcgKwldcSYFCXnrk%3D%7Ctkp%3ABk9SR9jP8_jAZw,single,False,True
BMW F30 LCI adaptive LED,BMW F30 F31 LCI LED Headlight Wire Plug Headlamp Light Wiring 7453483 (For: BMW),14.95,2026-03-02,Pre-owned,False,False,https://www.ebay.co.uk/itm/276602764715?fits=Car+Make%3ABMW&_skw=BMW+F30+LCI+adaptive+LED&itmmeta=01KR3RWWYACM4CWAEBKEWCXD2K&hash=item4066cf3dab:g:kBYAAOSwit1mxEfF&itmprp=enc%3AAQALAAAA4GfYFPkwiKCW4ZNSs2u11xDjyA%2FY%2BhZN9OFVJjm7mpE7yPOp0Kw%2FdqJMUcDefp0g4rqAmATkuISDmpmlDHcvqy%2Bskk9EY1uwM%2FJiN4BD4PHkl0u456NwGQyvs83Bd%2BPfSyarzHqzVrslXaGGoPuOB4LCCDefPQ%2BjLXIh%2FV4lbTAjjw65VPJbofOvk%2BB4OqoxU7Wn8pdpzFvzpAq7PCBhWEVYVeo%2B29NlsqN2xjzATDyrIC6MY3PxLHJvpVZCyhzShh%2Bum8wXucOTaRNRi8ej0CaAYjya%2FWXJaOEz8FcrAWO2%7Ctkp%3ABk9SR9jP8_jAZw,unclear,False,True
BMW F30 LCI adaptive LED,BMW M3/M4/4 Series CSL Yellow DRL Adaptive LED (F80/F82/F83/F32/F33/F36 LCI),68.99,2026-02-14,Brand new,False,False,https://www.ebay.co.uk/itm/404336781426?_skw=BMW+F30+LCI+adaptive+LED&itmmeta=01KR3RWWYA5Z7N8S0PTT48P79S&hash=item5e2459a872:g:htgAAOSwH7Blhj7L&itmprp=enc%3AAQALAAAA4GfYFPkwiKCW4ZNSs2u11xDU%2BMgt%2BKJvZ93eypeTEXjvS9QdSHOR5KJZYYqh5kaycjbDF9V8K2S37nmb73k6VX7EwDCd1EvJjv9Bw6Ob68X2Wn14xcPfO4qnF9UEGN3cFCmTKE8yjYbnX2v0NpCfGVCIzMVXzqQdlTkG9MXOEK6ZscRjuYXzx4phMIXaCsM6hhC%2BJ%2BdqE7wYRepRZ7F0FvV1Hu4LxhH3p1NHvfBrbCA7tJOWjYjJRW2OVaFRgaE%2BJWL6Pe5ELmvqlwWn2%2F00%2BHCHkWimd76DoF%2FYGoryS5fl%7Ctkp%3ABk9SR9jP8_jAZw,unclear,False,False
BMW F30 LCI adaptive LED,Angel Eye DRL LED Module For BMW F30 F31 LCI 3 SERIES 2016-2018 Plug and play (For: BMW),94.8,2026-04-20,Brand new,False,False,https://www.ebay.co.uk/itm/405792236305?fits=Car+Make%3ABMW&_skw=BMW+F30+LCI+adaptive+LED&itmmeta=01KR3RWWYA6558SA4GYFF0VTWZ&hash=item5e7b1a2311:g:o9wAAOSwx11oBeBE&itmprp=enc%3AAQALAAABAGfYFPkwiKCW4ZNSs2u11xBDe2sgcajzh63z8%2BeQccCY%2B3mznoCZecCF2fr3CajuECBz6%2FWjoUBeoPKO72mcAi4nGGjJD3nYFs%2FVUufnXN4YY2YWuDKfrLZ95UD1dV9%2B%2FxG9FzMNFcuFS5cfQEVtsXRVb2lB2WRatwonkP6jAa4Ki58Mlsorb81AJdudko2wikkxAoX9ujUiSsma%2FwtvW6Il21Zpz1D3ViuctC%2B3NmDQMOLKEY6y6S0hqWGFru98%2BDGAxqvW%2B9dj6mVB%2FPhUrxpGNyfYibA93ARc4I57R8HdS%2BQhT4Lfd0QVW6KeoOx%2BeMSQluwaqO6DcASuXaGLifo%3D%7Ctkp%3ABk9SR9jP8_jAZw,unclear,False,False
BMW F30 LCI adaptive LED,BMW 3 SERIES F30 F31 F80 2015-2019 ADAPTIVE LED HEADLIGHT LEFT SIDE 7419631,400.0,2026-02-20,Pre-owned,False,False,https://www.ebay.co.uk/itm/257308445611?_skw=BMW+F30+LCI+adaptive+LED&epid=764892295&itmmeta=01KR3RWWYAZ5270WF0WSZ4GW78&hash=item3be8c74bab:g:wfoAAeSwVd9pZ5mr&itmprp=enc%3AAQALAAAA4GfYFPkwiKCW4ZNSs2u11xChzulPxcA8owC7OsSUNNXK5%2BTBjtPJFN%2BEk77IZ56CsaKsBFfosvPfJdK7MWQS0B7agppxPsAi7WvZYGoYWjTCsfBFpwDnJ0FwGy%2B%2FYbokTSwSZJU060bXsk7esWaCd08Q1Lb3Pj51g%2F6G0dsHQ%2BNQEBkqm%2FFoCGWockUxs45q8GcBtpGn5dMRzN9kYkDAs7GlRpeTGmwXAK%2BzenS2TBthCrFWRhTBrhqMiFzxCKB8LkqRXsp3rqkgBc7IkuavG86mdgC7e7R7ujFcLH4V3%2Ful%7Ctkp%3ABk9SR9jP8_jAZw,single,False,True
BMW F30 LCI adaptive LED,6x Yellow LED DRL Board for BMW 3 Series F30 F31 F34 LCI 2016-2019 63117419615,38.99,2026-04-14,Brand new,False,False,https://www.ebay.co.uk/itm/236738369139?_skw=BMW+F30+LCI+adaptive+LED&itmmeta=01KR3RWWYA1MM4B3VGN9CJGKC6&hash=item371eb4d673:g:jpwAAeSwLydp0oMD&itmprp=enc%3AAQALAAAA4GfYFPkwiKCW4ZNSs2u11xAjc8gXsAm8spo4YzbtnlVqchXBOdrUU4VplS0OuGKA5R09s37wd%2BslhYS1fZTBfLD1B1oqIJXEj0i%2F1A0Iv6G9Q%2BpqSWwhTViT4v7QV7v%2B2Ay3erDUlYx%2Fp83Ybf91zL6%2FGN9bokiDHmpeTegJifwlycbySqikU1SuS%2FobCWU%2BBf481Y0BIsm3iiYlaLsgpY%2FeFJ%2FSP%2Fe80cWdJLO9c%2Bc%2FwB16AfaNKigAQJmay63lr5nCYHQMRYqbo31nuj6YBVVkNwdtdNCeQmpNgXcjJxPg%7Ctkp%3ABk9SR9jP8_jAZw,unclear,False,False
BMW F30 LCI adaptive LED,GENUINE BMW 1 SERIES F20 F21 LCI AHL ADAPTIVE LED HEADLIGHT 7453525 7414145,516.69,2026-04-08,Pre-owned,False,False,https://www.ebay.co.uk/itm/157764228995?_skw=BMW+F30+LCI+adaptive+LED&itmmeta=01KR3RWWYA6NP26QNN9CX0445T&hash=item24bb7b1783:g:iYIAAeSwIQVpudJS&itmprp=enc%3AAQALAAAA4GfYFPkwiKCW4ZNSs2u11xDp4%2F5nT4VAARUGf%2Fh5frkMDvKrd%2Fs6ElTJmfSwR3Tvfd9wHW1JP9P1ruNFt%2FPX6xULdd4N1LL0weGqEhFEEjIFG3bpnEck05%2BPzpmNuMesC7EZpW7Yd0mqlJvOysU9PEdR%2BJcuonOKKmqDsG3JdtOE2zSMpd8OdOTmzrLkAG3ICpDawYlTlu9vu%2FVz32GrCaP1QhTFocWNEtDlRsVAp8B%2BqT%2FGdS1cuN%2F1NYd77dxJcKO5xJUDt3uUUEWGOwnRZ3dbIqDQCTqKkK51FZ8gXUdp%7Ctkp%3ABk9SR9jP8_jAZw,unclear,False,True
BMW F30 LCI adaptive LED,BMW F30 F31 LCI Headlight Headlamp Lamp Light Front Left N/S 7365597 (For: BMW),249.95,2026-04-28,Pre-owned,False,False,https://www.ebay.co.uk/itm/267648168025?fits=Car+Make%3ABMW&_skw=BMW+F30+LCI+adaptive+LED&epid=10006040495&itmmeta=01KR3RWWYAHRHE9JWT82D5BTPC&hash=item3e5112f059:g:BqIAAeSwZeRp6c8T&itmprp=enc%3AAQALAAAA4GfYFPkwiKCW4ZNSs2u11xBSV0ZbOaY6wjt%2B6Tlq3oaoEDyYc%2Ft0NNxtjY%2B%2Fmnfocmn6oiidVJpjDhVR3HveHHFQT3FhkCKoGGcTBtIvCEsdel2fTGtBIi0As9WB6itDqnX0%2FpZNVjhYx9THMKxYmdsmbYwJnDQBh3aJFglUCWhhqniuwdcN0WwDca7g%2FlF3M0d2P0JY402uBODCqUph07Sqm%2FudMOeYn1YcXXb1arNk632uwRcx06Fj6%2B2kTgJC6RcLP8UkyrSe08WP5e0VHuozJXfKStugiesWBHqcc3Hn%7Ctkp%3ABk9SR9jP8_jAZw,single,False,True
BMW F30 LCI adaptive LED,BMW F30 F31 LCI Headlamp Headlight LED Lamp Light Front Right O/S 7419632,499.95,2026-02-19,Pre-owned,False,False,https://www.ebay.co.uk/itm/267569767867?_skw=BMW+F30+LCI+adaptive+LED&itmmeta=01KR3RWWYAQYRY64ATSEJKP2GP&hash=item3e4c66a5bb:g:EHEAAeSwgXdpy07B&itmprp=enc%3AAQALAAABAGfYFPkwiKCW4ZNSs2u11xDpU7oajytGxU6vdlDbz41ErlY0MweQvWj2FmhaxueYbi4Ab%2Fhwm8nF3LHKxs2kREJu3rG%2Fs55KzUXyc7Onoba8ioX5N38NeWbkZYbRq5jxOJBmhdtcGJtCfbGDDjn0Umr1kPbTkef8VG4kb2HmO8o6dn3L9VHRnPT2k2G9enHHlJdnHnLy1qsW%2BOuPW1rLwDWdXHALBITo6ij1T2xPFENLRVjG%2FgdxzK990pJ5zZBJ%2BIN5cNsI53mJhwl92A2%2Fme9q69Xevjw80pLLSmSmLefCSNX2eFHhB2xBcKQ53hKhI51ZKdP5mP5o67NZxmLH9k0%3D%7Ctkp%3ABk9SR9jP8_jAZw,single,False,True
BMW F30 LCI adaptive LED,BMW 3 Series F30 F31 LCi 15 - 19 N/S Passenger Left LED Headlight Lamp 7419631,600.0,2026-02-19,Pre-owned,False,False,https://www.ebay.co.uk/itm/257242091450?_skw=BMW+F30+LCI+adaptive+LED&itmmeta=01KR3RWWYAVCB9E19M8S0B6Z8J&hash=item3be4d2cfba:g:9rYAAeSwsU5pMDNe&itmprp=enc%3AAQALAAABAGfYFPkwiKCW4ZNSs2u11xDI8Po4zBh2%2FDiA5H9JhR0GVzZqTvGrS7uGHnOTJcvdkRm1k58h78%2B%2BtpDEZ01K%2FVLTOQStr7ClxndYOnMjEj83kEPs9zbyoGisf5vxSQiQFB1Ff59GHgDEfE8Q5mQ%2FPXMhuhMxVKm9f%2Ft0%2BpffXCwKRMVc7l9nLLN1FnVzukVgXE2p0ZfAOCfDieC1FP9OnalbmesxB2rKBIDLCzrAY7%2F%2BAxmgApzUenBWZXb%2BcZCcl0HP6jC3Mrf7%2BGFKZJfWyE9G88vkIlQ6V8P0ZAastlwmMpxMZLHA69LyNCBF86Q4f5S3gUfWQSvStz%2FsXWj3Fq0%3D%7Ctkp%3ABk9SR9jP8_jAZw,single,False,True
BMW F30 LCI adaptive LED,For BMW F20 F22 F23 F30 F31 F32 F33 F34 F35 F36 LCI Left N/S LED Fog Light Lamp (For: BMW),14.99,2026-02-10,Brand new,False,False,https://www.ebay.co.uk/itm/397023412123?fits=Car+Make%3ABMW&_skw=BMW+F30+LCI+adaptive+LED&itmmeta=01KR3RWWYAXTBN56FDV316DSXS&hash=item5c70707f9b:g:trMAAOSwCSJm3rU~&itmprp=enc%3AAQALAAAA4GfYFPkwiKCW4ZNSs2u11xDFMWTZ4bnG9Jh9Pq0UOhkn5U7EiFENTa%2FtgpleoyIcDdCOBq1q21En8ih%2Foi7%2Bh4Qad0o4%2FZ%2BVayQi5%2BOSvTgqy%2F459Li0RtnlcVJ4yVlVcAxBHEuFPQ9zEBQnmd%2Bg2VN39K9EG3NqCW04IdpiJ8WTbDL%2BWF3rx%2BWAUI3HC%2BFdALas%2BTVbO2%2BF3uGPsWfys2l9DwIvhiaUtRwRNqwm--TQpLVemUbg17wJ8PimuX3TbYg1b2%2FKzwxCMltVQtBq%2B1Tb9v6BddEbRjhL5ps5Sm9C%7Ctkp%3ABk9SR9rP8_jAZw,single,False,False
BMW F30 LCI adaptive LED,4X YELLOW LIGHTS LED BOARD DRL FOR BMW F30 F31 PRE-LCI 3 SERIES CSL 2012 - 2015 (For: BMW),31.34,2026-04-28,Brand new,False,False,https://www.ebay.co.uk/itm/177913756496?fits=Car+Make%3ABMW&_skw=BMW+F30+LCI+adaptive+LED&itmmeta=01KR3RWWYBQ65PYXYHYJ21CNXM&hash=item296c7c7b50:g:~cEAAeSwfqVp4ZeV&itmprp=enc%3AAQALAAAA4GfYFPkwiKCW4ZNSs2u11xAQ9bBATxbfkqHrXmwtYhUGKNmH5%2BfwCVCsSn5rQOswDwL6xQuEeNfVrkhzRCJHG8Raf%2BuDwaUxzkQgi7wjtv8CmikDYtcJeESNMXvnN2ypGfNtbCLqtJEEeCo2xlhNJEwoPh98kbbyv9T%2FRi0Q1EgV3eMxcEXGZe2%2BAhKKY6Iq9PkLDqzGknAf4hBK7lZxkB5B%2FbzHx%2BxFIsV7K2w3iOiPC3gtXyExuvUIUEBwouMXQzyWHFCIytxLCHFZl8cotO0F8ndr84D1PotoWzLrThgr%7Ctkp%3ABk9SR9rP8_jAZw,unclear,False,False
BMW F30 LCI adaptive LED,BMW F30 F31 LCI 3 Series Yellow DRL 2016 - 2019,59.99,2026-05-01,Brand new,False,False,https://www.ebay.co.uk/itm/317201174429?_skw=BMW+F30+LCI+adaptive+LED&itmmeta=01KR3RWWYBMKW4C7X3MV14XKAG&hash=item49daa9cf9d:g:Mn0AAeSwIr1oqEXh&itmprp=enc%3AAQALAAABAGfYFPkwiKCW4ZNSs2u11xCROUoMrM4INf5f9Gd2xKrHFh33NGto5Xm0YGZaYuBQD073qjtQxgK9j4Bs9HgSL7QISUHVjpL5xoHWa0ryPojptJTzlN5nC%2BAGHCTHyhfCgpXSe7P57tftf5pfcPf3%2FBhqvmRqjEZ8ZGyZs4tHkHjPuuLHUt%2FJdAx1HEflID6TT8%2BUjo4vjO%2FRQdMXVOVll%2FnX6ivfNNrkTPZSnNoTxcS%2FbO4Al8xzTyPkUF2jSjeJyvix6Lf2b6e4hqA6DReKip%2BLpJS3d0cNMrKNzmCZwM%2FntTwBhWnEc368NeCTwL0JJdjz3eSKLDuW0MRhUNYLe4c%3D%7Ctkp%3ABk9SR9rP8_jAZw,unclear,False,False
BMW F30 LCI adaptive LED,GENUINE BMW 3 SERIES F30 F31 LCI 2015-2018 DRIVER SIDE LED HEADLIGHT P/N 7214798,345.0,2026-04-08,Pre-owned,False,False,https://www.ebay.co.uk/itm/298156961194?_skw=BMW+F30+LCI+adaptive+LED&epid=11043420037&itmmeta=01KR3RWWYBBC4QM1KP7HF0HBPS&hash=item456b8a2daa:g:u34AAeSwvqRpwsnF&itmprp=enc%3AAQALAAABAGfYFPkwiKCW4ZNSs2u11xDQv4knE4e2zhYyfmOEy7qojfAhN%2FvgYj1pLm9c7LRw3I64X7a7I4r0Mfm5TvMWjIjEJC0KU5kj14%2FLXv1n904ZBnLeUSEeVBxA3HwMaacDWH4DhNPIiCQ5cwDZdmMf6I8F8Kvm7ia3DV8DnGxOzUQ9wtWtMYRs00cyp4%2B0HJU74%2FlEW8Xkxdi3o7Gyu%2FlgbWE45kwJhw7AeF95Buo%2BmcbULk33Ux1v4Qg4NSSjFvm03ul0xTRez2NbCE1PFHUzvDX5VFhNS05mFqdsmSOXZYUadXrfFffrCnJnDisMoE4f6rbu%2F5xHgc%2F8QPXn51JO4x0%3D%7Ctkp%3ABk9SR9rP8_jAZw,single,False,True
BMW F30 LCI adaptive LED,BMW 3 Series F30 F31 F35 LCI 2015-2019 LED Headlight Control Module 3Pcs 12V,27.99,2026-04-11,Brand new,False,False,https://www.ebay.co.uk/itm/236695499212?_skw=BMW+F30+LCI+adaptive+LED&itmmeta=01KR3RWWYBFKEEP0QMXEJYXV3S&hash=item371c26b1cc:g:h7IAAeSwMcVpueZ0&itmprp=enc%3AAQALAAABAGfYFPkwiKCW4ZNSs2u11xAq4KLlZD75Sl3kbedXUThZwUztTdWxu4S4fO%2BVkbxi0ivACQDfrbHVZX4vYIPGEgT0HzQzImDdrrMv32S%2FDs1CBBXF3NfYdGyRewjtxo5Xfx79wL%2FdPDlsNNJCoGQWpQ%2BXrJPJkGP5Ec%2F%2B9sJbqj%2BYzoF1a1BBV5V9L%2FBJpIULdtkwotvPq11Vdpx6ouUf%2B6ttNHdInrBiU8DZtEwTlWHqwYjpIlZoCajgFhsYOv2L34lCZ%2F2HBBgRy%2FqydioQ0f0%2BxZXd1YMBG8Y9B%2F5N82bWSSL9u%2FFWSrNz77ssEtLYPh3mpk1JoYfhHsyqSeUIlmg%3D%7Ctkp%3ABk9SR9rP8_jAZw,unclear,False,True
BMW F30 LCI adaptive LED,LED Right Driver Side Fog Light Lamp For BMW F20 F22 F30 F32 F36 LCI 63177315560 (For: BMW),21.64,2026-04-28,Brand new,False,False,https://www.ebay.co.uk/itm/284255987288?fits=Car+Make%3ABMW&_skw=BMW+F30+LCI+adaptive+LED&itmmeta=01KR3RWWYB30J4E65ZEP5MJ2WY&hash=item422efa2658:g:c9wAAOSwaldgdWvz&itmprp=enc%3AAQALAAAA4GfYFPkwiKCW4ZNSs2u11xB64sQUC8mabG6zBkQTtXJg62xyUnc2To7vopUywUKccu8FNhpCC4ZJOTMMrPMCJayae7b9QOZWfssZJIlSQLhmnLq2Pe7hg74MEClHcwa%2Fz7pFDXfzD912yKWs5CwtJribJKdhe6rktDkPOFaoEUJ10JjfBqAJQnfR7dTOsvT%2F1K3ADGkD8Wr3USoWIp%2FqbY5HQT90FDIpXyXbAuqG5wd%2FWXTqDLlwF8PFOXYlSQBhK1zTWklbmTeGte%2FZ26CiIZNXbrwdbdceaU47TpSFrckt%7Ctkp%3ABk9SR9rP8_jAZw,single,False,False
BMW F30 LCI adaptive LED,LCI LED Headlight DRL Module Set 63117419610 7419610 For BMW 3 Series F30 F31 UK (For: BMW),18.99,2026-04-06,Brand new,False,False,https://www.ebay.co.uk/itm/157439381181?fits=Car+Make%3ABMW&_skw=BMW+F30+LCI+adaptive+LED&itmmeta=01KR3RWWYBECQESE4TE2R64Y57&hash=item24a81e4ebd:g:OMIAAeSwHZZpCadJ&itmprp=enc%3AAQALAAAA4GfYFPkwiKCW4ZNSs2u11xCmGvbU16aPsryuHgzF3Mm9bAX2cSZUYJMhHPS%2FmG7SOdNdFBY7LE%2FjwDaHdTpx%2FAlhYTYWARR6lLjMmpDapXeyGorZaau8%2BWJ1E0UdxX9Vohwyqqh%2FGA6i%2FGelpHn%2BBaC9iqgJM1wgGWxy%2BLTG8uar6N6O91Luvxv7fkv60UdF0TBAgKuoXwvlRKifLxhPGpa0mQ8unfkuJ7ciZ8%2BZtI4u4BMWY42Dz64KJpQ0tYC2vQYa6pJDC8CMRWvmRBE3%2FvfO%2Bs5lhKgjbcM6c3dM4uI0%7Ctkp%3ABk9SR9rP8_jAZw,pair,False,True
BMW F30 LCI adaptive LED,BMW 3 SERIES F30 LED COMPLETE PASSENGER SIDE HEADLIGHT 2015 - 2019,499.0,2026-05-07,Pre-owned,False,False,https://www.ebay.co.uk/itm/397456558043?_skw=BMW+F30+LCI+adaptive+LED&itmmeta=01KR3RWWYB6VEWV62Z40VETTCC&hash=item5c8a41c7db:g:SWAAAeSwOA1pWCrR&itmprp=enc%3AAQALAAAA8GfYFPkwiKCW4ZNSs2u11xDZ26xQXcwEt4446Wbsu1%2B0IjFJ8slRxunpjduDUQzQZxToa0gO%2BJp4tHShI9wiii1QBH%2F3hOB6OG%2FzrCwp%2BujbvWb%2BHqv8Rv8cJIj8FS4T6crwTFjipak7rTYx5JewsLl8O7zTZHpauUz7FFWCTbSlCS3OYMgJwlRzNaWBbEXIlR2fZ%2BQI36XDnVB9rglqkA7sCfeoeeHvL%2BV14QafzSgxtMIW7UFGHuFgt1Wwb2iTsIr%2BWCqHQIN31UU8bFGRJpzc3aOanK7cnuqWBKjgfURTebVrQbul2om2DFaHG28WuA%3D%3D%7Ctkp%3ABk9SR9rP8_jAZw,pair,False,True
BMW F30 LCI adaptive LED,BMW 3 SERIES Headlight O/S Drivers Right F30 F31 Pre LCI 63117259540 (For: BMW),129.95,2026-04-24,Pre-owned,False,False,https://www.ebay.co.uk/itm/206195234556?fits=Car+Make%3ABMW&_skw=BMW+F30+LCI+adaptive+LED&itmmeta=01KR3RWWYB0EHCPCPQ9652TMEE&hash=item30023196fc:g:PO8AAeSwJ-5p1N6s&itmprp=enc%3AAQALAAABAGfYFPkwiKCW4ZNSs2u11xARn%2BYLp26DHPozuWNsXR3KMab0846NBydAouxyRp865n4pzLWIvuVHd5t5GJDD5qaAThZ2JqgEI8AHqiceHv%2FZ%2FAFtT7aQp5O%2FXJBbKyZqFMrvTzxiHaL5N8QpOVSXony8D0siBmuKGGrulnJ9rgm%2BYqIAX0VW0LiKNhhmwjzpj96aOn8nJMnLC2zCDm8knp8A35Ix6Qu0dcYhVhaNzDkYQQ6uQI9jqQ5ZRfkRCTnGl0cYJyvIrU4gq5nJnFuqOddzyQ7MB9JbMQYx8rnIRKVul1Bb3pQFogDa%2Bw1FXZsS8T9ZxFPkjTKqI9YrwRlymy8%3D%7Ctkp%3ABk9SR9rP8_jAZw,single,False,True
BMW F30 LCI adaptive LED,BMW 3 SERIES F30 F31 LCI LED FOG LIGHT DRIVER RIGHT 7315560-08,44.95,2026-03-01,Pre-owned,False,False,https://www.ebay.co.uk/itm/267163227849?_skw=BMW+F30+LCI+adaptive+LED&epid=28067203008&itmmeta=01KR3RWWYB5R0JDGN2VVCVC624&hash=item3e342b56c9:g:ZN0AAOSwwABntKnp&itmprp=enc%3AAQALAAABAGfYFPkwiKCW4ZNSs2u11xAlAXHF3h8iOF71RHTop4oNs7VjdYCU9oeb%2FyzXFHsftMkcmlrjDubH%2FWtwW0%2FjfzFGiTx0UCHXvAtw6XI6ClAEfg%2B3n0msYWkc2u%2BWa3BLaZbYCy2XZME3%2FRRV%2FQScY0LMMm2vXUdCCOis4KTp2HOF8WHq7ATK8BPcP62tQZyjBWbABGhFaWCvTy6M9vPjcHXMg60NFdxRx%2FNO9iGw5Sqe3jv3jUlIrTxWqnx5t1eEnKHmVSK9CSoWJ0v0Iy0s5wiBjW4r6kXJzrCH9ls9HrkCFlsKtCxPKoSyyFay1IeWSCJ8oodHIvFtBbna0pg4S5g%3D%7Ctkp%3ABk9SR9rP8_jAZw,single,False,False
BMW F30 LCI adaptive LED,2x Canbus 435 H21W BAY9s LED Indicator Reverse Light Bulbs For BMW F30 LCI 2015+ (For: BMW),10.99,2026-05-07,Brand new,False,False,https://www.ebay.co.uk/itm/234944579040?fits=Car+Make%3ABMW&_skw=BMW+F30+LCI+adaptive+LED&itmmeta=01KR3RWWYB39R90VEYDEVKNXGN&hash=item36b3c9c5e0:g:yuoAAOSwVSRkHXT4&itmprp=enc%3AAQALAAAA4GfYFPkwiKCW4ZNSs2u11xBpKKU4Xf7YJPPK6iN7owOGuiRu9qdLYThW0rn9glhDBydnOIuaH8z6%2BP%2FVgXBtxVH%2B7guZNkGp0zsTSafM8WQjiadLxI92HOLVwQVqtbNGWZwOkahmwAZXHxLkeTDppCkltOokWl7j%2BqZ7XaQrU5zq7OJQokgTD6bspj%2FE9f1pKtQoWcpuxeFMtp0BZ3Fm%2F1Xhc7lvSLf%2Fjk6l0UZguRRye%2Fx8RQH6jPV%2FQS1PGqVxMR4vBfm6n0ytizys01l7xNaispPtx3XgDGfZBwKcEIeG%7Ctkp%3ABk9SR9rP8_jAZw,pair,False,False
BMW F30 LCI adaptive LED,GENUINE BMW 3 SERIES F30 F31 LCI RIGHT DRIVER LED HEADLIGHT 7453484 2016-19,333.1,2026-03-21,Pre-owned,False,False,https://www.ebay.co.uk/itm/267607851242?_skw=BMW+F30+LCI+adaptive+LED&epid=910723417&itmmeta=01KR3RWWYC743E3YS4VNG15MCB&hash=item3e4eabc0ea:g:tm0AAeSw6lxptscU&itmprp=enc%3AAQALAAAA4GfYFPkwiKCW4ZNSs2u11xDnsz9O6ypFPXoTn5QkArZlWui%2BapUO%2BMMYmyit73ETvaTh9tPK9LfB%2BYFyVqUBlu9GX9psLQC9pVvKXpMGUjC3OwMvk8MgQbrMXeiU1QwvT9PPW1HrfqrMx0lW6HKKcKlXUjhlre6X%2F4R%2BxN3wkLCzJ2bFbP4wgtUe3qxERqVwq0iJ4begB%2BJmM1kVJJkX5htysKSuoV7YOSaAJxXsUrw0SZeGkLDzUHk%2BD4Tg6WdfAaainpiAJaN1eXVrZ8MlDtT%2FfxmPGtSpGlL60HOtrWkx%7Ctkp%3ABk9SR9rP8_jAZw,single,False,True
BMW F30 LCI adaptive LED,BMW 3 SERIES F30 F31 F80 LCI LED HEADLIGHT RIGHT/DRIVER/OFF SIDE GENUINE 7498948,475.0,2026-05-01,New (other),False,False,https://www.ebay.co.uk/itm/306911626440?_skw=BMW+F30+LCI+adaptive+LED&itmmeta=01KR3RWWYCCRA0P7XNA3NFW1S6&hash=item47755bc4c8:g:FyUAAeSwmH9p8ec4&itmprp=enc%3AAQALAAAA4GfYFPkwiKCW4ZNSs2u11xCcJOcUTnVJdarW3WmI72zmbvk8CZxSf1ZlUSZfmW9Yyc1TuISQArSnPIsaVHsjs%2FpoyuNj%2B0rVc9ZKT3pyeJajrJvy8AKkDkFwJTnGnzeyXw2iEfVXzuOKjC8FCIcOdSbcg9YikiIMGRYzg%2FJEMPCnH4Gion4lnT1O2yfNmfzF9Vj%2FFQKqNJUkNHsIwuk96fsPbT9VqBJ8NaAeHE03l%2BYTXjaurHW3mvMx0y291mMFQ2rtdNmNKIH%2FsA9%2BwZqtD6wkDfPl4UK8BgGUkhIZo9rs%7Ctkp%3ABk9SR9rP8_jAZw,single,False,True
BMW F30 LCI adaptive LED,BMW 3 Series F30 F31 LCI LED Headlight Light Lamp 2015-18 N/S Passenger 7492611,300.0,2026-02-20,Pre-owned,False,False,https://www.ebay.co.uk/itm/168155579009?_skw=BMW+F30+LCI+adaptive+LED&itmmeta=01KR3RWWYC93DHKVFZH7G248ZM&hash=item2726da8281:g:zikAAeSwvmdpjlZg&itmprp=enc%3AAQALAAAA4GfYFPkwiKCW4ZNSs2u11xCChzNYxpo7Sjp%2BayYBeeGdbep%2F4GsHQaEbjkeZhrsc8TQ69mTPuCosWU7B8aW6jTKV3tJ1RrnBxebe2MD5yWQLZU3huffUzuEW5QKW0IFh2wRMT9qLvsSSB4D2uc9B14yTf8EGAEgn692K8sK%2BAVcjCavJNjBTnWjLx%2FvHDGvtY5SWK4R11pw2IIzQP9wmlXA2djbm7dIfc%2FuTIzgLxASZ6lYYntxBuiWVwghu%2B4jOAeROaefp7JEQjaiQIVZ5FKZz1YI6nRyzVjuI3nsywX0r%7Ctkp%3ABk9SR9rP8_jAZw,single,False,True
BMW F30 LCI adaptive LED,CSL Yellow DRL LED Board Module Unit fit for BMW F30 F31 LCI 3 Series 2016-2019 (For: BMW),36.99,2026-05-06,Brand new,False,False,https://www.ebay.co.uk/itm/397900836899?fits=Car+Make%3ABMW&_skw=BMW+F30+LCI+adaptive+LED&itmmeta=01KR3RWWYC4DVQS40S8C4SQJ6P&hash=item5ca4bcf023:g:-t4AAeSwLqJp9Qfh&itmprp=enc%3AAQALAAABAGfYFPkwiKCW4ZNSs2u11xCWZIi90yrYP3fliOHoy8iwdGG3F9cxAMgQTJVg5Zf9PQ0S3Ho5gvb18Ip9inmip%2FKHzgOtLB01pm%2F9mI9kkNZy3dvmF6pteIjE1vxZoaiSnxuQZNa%2BWc%2B1%2FC1wAs5h9ktnBE88hPCqyuvqdMtcnU7%2FO9xgnpYqkSpJ72zKvrTM9itqlHM%2BFjDrplFTWRXzrqlhD9lwl5kDpy2hfYb1of7v6hram2vKaw47bLC1jfhd4BTPO%2FmirHKVxw%2FckorAr7%2BtvKlrzEDIiKkDU20QA%2FmiJsCq1i9JbrISst7zN5kEhmqxKbcBgwKgTa%2Fd%2B%2Bymj88%3D%7Ctkp%3ABk9SR9rP8_jAZw,unclear,False,False
BMW F30 LCI adaptive LED,BMW 3 Series F30 F31 LCI Halogen Headlight Passenger Left Side 7365597,199.99,2026-04-03,Pre-owned,False,False,https://www.ebay.co.uk/itm/157745148152?_skw=BMW+F30+LCI+adaptive+LED&epid=10006040495&itmmeta=01KR3RWWYCB0VCV30BQ2T8Z4YF&hash=item24ba57f0f8:g:vQIAAeSwtwtpspyV&itmprp=enc%3AAQALAAAA4GfYFPkwiKCW4ZNSs2u11xD09jl%2Bobip%2FJnVMkG5ok2%2BszzLIIcH6qgANownqN78Vjm970sfXCRVORDUADOiqFy32a%2FpO1kAEFUZWnUUOZe%2F7kwHE%2FG%2FNV4hXDLhKRzRIFD%2FkNCQl9S6Z3ebqpb%2FjzcwE1jrltyxEWk7vWxWoxDm%2FyMnxoBcp9lLDqmfTROvDh6bJYwEYxLhzukUVB2NGL6IZphXcWzMCjX9zV7IL8M7QIOIMxFvgZR36SXvWRplnKaM8ujPZIaj06QXbfyfod7WV1HuwjCNOjXuA7Z59Pe4%7Ctkp%3ABk9SR9zP8_jAZw,single,False,True
BMW F30 LCI adaptive LED,Right Side LED Fog Light Lamp For BMW F20 F22 F30 F31 F32 F33 LCI 1 2 3 4 Series (For: BMW),18.98,2026-04-27,Brand new,False,False,https://www.ebay.co.uk/itm/163713830479?fits=Car+Make%3ABMW&_skw=BMW+F30+LCI+adaptive+LED&itmmeta=01KR3RWWYCHN59MB3WFCBZ4W5P&hash=item261e1ace4f:g:UpMAAOSwcX5c8PDb&itmprp=enc%3AAQALAAAA4GfYFPkwiKCW4ZNSs2u11xD5rOYEAJDY1mOZc%2F52g9hupBNb%2FBx2nQ5PAJDaDh77MIx9ImfeEm4zva1m%2FqDetAcMiFljEj%2FS%2FFcZfoe5LKjNLOiL9dl7sxvouLspmceIBliO5JA6n%2FyuR1GylKbJnAbUe3o78SnGe8g9y3y6nh5ZCxMjV3YjoTB15iZQtNI4x3zTeKBemuIS36y4n7B7occop%2FwLqgHjvC%2Fcuaz6PVGc6kmcWPkZY5DNZ1i0LP5kMTDmcUmIONziwtZMjkY6SqT3bAd6wbL0Q5biKpW%2Fy8MN%7Ctkp%3ABk9SR9zP8_jAZw,single,False,False
BMW F30 LCI adaptive LED,BMW 3 SERIES F30 SALOON PRE LCI REAR OUTER LED LIGHT DRIVER RIGHT 7372784,33.3,2026-03-16,Pre-owned,False,False,https://www.ebay.co.uk/itm/157597872527?_skw=BMW+F30+LCI+adaptive+LED&epid=1686384150&itmmeta=01KR3RWWYCS47XMP5NJZHZNCY2&hash=item24b190b18f:g:ZWkAAeSw5iJpXl0q&itmprp=enc%3AAQALAAAA8GfYFPkwiKCW4ZNSs2u11xCfiKAT5dRVicbDjF4JNQltlwzg1njJkHLL%2FM%2F7KQ65ZjCkrhKYdFmkLg2VD%2FQO46F2N3m7qxEMb6LouRPejrqzKOGgKGnRBBmvGBsR020rHjtnB%2BlLjFThW1HnheYZBMlf8qivnCTSXDR2Su%2BBK36QqBZK857ND5gHkDbnSM%2F%2B68294gVPfXaoItyZqyV0GVFVhq0IveP%2Bqysn3jtV5TT4rEl9DQFMB5qH9kDzdvTLuD%2BT1hafNFyRnnUE3HXgQ6CIV8I7YUCZdTWi8VJayZnHZzXZooY7wrAC%2FAfSyOfnsg%3D%3D%7Ctkp%3ABk9SR9zP8_jAZw,single,False,False
BMW F30 LCI adaptive LED,For BMW 3 Series F30 F31 LCI LED Headlight DRL Modules Set 63117419610 7419610 (For: BMW),19.99,2026-04-08,Brand new,False,False,https://www.ebay.co.uk/itm/177709494017?fits=Car+Make%3ABMW&_skw=BMW+F30+LCI+adaptive+LED&itmmeta=01KR3RWWYCCH9DYCHMCCDSSCAQ&hash=item29604faf01:g:KOoAAeSwyPRpTVzK&itmprp=enc%3AAQALAAABAGfYFPkwiKCW4ZNSs2u11xC3CK4vEZdt6Sos4Nb9iIwB8%2FZymqoQ13e8SRo6uPNCIB%2B3ruMqVuN33QVNVfCzKQLI8NM1kC7mv9DdE6OgACxex8yz1VliNg55aMseR1K6nDMAgQt3wHeAPap3Oomk0eISXX7MEIAoXcXvBv8qs6nnS5kLJX2wicTfPj618OPQr2VpJj%2FPCdk1CvTCNhNGOGZF9cgy%2Fnk2%2BzldDfo7wqMVs0aTd44Jk4RXw02e9ZmuIkm2DiXtlazBfMy2PHej5lsuSNUkOjMiChkkMSaQgECchNaHV5n2jC%2Fw0L2iwbvID7bKveOvTGjT8b1UFU9sneQ%3D%7Ctkp%3ABk9SR9zP8_jAZw,pair,False,True
BMW F30 LCI adaptive LED,BMW 3 SERIES F30 F31 PRE LCI XENON HEADLIGHT RIGHT DRIVER SIDE 7259544,260.7,2026-02-27,Pre-owned,False,False,https://www.ebay.co.uk/itm/227190279304?_skw=BMW+F30+LCI+adaptive+LED&itmmeta=01KR3RWWYCANPXPAR6JG4FE77X&hash=item34e5988c88:g:CEUAAeSweW9pd9s4&itmprp=enc%3AAQALAAAA0GfYFPkwiKCW4ZNSs2u11xARq5oLXOYdQ8ASeQn5B2Rxzy1heyZfLesMX2iPBT%2FbIHuFUY9LNeGqXmsXH7lpO3Hp7RvM0f3QuwK03QR99OxGFvYrcYbhjo5O%2Fc8NIxZLbvJa8spmpw3fzTinF8asGEar7RA%2F9ZtyynBsItif8zwned%2BGCePYvLtfnVEsatahKUHUKNcg8LZP012ngYTzPdvmhv2b2M4oYF3y%2FVhvxiA5LbqL3Thy45z%2Bp4BRaqDVqZDdJbn1zDEfOzn7A8g4x1Y%3D%7Ctkp%3ABk9SR9zP8_jAZw,single,False,True
BMW F30 LCI adaptive LED,BMW 2 4 SERIES F32 F82 F87 M2 M3 M4 LCI FULL LED ICON ADAPTIVE HEADLIGHT MODULE,119.8,2026-03-31,Pre-owned,False,False,https://www.ebay.co.uk/itm/406760267138?_skw=BMW+F30+LCI+adaptive+LED&itmmeta=01KR3RWWYC2660WNBSBVX6BX81&hash=item5eb4cd1d82:g:jsYAAeSwJPJpsu-O&itmprp=enc%3AAQALAAAA4GfYFPkwiKCW4ZNSs2u11xA5wSQI8OtzwM0mic3sluyyQf%2Bq0P%2FWvIxkznjjg7HAWuK0%2FKXQUf326BW1DkvGuxg9UfYaXyXuI9WishCJBthB29jYxhwva%2F0XziZfzVJS4njXxi9%2FNQNUuUTDhaq0fnKkk6L9m1MWsE34HX6Ag0Tg%2By1RaJk1PCydNBctRoOnMj2QAFwwEYVaUrw%2BCwHnBFirtre0pN2TzltrE%2BPLFKtEj0lCEXkiEIKU27soI2QKNHs7eo8DITQCkUzz6Vps2YgJYtIqL2mE5dBg8atYLHgO%7Ctkp%3ABk9SR9zP8_jAZw,unclear,False,True
BMW F30 LCI adaptive LED,BMW 3 SERIES DRIVERS SIDE RIGHT HALOGEN HEADLIGHT F30 LCI 2012 2015 GENUINE,69.0,2026-04-25,Pre-owned,False,False,https://www.ebay.co.uk/itm/188309355979?_skw=BMW+F30+LCI+adaptive+LED&epid=2093198872&itmmeta=01KR3RWWYCXN48VHMGAR3Q5521&hash=item2bd81cbdcb:g:ZssAAeSwE8Zp6TSF&itmprp=enc%3AAQALAAAA0GfYFPkwiKCW4ZNSs2u11xC2hbBkefBnhAE%2BlDFKA7Zx3X6U5eG0rOMzGMIgBj%2Fb%2BvVi85HPLSSWWhXXx%2FRt0EslMl0RBNLONzXuRyvvoy0mW7LDYUf1IEy366EBHX2zir174sE26LwGr8nfEkY0ZZ61pgFUFgGSB1KOy5lUr3M6xagaMKsS2cpbyo0xkIiiYkHUfhAuADLUVgP9i8%2Bqo4Ht1cMtJyP5KG6NTV9C0z9G6OfY9%2BaHlCyVNb2WRflJ%2Bi%2BVMkU9VDhGyIetaInSKFw%3D%7Ctkp%3ABk9SR9zP8_jAZw,single,False,True
BMW F30 LCI adaptive LED,BMW 4 SERIES F32 F33 F36 LCI LED HEADLIGHT LEFT PASSENGER SIDE 7498915,320.0,2026-04-27,Pre-owned,False,False,https://www.ebay.co.uk/itm/156808706747?_skw=BMW+F30+LCI+adaptive+LED&epid=25023050667&itmmeta=01KR3RWWYCF2Z5NS7W9WAN9Q9W&hash=item248286fabb:g:08YAAOSwOGBn0~hG&itmprp=enc%3AAQALAAAA4GfYFPkwiKCW4ZNSs2u11xAYZMWZ62i9IJLSohHwbqNNknTOniYWd5tu5376HIo9XPoV6s%2F9o6LEYIZfj0H1TH76dZ6ArXB1THJngvdDjHkEeXHrkEQS4PIaHJlrNQueS2liPR1W3ldvRhYRWIc8k0R%2F2OazG0s7M%2BOIthSlvJIExBmndOZGzCyex5n%2BrO57zi2gQTFjjccYAuZHXJm0g49FRP7Znz9uSTiXPSF2434GnRxogPjI5kAFMaiAti0ALil1Yv6RzJOQtmzqISPxhtW5948jVPuSRgpQjpedVsyN%7Ctkp%3ABk9SR9zP8_jAZw,single,False,True
BMW F30 LCI adaptive LED,FOR BMW 3 Series F30 F31 LCI LED Passenger Headlight Lens 2016-2019 LEFT (For: BMW),41.97,2026-05-05,Brand new,False,False,https://www.ebay.co.uk/itm/306868343554?fits=Car+Make%3ABMW&_skw=BMW+F30+LCI+adaptive+LED&itmmeta=01KR3RWWYD6FC9NAWGF4HZRQTZ&hash=item4772c75302:g:1uoAAeSwkJNp1ijO&itmprp=enc%3AAQALAAAA4GfYFPkwiKCW4ZNSs2u11xDswDeIFkt7NZ9runqkeWq1Ym8%2B70HghN9MCpXwfI%2FcCCE3kmv22XVBSQUlKFqFjaFhRTuAsTPCaE77SCh59l8Jp6%2FE1EnXeB084tLS4XpL3FSPXIdo%2B%2Bm5vpqXDb1PT9uC0fYaVzV6YDhQ8I6iy%2B8Rwnkud2GtkokJzC067WUbOOhItNe7pWnJqA9x%2Bhact0vDktWV7mG6673jQnkvQntaSXFhdgkOlp0SXSGS37exdiZq4yKEbdklZ%2B1HVm8rwzjWvMwRehh8j%2BKlDdmBB2Qz%7Ctkp%3ABk9SR9zP8_jAZw,single,False,True
BMW F30 LCI adaptive LED,BMW 3 Series F30 Start-up Show Mode LED DRL Indicator Upgrade Headlamps 12-15 UK (For: BMW),649.0,2026-03-01,Brand new,False,False,https://www.ebay.co.uk/itm/296337738353?fits=Car+Make%3ABMW&_skw=BMW+F30+LCI+adaptive+LED&itmmeta=01KR3RWWYDR9MK7RHSSH1XAJ7S&hash=item44ff1b0a71:g:p3wAAOSwJeBmKaUw&itmprp=enc%3AAQALAAAA4GfYFPkwiKCW4ZNSs2u11xDAJ1iylATwG61yzmVD1EXjZHkgC00IEmAonS2LhOwc8lUVTR3uGcP5A2%2FnbnsZL39Pixw70IULkQQukFj%2BbAyh%2BmIWmLeHAV%2BrlhDXgLvsuJjElkql%2FWzuIgopQqfDTiaguOgcRuOUZ%2B2nfSsGEsR7xYVhE1j6ySwX2PmttEVjeYknM4qvV6vqbOLUwY6ZF3YvVKp2PSNlPdYjLpTw7fAkDD0tx8gKo4p5i7Ct3NINK7%2BMB5AWjRiydGpFltmenAgNGwOv2NW1%2BXVDb7ZNYHCJ%7Ctkp%3ABk9SR9zP8_jAZw,unclear,False,True
BMW F30 LCI adaptive LED,2PCS Angel Eye DRL LED Module For BMW F32 F33 F36 LCI 4 Series 2018-20 White GB,37.6,2026-05-07,Brand new,False,False,https://www.ebay.co.uk/itm/358312822569?_skw=BMW+F30+LCI+adaptive+LED&itmmeta=01KR3RWWYD9N8JCY6PQFWR5M4W&hash=item536d1bc729:g:3GoAAeSwZ35psSzp&itmprp=enc%3AAQALAAAA8GfYFPkwiKCW4ZNSs2u11xAZLogiQRgMyWxmSpiVMf37RCcohFAKkTuU9m2qozpTG8IskhTcx8KBgGVqAqfwQXHVg1mfssa%2BHi2E2eASx5DGAiq4AlyrNa34cOI33wEWgxq8pt4cOpsuO0oTUysqu93jfGmif7%2BWa6HnCowJJDBQRtT3gj5HZm4RTm1eVeALrOHQVEWGCPpUV6yFNvh4%2BS%2FaEEBxJBZkRsCqm3B5FTWzmXF3jBotvsyX2ejlmEmdxkbF3KUkf2WCFbkU08O5HhT4luGbH%2BqbppNM10NIteROAL9siCDwh6Y%2F48QkFHGIJg%3D%3D%7Ctkp%3ABk9SR9zP8_jAZw,unclear,False,False
BMW F30 LCI adaptive LED,BMW 3 SERIES F30 F31 PRE LCI DRIVER RIGHT HALOGEN HEADLIGHT 12-15,69.99,2026-05-07,Pre-owned,False,False,https://www.ebay.co.uk/itm/157866251973?_skw=BMW+F30+LCI+adaptive+LED&epid=2093198872&itmmeta=01KR3RWWYD1GRRR79MC4FJ0TXR&hash=item24c18fd6c5:g:xV0AAeSwVqBp8Djp&itmprp=enc%3AAQALAAAA4GfYFPkwiKCW4ZNSs2u11xCeq5BYOQKrhCpVIyVjWY8LTKoKHemuSFPke0bf07JFWMfE9gjImLNAuMsr0%2FIHCsNP2B2KH%2BT3ackoEIyNgK3o%2BLUcwVnShKY5W1TpOT5SbNyfS%2FFYbM%2F9o8%2FGDEIf%2FJHQPhALFXF5IkRA4ejvXOmXMhcEdDFwX9tge0BhLDkS05V%2FqpqC5XCH1ckEw83318mxYRvPdAq92Y3nVD8WnRAbOBU4ktnnKzhbBBlZePkJ7qP2aBq9pVXaPrWcdKAB0hQ5mIA5BZ0BF2ez1ECqK%2F0t%7Ctkp%3ABk9SR9zP8_jAZw,single,False,True
BMW F30 LCI adaptive LED,BMW 3 SERIES F30 F31 PRE LCI BI XENON DRIVER RIGHT S HEADLIGHT 7259548,249.0,2026-02-13,Pre-owned,False,False,https://www.ebay.co.uk/itm/157663422404?_skw=BMW+F30+LCI+adaptive+LED&itmmeta=01KR3RWWYDT0TNM1QBN50GQQAT&hash=item24b578e7c4:g:x0YAAeSw~hhphC90&itmprp=enc%3AAQALAAAA4GfYFPkwiKCW4ZNSs2u11xCCRKq0SaY8t1545o9HSnMjj%2FfXbOpaEB84N%2F0Ya3gUgEqANrGVg8WHynj2ShouYk%2FQuCYS4UZxVI7hQgA8kHV8KlTN9F%2FuBBWg%2B158kfRcC49rC4G2alYKFEvCfovDHJ%2FGkXWec7tjX9%2BfT2ScfPLStbJ%2Fj%2FSIj06wpfbGSN2bRPP5lfXIqPEiA2Fw2iUDW3ume73KhISQcFFb24wxX1gHM12vXp8fxowVJfyosea8qVXf9jNphDiswOKVSSDVN3hZBgCqc2RsIhPqK8b99Ug9%7Ctkp%3ABk9SR9zP8_jAZw,single,False,True
BMW F30 LCI adaptive LED,BMW 3 SERIES XENON HEADLIGHT COMPLETE PRE LCI PASSENGER SIDE 7259543 F30 F31 (For: BMW),429.99,2026-03-08,Pre-owned,False,False,https://www.ebay.co.uk/itm/327028552367?fits=Car+Make%3ABMW&_skw=BMW+F30+LCI+adaptive+LED&epid=9014855692&itmmeta=01KR3RWWYDW8HY0AXS7YZR5BAY&hash=item4c246bb2af:g:--sAAeSwR51ppw7E&itmprp=enc%3AAQALAAAA4GfYFPkwiKCW4ZNSs2u11xC2HNOxcotGqsZkQOuI%2FOyoF18SIrBZPYIXgjvKSHJ3xhi7KYeUn5pDdFfCWGVtW55uLMzQfFALkX77n972X0l31DmUJInp1rEPMjeiR7wfVcWfU%2FyfL27F33ulrBpdrSsdbtOB3vl7GnaIadqgRkp5M4oqEWBz5qgo2Bxm6NWUDwMBH%2Fm7umsr1XUe8qIZ6zmudbAWDOXM6OWzlsfAV0hoLh9DDzS55%2B4m6joiUjDTdEn8r30gfUtyIqmS%2FswYvOuVP8bwvhr0GYZl6q3EvVDq%7Ctkp%3ABk9SR9zP8_jAZw,pair,False,True
BMW F30 LCI adaptive LED,For BMW F22 F23 LCI F87 M2 LCI 2016-2021 LED Yellow Halo Angel Eye DRL Module (For: BMW),49.99,2026-05-06,Brand new,False,False,https://www.ebay.co.uk/itm/377102727478?fits=Car+Make%3ABMW&_skw=BMW+F30+LCI+adaptive+LED&itmmeta=01KR3RWWYDFRM2T0YB97ZBH29Q&hash=item57cd12f936:g:0Z8AAeSw9Nlp2QDL&itmprp=enc%3AAQALAAAA4GfYFPkwiKCW4ZNSs2u11xAY5jomnYZm8mpSJSZ3DJF9e1e2hHpVZc3GvdJLxquR9tq1n1OPZM0xmjkfCnQCccbsQp6bxmf9YP1kS2ARRxWlcQmB9gsME1S7KE6fqPDmjzWoR3otlFYga3DkD04C8cZ84ENsnBbr0qzy1jS0w5IEcBe7XASDIbNexy9GA5w3NwfyaTj5bGnqo7H3FeOgQ0RyV6CA%2BK7ZMSva2r%2Fze8AYvG2TnLINNWEGpDNdJ%2FRulsGsQTQ3Vy6RMCJFB5orqwPWOg2J23IlBEMd4G1hi242%7Ctkp%3ABk9SR9zP8_jAZw,unclear,False,False
BMW F30 LCI adaptive LED,Fog Light BMW F20 F30 F31 LCI Fog Lamp Front Bumper Left N/S LED 7315559 (For: BMW),49.95,2026-03-11,Pre-owned,False,False,https://www.ebay.co.uk/itm/315581610533?fits=Car+Make%3ABMW&_skw=BMW+F30+LCI+adaptive+LED&itmmeta=01KR3RWWYD936WZ9N9G6VBWRRP&hash=item497a213a25:g:tvwAAOSwVKxmn4QM&itmprp=enc%3AAQALAAAA4GfYFPkwiKCW4ZNSs2u11xBv0DYBkVAvdqWdfuJIigGHysQcKQ6M7whmAbvL6DKuHFCaUa6hxvoAKYwHN2OROkegAHx0olDYXyis5C9pmNnAk5Bc%2BDqS7SYRqce70J%2BIJUn8jKDD4fGFS2VYcexU4%2BOR3N8mecRZcnR6s2U7HExlS3%2FMZwSV5qd1B1HEYsCWb6SaDnMSTJ%2BGwt0VzXLvBGRe%2BMInQjTAFqotDahOLE8tdngRmmbRMjTk4CP9cRCbYKvbB6nEVYsA352Ywy3S9fzjgAoafP3c3xYMeBp3bxqK%7Ctkp%3ABk9SR9zP8_jAZw,single,False,False
BMW F30 LCI adaptive LED,BMW 1 SERIES DRIVERS SIDE RIGHT LED HEADLIGHT 8739574 F20 F21 LCI GENUINE 2019,245.0,2026-05-07,Pre-owned,False,False,https://www.ebay.co.uk/itm/127850541348?_skw=BMW+F30+LCI+adaptive+LED&itmmeta=01KR3RWWYDYAXRC617W8SX9N0M&hash=item1dc47c7124:g:LdMAAeSwI-lp-73w&itmprp=enc%3AAQALAAABAGfYFPkwiKCW4ZNSs2u11xA2eVs%2Bb5qMHd12CKAXaWwbI85HHFcxgRqR8TCi0p3%2BrzLWB2wXC9R%2FMT4sofY6cwWGMqmEP%2FXcTH4FYxPrFVh3JtLQ%2Fv07nw7AAIvBhumk%2BBhFdezVKKASGn%2FX86UX8%2Bi0YH67yjOK8jzeJ8WG4e36RDhb3hOx3GSvOdiFEN3FFpJTrKBafeSh%2BbbsQVAMXZpSwRmXncx3gCegLwoiYyxIC0JaxSe1VAiJq55d5PjF2QGj5AavB6HTdvba89D971BtYbB1qRY%2FOYFH%2B6toVbn459hiq064MDTYLekydCYnf5QXBcbwRKsBXCVhbZkALfg%3D%7Ctkp%3ABk9SR97P8_jAZw,single,False,True
BMW F30 LCI adaptive LED,BMW F30 F80 3 Series LCI Rear Light NSR Passenger Side Left Hand 2015-2019,63.05,2026-02-25,Pre-owned,False,False,https://www.ebay.co.uk/itm/177843232341?_skw=BMW+F30+LCI+adaptive+LED&itmmeta=01KR3RWWYD7GJN60HCBAC2R6CX&hash=item2968485e55:g:r0UAAeSwvD5pg3sm&itmprp=enc%3AAQALAAAA4GfYFPkwiKCW4ZNSs2u11xD1q9zPrzSItHsREvcpceHnChoUQ66d1OzfL2kiqY%2BAr%2BTWGjT%2FQSlOSIA7sY5qfo0sd4SVNqS9hz%2Fm1Baa54qxyOQZ%2FFlCizFl3d8bXH6LkkathoJr8FMw%2FC2GZjwYYE9U5MLasHoNpKL5aBv7NcviM6kge9Bu3uR%2BqBzPzg7LKFCqv8km8cLQK8edSNIE1dwxs8Do4Ix1FJKrOOmzed%2FGg8nBx6q4xUNsX7EtIAcRpL1Ys6Og1xtaoeTvuXNXSbSw604bJgOrV6cYSxgP40GV%7Ctkp%3ABk9SR97P8_jAZw,single,False,False
BMW F30 LCI adaptive LED,BMW 3 Series F30 F31 2012-2015 Headlights Headlamps Xenon Look LED Angel Eyes (For: BMW),444.95,2026-05-07,Brand new,False,False,https://www.ebay.co.uk/itm/283675720894?fits=Car+Make%3ABMW&_skw=BMW+F30+LCI+adaptive+LED&itmmeta=01KR3RWWYDDQTEJBSNR56JA6YT&hash=item420c63fcbe:g:lfoAAeSwoVBpEb0E&itmprp=enc%3AAQALAAABAGfYFPkwiKCW4ZNSs2u11xB9IPCO9%2Fwa%2F37SQJ0pRCOS5jSzFDjNmQ0WV0ItwOqBtaUceUCmA%2BhAuGwaM4oLyB42zsdo0UnABrmoXuYUykCkDoD0526UFJQpL6oqV9GGZR1i6SjWZqlaZ7nCqW9KVVdxYIICtMA4lheLIO3%2FBJ%2B8%2FYw%2BK0yR%2FHPFjsbFNEfbdvXZVAcm5RKB2%2BTwJYcntdV9zMyFgj37NV6vGmpiPdqteprIZo4rVAavGVSuimD5%2BraT%2BSfErFdePsyhkuQj8kdA%2BsCs7%2BRBsir7G8PNy0%2FL6a7uIrCsDrQK7CAjkoXA9bMo414twi%2Ba5NHVhp1g5m4%3D%7Ctkp%3ABk9SR97P8_jAZw,unclear,False,True
BMW F30 LCI adaptive LED,BMW 3 SERIES COMPLETE LED ADAPTIVE HEADLIGHT RIGHT DRIVER SIDE 7498954 LCI,450.0,2026-03-29,Pre-owned,False,False,https://www.ebay.co.uk/itm/326945544808?_skw=BMW+F30+LCI+adaptive+LED&itmmeta=01KR3RWWYD7KVRW63N5DDYM91B&hash=item4c1f791a68:g:fT0AAeSw8OtpXmLL&itmprp=enc%3AAQALAAAA8GfYFPkwiKCW4ZNSs2u11xAqGG5mWsUGVICznuRq8v8EhKPfa5i6gQTUAuHl5n6SAxHPtjwfqSiHHB7kg5V4MgWVXB9lydZbUlXbTgcVDv3BW2XWkAYdEOjZ4JX%2FiGwOX8tbZ4nfrPhYxs3XxCceDCNgQ%2FbEiYfE845UBs0HBYBy%2FFgwXDg0NxhOECwVaVM3HLUYAMeE3%2FL07PhIGfXxuGHxyRqk2lMxlKro7lXKnYdoMGGpxWPBg3tAxaH%2F8x1I%2Bt6r3%2B156ZU36f6zXIGJMaRxN0YzLtj2lvO136WTxn%2Fylj4I0NVLMtV7lz2G2DUqhw%3D%3D%7Ctkp%3ABk9SR97P8_jAZw,pair,False,True
BMW F30 LCI adaptive LED,BMW F30 3 Series Headlights 2012-2015 (Pre LCI Halogen) OEM (read description),160.0,2026-05-02,Pre-owned,False,False,https://www.ebay.co.uk/itm/198300209018?_skw=BMW+F30+LCI+adaptive+LED&itmmeta=01KR3RWWYE0PA1FF1W0Z8FFVNJ&hash=item2e2b9d0f7a:g:ez8AAeSw1rlp576j&itmprp=enc%3AAQALAAAA4GfYFPkwiKCW4ZNSs2u11xANOgkz0UoYzNiQ0hMhQacaZhZ%2Fffyal1crkol9vhWIdfbAtRY2QEUS4Ch7os3awyceL3YfizZPKmi3qdCyfwHbHQgnJe8abRUmmsvTgwkEnVV7%2BEYpTMNQN9y2aNjkmRlVHVjC4sLP3CmdsxGFJ6MFgG%2FIgTX9T9OvRBddmIJuyvFhbfaCCZO99TJmaLPr4rlZ%2Fb3msHfQ7JP4YdEUHuDoZMGnulYikf7Zfi9VeLw1WoS4%2FjkMynKamSTl9eQGvNS1RKueeFpM0f6G5vrEwHBW%7Ctkp%3ABk9SR97P8_jAZw,unclear,False,True
BMW F30 LCI adaptive LED,Headlight BMW 1 Series F20 LCI 2015-2020 Halogen With LED DRL Passenger Left LH (For: BMW),189.95,2026-05-06,Brand new,False,False,https://www.ebay.co.uk/itm/296862918672?fits=Car+Make%3ABMW&_skw=BMW+F30+LCI+adaptive+LED&epid=12093226909&itmmeta=01KR3RWWYEQMWG6JN1TGQ3XAZA&hash=item451e68a810:g:C0gAAeSwdkZo9j2b&itmprp=enc%3AAQALAAAA4GfYFPkwiKCW4ZNSs2u11xBRnDU7w0JL32BC%2FbMLFVU6D%2Btbk9xaJIGju0vgxxW%2Fw6HDBMT9DK8Tl2BEvW7fL02FYsQwggepjJDDuwo5Je7CK%2BFhrhN6Hcy24hbBdFmFp76grXWkWVVtQnIlIl5BbZ6bJqACK8%2FbEIl1%2FSVvFMsm%2B%2F71J5HX%2FGRZwJt9PImDdGDaEa%2BeZPBk7iKrzxg1GfpWaq5MVLNDLR%2B2XGMtnZ%2FvbS3nzy4T9sRrGsXEXCwMVxksyT70%2BfMqKyUMoy8wSqpcbRMn31R%2BHKR29wg2Lane%7Ctkp%3ABk9SR97P8_jAZw,single,False,True
BMW F30 LCI adaptive LED,For BMW LED Front Left Fog Light For BMW F20 F22 F30 F32 F36 LCI 63177315559,34.5,2026-04-18,Brand new,False,False,https://www.ebay.co.uk/itm/397805129305?_skw=BMW+F30+LCI+adaptive+LED&itmmeta=01KR3RWWYEVKP2400HJSK64PMN&hash=item5c9f088e59:g:WTMAAeSwGB9p0m~W&itmprp=enc%3AAQALAAAA8GfYFPkwiKCW4ZNSs2u11xBfrpmmaPf19U0oqw2R3H3J31Sufe8Do9RdO3GDLwrRURh8RvHR6ChqK3kpnX8CzIw%2FmguIdqvF6Bu6pgK%2FErlpcBuUkuEDjGXRSrgFjUPmw7Kt6E%2BQSlSz0o8aZpeZtkMRNnek4D6Cb8p0DuBnQIo02Yv23z0RjTi29SlsTN0ji4oV4WNvWOYaE2ehga88hfYBTMpL%2FU2jm91Oz%2BoMbGAeUpJaUapZTabi6OjLmeHZmeFIR%2BbuKvJ5bjxztbuUoDLDUWlC6MbxTA0pE0yXQtanOPM%2FKYm3diJSLdTEpt6tnA%3D%3D%7Ctkp%3ABk9SR97P8_jAZw,single,False,False
BMW F30 LCI adaptive LED,BMW 1 Series F20 LCI 2015-2019 LED Passenger side Headlights,156.7,2026-05-06,Parts only,False,False,https://www.ebay.co.uk/itm/298274116780?_skw=BMW+F30+LCI+adaptive+LED&itmmeta=01KR3RWWYEAMDTT6Z20TKR0HX3&hash=item457285d4ac:g:~NQAAeSwRxtp8n3A&itmprp=enc%3AAQALAAAA4GfYFPkwiKCW4ZNSs2u11xBWkydgWXf2yXMDMYB42QpaFZNV8l%2BR8lUpYSA0cGk%2BoDSfRL%2FNAzk02UekArh8anZiUnYNbWFtxO6omywIPdcQDtjAs%2BtUfbMGCEpHai15txdo1FyRIYt3UjHRDFTfK1A41ZKF7myFR87%2BQxc4cpYcP5BazvS06XpIjnXSsoDmNxtDWoWnqWG7x%2FkrBw%2BbunZ4C1zV5YUUJjCtsNXVzJeyeE%2FyHIDvLdHB%2B2BKdSJOyyIJN6JzVUUElwgkV524slgwD9QHrdg%2FwjmWbt9U48nB%7Ctkp%3ABk9SR97P8_jAZw,single,False,True
BMW F30 LCI adaptive LED,2x LED Fog Light Lamp For BMW 1 2 3 4 Series F20 F21 F22 F23 F30 F31 F32 F35 UK (For: BMW),22.99,2026-05-07,Brand new,False,False,https://www.ebay.co.uk/itm/186393845112?fits=Car+Make%3ABMW&_skw=BMW+F30+LCI+adaptive+LED&itmmeta=01KR3RWWYEENTT17J701T8NPXJ&hash=item2b65f05d78:g:tQ8AAOSwjyZmHQIS&itmprp=enc%3AAQALAAABAGfYFPkwiKCW4ZNSs2u11xBLbwAggO5HUFLhAAJwSP53Q9ZHGk%2BVHQyK%2B1gcz2xznkBePAJWpQlBnZyDFoeEE2AdLxu%2BnN0evnPq%2BjZtNELwCp7CIjJCJqJ2cQFbQPhOylarpVHx8r0bH%2B3YweMVcl%2B4CXPV3svQrgkO9GTJBhtGU4mtzpVxA1eUEgshq3518%2B2BcS09x2JXBnBM%2FXkAJI6uyAYQUpJWU9l%2BGsfxiSIkWIQ3tBfun2Znl6uaztGwwRAyODjdypAJs772u%2FR4lLtiTyL%2FCO2TuceXZy0XZEUFoUCHSeXtrMX%2BhYYyTUPeLjLyDjcZg2WVjbmbl9dNRmI%3D%7Ctkp%3ABk9SR97P8_jAZw,pair,False,False
BMW F30 LCI adaptive LED,Genuine BMW 3 Series F30 F35 Passenger Headlight Left LCI LED 2013-2018,295.76,2026-02-12,New (other),False,False,https://www.ebay.co.uk/itm/168113204419?_skw=BMW+F30+LCI+adaptive+LED&itmmeta=01KR3RWWYEV6VEKM17TPPCY7B8&hash=item272453ecc3:g:WS8AAeSwO2Bpd8hP&itmprp=enc%3AAQALAAAA4GfYFPkwiKCW4ZNSs2u11xCEgLGGLfHbNZhtacpmR7Zg5e23ezL0iJsVsa7q72Tcxn2T55KEn%2FUNdc4zQlAk0G--MNa5C8kNYtPx9X%2FQk%2BlXwjvK7sN8OkX282QvkE717XvfLyPl%2F%2B1aFiNs1nqGvLjgzWkFtqkFVeu9138d%2Bp%2Fn1pAe3QP3w0ENF1kaUmHXXs3MjM18%2BdNbHXSUMB9ijJycVcweVWZJhzivbljn3hLvJUbgzGFne8iYg3lK6hxAJ%2BwZ1kVbZvmh9tVPQILAz6LnRE%2BowKzo6EE5iSQmrq3N%7Ctkp%3ABk9SR97P8_jAZw,single,False,True
BMW F30 LCI adaptive LED,BMW 3 SERIES F30 F31 F80 LCI LED HEADLIGHT RIGHT/DRIVER/OFF SIDE GENUINE 7419632 (For: BMW),475.0,2026-04-25,Pre-owned,False,False,https://www.ebay.co.uk/itm/366167172162?fits=Car+Make%3ABMW&_skw=BMW+F30+LCI+adaptive+LED&itmmeta=01KR3RWWYE9RHWC90VYRA381M4&hash=item554143a442:g:eeIAAeSwIJ5pA0fK&itmprp=enc%3AAQALAAABAGfYFPkwiKCW4ZNSs2u11xC9yszBZWlO8KxTRm8cQEBMVkGMiyEC1flBfZxhxCeaUqTq00BvPKHXD0n8ZzPpBMnppIuxOuqFlr5TNENce7BatkwZHoiJeAEQPyYhATjT4VS8QBZZPyh4659kFr0o7QabUDPVLUwkh3j3R8txbU%2BpKPZ9C98CrAQEYnJRY3kDhbPaMV%2FmrBEefRv2mOl97XTxWpMPMkwGtB5vQy4ZKfFddkzZB7aoU9wxvLzMd3VKhsX8riofYBjUoeHUO5NYzTJUJkDhn6KkU1LyXxcMvm8zthdMlCVZqN19ZA%2FT3Hi8EqlqKDJYwJmvN2Dw3vm6Sf4%3D%7Ctkp%3ABk9SR97P8_jAZw,single,False,True
BMW F30 LCI adaptive LED,BMW F30 F31 LCI Headlamp Headlight LED Lamp Light Front Right O/S 7471308 (For: BMW),499.99,2026-02-10,Pre-owned,False,False,https://www.ebay.co.uk/itm/316306274855?fits=Car+Make%3ABMW&_skw=BMW+F30+LCI+adaptive+LED&itmmeta=01KR3RWWYEPWF2G1T6ZPHXGBTX&hash=item49a552ba27:g:9S0AAOSwrIZnsvr0&itmprp=enc%3AAQALAAABAGfYFPkwiKCW4ZNSs2u11xCSml2PPknEUilHTcyMUZa9lpJT6MufePnVETE%2FQHCD6qXszC%2BGjdydmfXzpNeDjUa0Psee2l9slPnf6ABFZpbb%2B%2FA30JDSiJQlXVJlWZUKNIq6IsJdqYvCPtkSuEaZMkCCjR2SPDyoc1jX%2FGZWaQB1j%2Fez%2B6xtmS2UZQ8BGoALAlDjuF8MSDLl1VE3OsxkxqKRqFOkOT95aVX0LHQvlS1bMoJOpNr%2F8jSbuT3y3zCw2C8MQQQULIYIwS8BKh2euz03G0MzqCE%2Bt8f2%2Bh5CTBir%2FJuuBcY6wf52eYIQ1DGqZGwFbXREW1Bg5VAqJbIFzuE%3D%7Ctkp%3ABk9SR97P8_jAZw,single,False,True
BMW F30 LCI adaptive LED,VLAND LED LCI Red Rear Lights For BMW 3 Series M3 F30 F80 2012-2018 Brake Lamps (For: BMW),242.99,2026-04-26,Brand new,False,False,https://www.ebay.co.uk/itm/405057008662?fits=Car+Make%3ABMW&_skw=BMW+F30+LCI+adaptive+LED&itmmeta=01KR3RWWYEHJAKN3SD5WKQJMT3&hash=item5e4f477416:g:zfAAAOSwmlBmeVcg&itmprp=enc%3AAQALAAAA4GfYFPkwiKCW4ZNSs2u11xDYcSIRHWRx9JKxq4G0sE6i03IV5MwVSSA%2B9K9K5TeJBvAB9dRvkJrCM0vRYv1lR4N%2FRmjED2YUZXcuSWvMmg2ebES6F84C9vIYcwEXwuAFbLyApXMMPafvvh%2F6sUCfjtKJ5k5q5kCe1BUEYaYiR%2FTK3BWz9Ir4h5pq%2Fvx%2FweAK0Lj2FSW%2BpncO%2Bjp1jsKtqMmRbWEurgpPyA6GdeQ7M3OQBLp%2FqQMeY0QjJKc2L0bM8mpS5VL2zVUhqZbv49fTkuB1ufqPcAgTklneBq241ETb%7Ctkp%3ABk9SR97P8_jAZw,unclear,False,False
BMW F30 LCI adaptive LED,BMW Genuine Right Trunk Lid Rear Light Fits F30 LCI F31 LCI F80 LCI 63217369120 (For: BMW),211.63,2026-04-22,Brand new,False,False,https://www.ebay.co.uk/itm/176536118325?fits=Car+Make%3ABMW&_skw=BMW+F30+LCI+adaptive+LED&itmmeta=01KR3RWWYE1Z6CPPFBE9A21SE7&hash=item291a5f6435:g:H9IAAOSwxEFmxfu~&itmprp=enc%3AAQALAAAA4GfYFPkwiKCW4ZNSs2u11xCkrrV7SjqUvW%2FtmMsRBpbjccMH6cw%2Bdnw3hmp9sItdHIE4G4%2F0LdUHMmgq4SyTcj%2BZsvQVS0AOUKF142FkbfQ6jwZz07xYSVXqxXoj4%2FFrIB7edq1Yt59uWM0BbwSgMokzxMnlAXEvrC9d3qwTCmPjOUjPywQZf6lHkn5l%2FW9fTae4JhHJvxr3kXgxerEpTQkVagy%2Beb1zA54uWnInIfPJnykb7rMFT2JFeNZPJVxp4%2FvctRtaWQAnxxBrkd%2Ffj%2B9VRR2f05FLLKaF%2FhdZ9RXH%7Ctkp%3ABk9SR97P8_jAZw,single,False,False
BMW F30 LCI adaptive LED,4PCS For BMW F30 F31 Pre-LCI 3 Series Yellow Angel Eyes DRL LED Board 2012-2015 (For: BMW),32.99,2026-03-27,Brand new,False,False,https://www.ebay.co.uk/itm/317845266926?fits=Car+Make%3ABMW&_skw=BMW+F30+LCI+adaptive+LED&itmmeta=01KR3RWWYEQF6588RYKXHEHKRH&hash=item4a010de1ee:g:SjIAAeSwo59phRSB&itmprp=enc%3AAQALAAABAGfYFPkwiKCW4ZNSs2u11xDTP29Bscr8Rs6snoi8X9v5bIyKhi9tjxGP17wv6QOoxZy55U5JinfGVmV1gs4zAV2uVvbSDv47sSuKixBkQW7se2LN6lzXkqXRju3l8lD%2FnsLpf7%2F48afDOj8bAo39lYfvH4MLoOHye6NjrkGhxSUL1zsSCCWJqkuT%2FufawhHTLGeqnrW2d3Zkdgfz47JdZ9jf8MKwsS1OmNyI8uS06p%2FQ1HhIyP2kzcgu7%2FYHJq8TOj114w7ra2RRGVKzmUsO5qlu77hQketxT%2FDBjaZRjJPUz7I7taW6RKxDSAdRTDdL2jQ1i6ASE1P%2BKL5jPRAYSxs%3D%7Ctkp%3ABk9SR97P8_jAZw,unclear,False,False
BMW F30 LCI adaptive LED,BMW F82 M4 LCI Headlight Headlight Assembly Lamp Adaptive LED Right O/S 7476213 (For: BMW),299.95,2026-03-31,Parts only,False,False,https://www.ebay.co.uk/itm/318084203471?fits=Car+Make%3ABMW&_skw=BMW+F30+LCI+adaptive+LED&itmmeta=01KR3RWWYEK2FDG64389EXEM97&hash=item4a0f4bc3cf:g:iQoAAeSwfDRpy216&itmprp=enc%3AAQALAAABAGfYFPkwiKCW4ZNSs2u11xCa09Sl%2F1JxckWJpbPRNuP4dJ2mt4jRQZrrwRMV9KjNWkNtc6aIbnQ0JtNwPAcCcDaJSVqKlsPiGJYBfRbQRmXrdI8EhvI00oXRSEO%2FEcxmBbVni7hEQIGKymymoqnDrOv1ikEz0j2jA2vXvv7CTrb4SvaGkxZdIrvtzoW1dl1d8o2MLeDIDBtT9eLRPQW8C89vMmhO5oNomg8oXE37GHF3Zv22eNAl9y3r6l4ofgOOOSC7MTb3WUKQn75NYzZjtZN3vz7crxRuozHNv0JB63EYppmeCp3O6H81EWKEQhWg%2FIZQJt9vEY%2FQp%2Fs7M0bDBII%3D%7Ctkp%3ABk9SR97P8_jAZw,single,False,True
BMW F30 LCI adaptive LED,BMW 5 SERIES ADAPTIVE LED HEADLIGHT Front RIGHT DRIVER G30 G31 F90,291.9,2026-04-07,Pre-owned,False,False,https://www.ebay.co.uk/itm/267629540886?_skw=BMW+F30+LCI+adaptive+LED&itmmeta=01KR3RWWYED0M052AN3B466H1K&hash=item3e4ff6b616:g:qQEAAeSw6spp0Py2&itmprp=enc%3AAQALAAABAGfYFPkwiKCW4ZNSs2u11xA9%2BSApiYc%2B%2Fw4CIzM5trLy6OcpK9eIqYPqsRSHRDD4Oblc8uPzwnol3hTpo64Xu%2F8aMunGjGS07egYRDHychn40FjiRsMeQYsi69IrmkOudp%2FucH48sFkyMn7Op6qywdDd9BwhSB0JRvZHgH9aS2DiCG8V9rMyN8c4KHb9Uqik68TYb4RP6J87FuIze5Kf1qUkPR2qakGUvhGLRTaurSBj7Az8SVng0sgEMN33vCgI9Aj%2FmTbJ%2Fg6xB7X7muMffXhsp3AzrkXN2Lv3ThDbWl0GEUvTkaqcbIR9Z5VeSJx%2BxvdhpJTGSqK%2BJ6Jrf7KrgGQ%3D%7Ctkp%3ABk9SR97P8_jAZw,single,False,True
BMW F30 LCI adaptive LED,BMW 3 SERIES F30 F31 PASSENGER LEFT FRONT HEADLIGHT PRE LCI 7259539,89.1,2026-04-13,Pre-owned,False,False,https://www.ebay.co.uk/itm/157790718282?_skw=BMW+F30+LCI+adaptive+LED&epid=838132545&itmmeta=01KR3RWWYFGN38VGEZW82JQNJE&hash=item24bd0f494a:g:IqAAAeSwJQ1pxoyM&itmprp=enc%3AAQALAAAA8GfYFPkwiKCW4ZNSs2u11xD5BDxGd6O2XNbMzYNu9hmaUU5c50YK%2FlJMKTWM2D%2BmR4J%2Fz0MgAXgK4S9Gk75DsugeqXWUb0QQ5HYcR1k8GQd9rmdLt5NHMCfx%2BaPuZcC3lcMm584Yp%2FedBOxOjIE1QKd8LkZB9ZvPeMn5Di8YE3zLOmjo9LrlPnlZRe6cLIvoCnhsPGBvdgcR%2F0AYlFqmbmZ6h5HLu8f%2FnMJ0VWI0%2BNtlY3mb0qx4GMVJWayCpsiIydEsKQjh7DRgOkX8wR5OR7z5kR8nDZ%2BNkHDiorT5uJ8lvcCx7ltuOcIMNtYjGAT4BA%3D%3D%7Ctkp%3ABk9SR-DP8_jAZw,single,False,True
BMW F30 LCI adaptive LED,BMW F30 F31 Pre LCI HeadLight Halogen Passenger Side Nearside 7259539,100.0,2026-05-05,Pre-owned,False,False,https://www.ebay.co.uk/itm/147270174591?_skw=BMW+F30+LCI+adaptive+LED&itmmeta=01KR3RWWYF3FQPFJF4N04Y1YYP&hash=item2249fc877f:g:10gAAeSwSihp504~&itmprp=enc%3AAQALAAABAGfYFPkwiKCW4ZNSs2u11xAVuLi1Ptp7AAy73xWyzQmNAFFzGENsQpU4xooFlafpqaDFCgCozgMYOXRiDLL0dFx43%2Btv57jpMytVQMdraWLdUGNvYgu7Mlmf6196ihIaiGQl6PM789%2B%2FTwEpOpn6CBKw3x%2BqUX3AmboDIERdjNkx%2BBXm1hIRgmSyfHnd4RCREQVYp9Mj2st%2BXy0lXKV1d6Nd33gm8qoCQdHQw1zOiKsqVrfs82SAk2iHDSNR1LcPMSgljFwNTLCWZnu1YPx3iRWhvElIFOc0aKHOZy%2BAvaff4bi2AriaiObeeaIkF1DP0wA7iJK1rv%2BfYFQnH0H8ezE%3D%7Ctkp%3ABk9SR-DP8_jAZw,single,False,True
BMW F30 LCI adaptive LED,BMW 3 SERIES F30 SALOON PRE LCI REAR OUTER LED LIGHT DRIVER RIGHT 7259894,33.3,2026-03-21,Pre-owned,False,False,https://www.ebay.co.uk/itm/157563510882?_skw=BMW+F30+LCI+adaptive+LED&itmmeta=01KR3RWWYFYM0Q890G3CJYSTQB&hash=item24af846062:g:hugAAeSwzKdpSplk&itmprp=enc%3AAQALAAAA8GfYFPkwiKCW4ZNSs2u11xDwg7Pi3fNRhqHIGuYTY38J0HODy0uNqnOJhGPyOOfApOuLsfkXE0riWo3NKLvekwnZZDqB6dwoYxX5JaQ%2BGDWgdRPPdq%2FZ9QwX4L%2FAqWp7tb0mRUUghfjsgHMN3VGmzHqMBzyS0HfnVcHqCA1%2FaW3Dz03CSZ9PpWT3JJJbyLw69YRSlaFK2p%2BRDJzbUpy%2BjlyNokTutXzTOkeqe6rwA8ixQvQkQhoboJm6lNfmvN8nMfMLyLW8o%2BmSW7DLT%2FHP6yp2sMzPK7S3BVkffSlEGlpHLWYXSwtdroPN8zSFMp15rg%3D%3D%7Ctkp%3ABk9SR-DP8_jAZw,single,False,False
BMW F30 LCI adaptive LED,Headlights For BMW F30 F31 11-15 Black Light Bar LED DRL Daylight Running Depo (For: BMW),449.99,2026-05-05,Brand new,False,False,https://www.ebay.co.uk/itm/406890587032?fits=Car+Make%3ABMW&_skw=BMW+F30+LCI+adaptive+LED&itmmeta=01KR3RWWYFA8J1J9YZV7DJN9X9&hash=item5ebc91a398:g:D8oAAeSwhANp8LG3&itmprp=enc%3AAQALAAAA4GfYFPkwiKCW4ZNSs2u11xAnCd1G4DIkNTmskH4Nc%2B41DFmWq%2F77BfJQUgm08KOosLmh1x6MdUHoL1Qgonw195t4dfHzUKgrSKZrUZ6UEA50SHeWiYDhIIRqv6DMId892IAv%2B9aTg%2FylKDm8zlZ6tt2%2B7gw6os4M3yyPSt2Umcwy1c72Io6xLjU2OZ6E9NUThm3o3xI8puQulGkSd%2Bmdl0XQKNm%2Bjt0wFEF1zjGeA8RHSzqXQOAeOOWUzhuYCwxj%2FxK3bUcBr1lF5oXmw1czYCEJCdy%2FwENcm1aYrXapuSy6%7Ctkp%3ABk9SR-DP8_jAZw,unclear,True,True
BMW F30 LCI adaptive LED,BMW 3 SERIES LCI F30 F31 LED HEADLIGHT SHADOW EDITION PASSENGER LEFT 7419633,500.0,2026-04-04,Pre-owned,False,False,https://www.ebay.co.uk/itm/117109820054?_skw=BMW+F30+LCI+adaptive+LED&itmmeta=01KR3RWWYF291FCMJY9GYSBG0Y&hash=item1b444a0a96:g:NloAAeSwUl5pxUIm&itmprp=enc%3AAQALAAABAGfYFPkwiKCW4ZNSs2u11xChXR3%2Fp4VpRoRo8nyrAKc1JkUcx3sWjSSrHEda6SgR2tPkFCOd5cRweMX91qr62egOcThygYJKvXgvQon0BRD5x%2BaKX4GNexiNbYc6BrlbUzPuyGF9S1M9G%2BAhUscNOm6a4c6Ab48QHpnVmZmjPl9We2M6DXEbpCEp8H%2FTJkZHq4IRc4E%2Bh7mxwQeOI8o4wtCmGT7R5m9YGWHiHhe1Tney2CtPs2Aq7sAAxTR14NxPZQAD0QAFMpNwHbLsRRDYTXlCLW7XDvnuWNKfMRTwEZkSr4Gh5%2FPutMbWgxAmR0fc7nC4071ItycYkyg2kV2nBms%3D%7Ctkp%3ABk9SR-DP8_jAZw,single,False,True
BMW F30 LCI adaptive LED,BMW 3 SERIES F30 F31 F80 LCI SHADOW EDITION LED HEADLIGHT LEFT SIDE OEM 7492611 (For: BMW),475.0,2026-03-12,Pre-owned,False,False,https://www.ebay.co.uk/itm/366167172157?fits=Car+Make%3ABMW&_skw=BMW+F30+LCI+adaptive+LED&epid=19031890294&itmmeta=01KR3RWWYFYMAMHJ7BEE82314K&hash=item554143a43d:g:K0kAAeSwjPVpCCOl&itmprp=enc%3AAQALAAABAGfYFPkwiKCW4ZNSs2u11xCLZtEDi15oUc1z8ztFSbA%2FGSc8%2FXtYEaryQY4%2BdiLMShkFGZnrAfeaCMJ6a8mivIToeLGHnNkD0XFZ%2FjcGWLVws7gHotE0AmhCtcyYdzdzZ6M6ALRbT0kFcDVxRUb96%2BWQrtx4y%2BQVlhn5xnMgiYP6M1l1IgTTViOLoCM23KV5kB6nm6qiDzudUOh8COywdEg0HUTo6hwDUqpBzrCDQDVKde9%2BAJktx8Azf7pch7ypC1yp%2FacKOgJ2UiB9qt0XZ5IbNjComKWuk1k3R8dROBlpj4keik%2Bx2Jgk8qz%2FIs0A37oZ3QRvl4IqCyLDvbFN%2B1k%3D%7Ctkp%3ABk9SR-DP8_jAZw,single,False,True
BMW F30 LCI adaptive LED,VLAND LED Tail Lights For 2012-18 BMW F30 F35 F80 M3 LCI Style Clear Rear Lamps (For: BMW),242.99,2026-05-07,Brand new,False,False,https://www.ebay.co.uk/itm/405083810458?fits=Car+Make%3ABMW&_skw=BMW+F30+LCI+adaptive+LED&itmmeta=01KR3RWWYFC03NK18F9350M719&hash=item5e50e06a9a:g:s2AAAOSwgBBmim28&itmprp=enc%3AAQALAAAA4GfYFPkwiKCW4ZNSs2u11xCtUEDFBGAekLLXOIWaz3Yx2XPlv0KtpGUEOjcWh2YCxZWRu31VHLc1rTcxUZLPYN8oxjZMvjpU3deOxSy273Jj%2FvXAhtYQsXu3Kgd5xghi35lY3Li3GWEJlU3x%2B0i4sYkYEpkLAI49Xllj6ZIAxQvuDWvtbevP5ySV%2B5W2W5tzQkuJAigQIYz6trWq3binc8Yw8xLyyWMk2bB1zHfWL4uqTuxSjyNBPR2W%2B4TTLq8bfliF9x5iH2y1Vw6TrCYmrow5gG08qowxGqnNG8dhhZQ5%7Ctkp%3ABk9SR-DP8_jAZw,unclear,True,False
BMW F30 LCI adaptive LED,PREMIUM for BMW LCI 3 Series F30 2015+ White LED Reverse Light Bulbs Upgrade (For: BMW),11.99,2026-02-27,Brand new,False,False,https://www.ebay.co.uk/itm/133676715191?fits=Car+Make%3ABMW&_skw=BMW+F30+LCI+adaptive+LED&itmmeta=01KR3RWWYF8Q88FB0MPYPMQYNR&hash=item1f1fc0ccb7:g:Ad8AAOSwlWZdgoOc&itmprp=enc%3AAQALAAABAGfYFPkwiKCW4ZNSs2u11xAQ4KWtslpd6TZf5i7Rii2QAekKt%2BJmXafvk7yqV1ctOWWXBCMiIpGWLdnSGvBgOYt%2BelHgD23EKZ%2BVsbTRK1RP%2F6KA6QxOOe5XmrYFH4Ibuq%2BXirdb7Qt3iZQNkLWIxxl6pP0%2FxSuvyHD1cGAyb9Xxws0WYzfbD2d9nCUWx1%2BCvbhjRTYQS8JaExAx4FFFZOw4YhCQVbVsdZ1xdU9BMAYfXrUpP1vgHZJ%2FXjB74n6lKfYb3%2BiZu4AOU08ZVBEXhRghOVKSVKdtRLXs5JSRXBjmVTjzBjCHEMyrZ8F5VXlBduBAhRv4Qn1rbCnF9wJOfoI%3D%7Ctkp%3ABk9SR-DP8_jAZw,unclear,False,False
BMW F30 LCI adaptive LED,BMW 3 SERIES F30 F31 PRE LCI BI XENON DRIVER RIGHT S HEADLIGHT 7259548,155.4,2026-03-12,Pre-owned,False,False,https://www.ebay.co.uk/itm/156152065124?_skw=BMW+F30+LCI+adaptive+LED&itmmeta=01KR3RWWYF78YPHVN4JZ3K0AES&hash=item245b636c64:g:bxgAAOSwqbNmDlvL&itmprp=enc%3AAQALAAAA4GfYFPkwiKCW4ZNSs2u11xCQyVtBGmUfpVrteNkTFSHBI0pVUtj5VCCuk%2BSFYouBKIeHg1zyZ%2BS%2FNxSJ8r3ZkukkQ1jHP3nccN90iDi3Wjhg3X9l47KhKciMvhDPmqPZk3yqYJY0V5Ynu6T7lhp%2Bxgz7lnIpf4NYDtOsJCv91bCjBrGZf1JNi5DEJv5Ie6%2B8ykGWZVfimiOrhtrTyMUJzQzzK0d%2F6ZJ6%2BKK%2BzR8hTMUlUbh3MAB%2FxLWHq7iic01DJITLPcv5v2WsEWt9MyvXfGw2mCYr8Ad6%2BBy0gqoZQqfi%7Ctkp%3ABk9SR-DP8_jAZw,single,False,True
BMW F30 LCI adaptive LED,Light Lamp BMW F30 F31 F80 LCI In Trunk Lid Tailgate Rear Left N/S 7369119 (For: BMW),34.95,2026-04-30,Pre-owned,False,False,https://www.ebay.co.uk/itm/275817364107?fits=Car+Make%3ABMW&_skw=BMW+F30+LCI+adaptive+LED&epid=503926799&itmmeta=01KR3RWWYFZ0J00M4Z16FM1JSK&hash=item4037fefa8b:g:dYsAAeSwYo9pQd6p&itmprp=enc%3AAQALAAABAGfYFPkwiKCW4ZNSs2u11xA4mWRknFo0rlUyFEVY7IQ%2FVWs9a%2FeMvOEqHq9eOgl%2FRzPYFrL8oQF2JxMoY9ZvJVKTyIs9phZUCue5yF15urahZpp%2F8uqXxpRe6XbkAJ%2BPRUtRWF60o6Cn7LwFQTa4H5nJDMuWZHICxyia0x8AbLSNXH73gxjSfY28pwvsJGKcxqzSk1TQchIs%2F8CKZKusCzL0hHC43tZOdJDqmcsgKEl095C7p7h6L7MajnxjlPiBxAuvOU0jg4fPj%2BuqrPNV0RJ%2FsZfnUk9E1eLE7UIWCa3MFmWuXGCeaDftM8L6nZSXXH%2BLwoSZ2NP9moQ6fywXstY%3D%7Ctkp%3ABk9SR-DP8_jAZw,single,False,False
BMW F30 LCI adaptive LED,For 2016-2019 BMW 3 Series F30 F31 F80 LCI LED Headlight No AFS Left Passenger (For: BMW),358.8,2026-03-23,Brand new,False,False,https://www.ebay.co.uk/itm/389484946998?fits=Car+Make%3ABMW&_skw=BMW+F30+LCI+adaptive+LED&itmmeta=01KR3RWWYFHV2Y3Q8M2XETSHE3&hash=item5aaf1ca636:g:LxoAAeSwNaJpZKbe&itmprp=enc%3AAQALAAAA4GfYFPkwiKCW4ZNSs2u11xCYcUGWS%2FGkV0ux9VUq4GPTnZwIqQIz8axZcgmatYcxWmX%2BGTC71A%2FcBemWhxSgQoB3XPQbIt4iwQMVEv65w7AKT4Ii0OArKbtl4m9gNAp7UUnl2S1KKi4pQoR5wP5qMz6DjVAzAsJ9d%2FaNEDP3sNaF0JOR1WB6JcvuGWpdGDpBEIAlwpR5kIwvF3v36iyU%2B6VxLC%2FsdtYT%2FJRGMjw%2FQ5V0V3u8HEEbs%2B6SYtbNIkGd7RCf4ZdoPjuHF7--rtY8EtlheB706hGzcubdybBmdG2e%7Ctkp%3ABk9SR-DP8_jAZw,single,False,True
BMW F30 LCI adaptive LED,BMW 1 SERIES F20 F21 LCI RIGHT DRIVER SIDE LED HEADLIGHT 2015-2019 LCI,415.0,2026-04-25,Pre-owned,False,False,https://www.ebay.co.uk/itm/406879961246?_skw=BMW+F30+LCI+adaptive+LED&epid=9013570161&itmmeta=01KR3RWWYFVGW2QC67XRTR3X91&hash=item5ebbef809e:g:mAsAAeSwldpp6cPC&itmprp=enc%3AAQALAAABAGfYFPkwiKCW4ZNSs2u11xCnmtBr7HlWdzU81ucvh5F4w2eqk6LdeLkg0pOTw3F8TP1eOqfcq9WOPXcV4ZdGF%2FFXXFXIOKSyGt%2FlwymzThWrm%2B49OUOm0pxg4v%2BDjxptY0VrgsK9BBbQs7ewZq2ILcu1Pu8k4lbZsCBzWkRdCZ805mVR7Q1WHbHA6UBJ14rOvUEvGxLEHZwwBD3VlpYX0o9AaNngvk4XNERMF9OB2QOcIIBhi20SM99FzncIrUUe90INq4ItpwhqAnhL6FoDTv7bzMR3wzYtbBQwocGgE74Vmcln6qY7J1y4yvy6rsT%2FHCFiCtuoaztsewnnMMBZA58%3D%7Ctkp%3ABk9SR-DP8_jAZw,single,False,True
BMW F30 LCI adaptive LED,GENUINE BMW 1 Series F20 F21 LCI Hella Adaptive AHL LED Headlight Right 2015-19,774.99,2026-04-19,Brand new,False,False,https://www.ebay.co.uk/itm/256410348925?_skw=BMW+F30+LCI+adaptive+LED&epid=27041553879&itmmeta=01KR3RWWYFS7N46YNA8MZTZ9EB&hash=item3bb33f6d7d:g:GGYAAeSwlXFpsDyc&itmprp=enc%3AAQALAAAA4GfYFPkwiKCW4ZNSs2u11xBXpiSBDJSpBvBlqFPeGUMecxvpVYduWObtfB%2BSADQmmU6dm2%2FI4F%2F41GzWZecelqoJtNqNwb84UQeLMdsGAypoGA3IVL2hmtGhatc7Aa%2BFhqUY5AzP4cvOsicoNMHmxtykP5tqJJ6VpYa0JtfLJsVb0mSuL53zGiQvSBhVbRiVgQb%2FqrZUanG9hxlVVsh4OPlNMhhOI46UwuuraZhHUJmKxacQaR31kWzIEcaL4IwUq%2Fp4aGB%2F0hOIdpn76Fg73tE8S%2F4M5Iq65bWrYHvV7dDk%7Ctkp%3ABk9SR-LP8_jAZw,single,False,True
BMW F30 LCI adaptive LED,6x Yellow Headlight DRL LED Boards For BMW F30 F31 LCI 2015-2018 63117419615 Uk (For: BMW),36.99,2026-04-20,Brand new,False,False,https://www.ebay.co.uk/itm/358158532173?fits=Car+Make%3ABMW&_skw=BMW+F30+LCI+adaptive+LED&itmmeta=01KR3RWWYFA32NTZFTYKZKX16E&hash=item5363e97e4d:g:oOUAAeSw45Bpd8Y3&itmprp=enc%3AAQALAAAA4GfYFPkwiKCW4ZNSs2u11xAH7SSq4UJhmlZ2NvB4Jr5ZbLfn4GrUnL7p%2B7cA8UMnGdP%2FKmegoLOvKpojMP9wY2v4r5%2BfJBmHg4ixNrH02kyN71gY7xTNcsot9XyHCkOZngCVN5haI1SFQYBRYR21okDCGUW6B3T%2FIfjxbEXMle%2BNFQocqxM7rFwnAZMu797YEA5pv6Qr%2BeGUW8DX5pLHNcvPrvAdDcX8Ao%2B0FBQYAiRk9PrjYmoeifYdkvq62Sva7GRcw3CfpCiSo%2B97BbAxQ1gLQxCqPFEIYK5hxl5c0Co1%7Ctkp%3ABk9SR-LP8_jAZw,unclear,False,True
BMW F30 LCI adaptive LED,BMW 3 Series F30 F31 LCI Left Passenger Side C LED Headlight 749894701 Damaged,104.7,2026-04-16,Parts only,False,False,https://www.ebay.co.uk/itm/137196831952?_skw=BMW+F30+LCI+adaptive+LED&itmmeta=01KR3RWWYGXHT1BJ00A0S9N944&hash=item1ff19184d0:g:WvIAAeSwZLZp0Syt&itmprp=enc%3AAQALAAAA4GfYFPkwiKCW4ZNSs2u11xDcUOKE9eCjwg4wJV%2BuNDo%2FrYoLDn3tYLDmZY1KYd45u2MRbiEKCqVXCizukcjTaJjCDWcjhSVNvzjGLaDPn0gtTYAoyiho9q%2BImj10Reih3t7V8uQAVikHGj2MKQAhOb8nx%2BIeyizTvVKbk0H5lCC%2BaNVGzjrT6yE3gd%2FDTkxIq4XKv58ML1%2F5vTr9pC19IF%2BMWs1peltGF1p8ixDaX7ykF24RxM264X9lEqOCvcR5kWw65WGkYm45F2fkD5Puuq2DtCIXLUV999ZZZokYnH2N%7Ctkp%3ABk9SR-LP8_jAZw,single,False,True
BMW F30 LCI adaptive LED,BMW F30 F31 Pre-LCI 3 Series CSL Yellow DRL LED board DRL 2012 - 2015,24.99,2026-04-19,Brand new,False,False,https://www.ebay.co.uk/itm/357719827849?_skw=BMW+F30+LCI+adaptive+LED&itmmeta=01KR3RWWYGY4RXRBFTN26EMRZH&hash=item5349c36589:g:604AAeSwmWZp2DbS&itmprp=enc%3AAQALAAAA4GfYFPkwiKCW4ZNSs2u11xB9xk3ao7bPbTBKs6hEr%2Bcpm%2FWwjzBdFJ3%2BW%2FKyX3xzDbtetAucIT9V98mg4WF9T1c7oRgPRBVlqu2G61wnWQ5ZjYjo9HiHTZhGq%2FANZRsEZcskVuOk932xFH0NWehcCS3%2Fg8ai8tT9cwZ6N3ITZhrUv8uOdKIvp6Ub01HBV9lrS6ylsEVTq74%2F4odiBi9IO9hvEJCEHi9oSPlrr7itCSrPmfT7nwqh0N%2BAEEMbL6lDJljdTf1LZoZa5g0BBWrHEYBqSQIc6RZbFC35TfYNybXN%7Ctkp%3ABk9SR-LP8_jAZw,unclear,False,False
BMW F30 LCI adaptive LED,BMW 3 SERIES F30 F31 LCI LED HEADLIGHT LEFT/PASSENGER/NEAR SIDE GENUINE 7453483 (For: BMW),475.0,2026-04-28,Pre-owned,False,False,https://www.ebay.co.uk/itm/366167172101?fits=Car+Make%3ABMW&_skw=BMW+F30+LCI+adaptive+LED&itmmeta=01KR3RWWYGW5J82BBDJDSKAFZ0&hash=item554143a405:g:csgAAeSwAEFpA0Ow&itmprp=enc%3AAQALAAAA4GfYFPkwiKCW4ZNSs2u11xBhA%2FU2jWrJ0FHMg9Vt3BWL35pjVm3pX9VltKdawjNSX67lKggbN1JvNEq1tvB%2ButOHN%2FNj5H0a5%2F9Shw%2FjvhCV8OurwA49mOHD7Tcgc4rss1DIAglHerijY65YEDqWuo7ysjVRZnIWFjqqATNRg83gugH6qPrBtAlUncOfbDoyxhxxpTiPVzs0mbormbdpkPP31UeOJ5%2Fx9uas2n27P2Om4KSMGqVXruDj1N0Buh0knFmLWVOdpMB%2BD73K4%2B21VOARdfKRvEJYGvi0FVGWDwWq%7Ctkp%3ABk9SR-LP8_jAZw,single,False,True
BMW F30 LCI adaptive LED,BMW 3 SERIES F30 F31 PASSENGER LEFT FRONT HEADLIGHT PRE LCI 7259539,99.0,2026-02-09,Pre-owned,False,False,https://www.ebay.co.uk/itm/157643150924?_skw=BMW+F30+LCI+adaptive+LED&itmmeta=01KR3RWWYGCMFCEB5WXGRNBX2X&hash=item24b443964c:g:IAkAAeSw0MNpeeOR&itmprp=enc%3AAQALAAAA0GfYFPkwiKCW4ZNSs2u11xBLiqUFDZzBsGdXfytdBGqNJaRsooSJMT1WK7EFBq2ar4Te11Jr%2FgnxLZMMlAJRLdoeWJ9OPUrxYADy8fjHjNWnfooJD6RA%2BU0xGME5bdki5BNmJWpamsI1Sl928aQgOt9qlwAlVwJp0V1kXZbuwgrj1QH%2Fs9R8pRouGH84HfNJcslISbCb%2FwqPF5CMMYRNAGt0vHAtvADz434RGPsy14wmRC15DsxLN9MEHF3PaImMe6NtdXBVrt%2BpruqziK%2BZcf4%3D%7Ctkp%3ABk9SR-LP8_jAZw,single,False,True
BMW F30 LCI adaptive LED,Headlight BMW 1 Series F20 LCI 2015-2020 Halogen With LED DRL Drivers Side Right (For: BMW),189.95,2026-05-06,Brand new,False,False,https://www.ebay.co.uk/itm/386427753891?fits=Car+Make%3ABMW&_skw=BMW+F30+LCI+adaptive+LED&itmmeta=01KR3RWWYGJTM28RAQJBZYE5A7&hash=item59f8e395a3:g:oT8AAeSwFWxo9j2N&itmprp=enc%3AAQALAAABAGfYFPkwiKCW4ZNSs2u11xCMvUgJbBUiGWYZHkBEj8ZXLB64hcyKJW%2B29depuqpmX08Mq6AUHHDT5KtSlp1fyq7jGSZpaFaY1uJYL%2F4IcPoJyWn9vTK72AIisoVVwvv1QHjKMeJKzKbhLgY1HfWRFZgnlIAYy7vqjYnSOo7iYr6tgJtnR9ntMLq8wuXgy2imsauuOKoHDcqc1aM0KqWchInWj8VGGdc0FhtgPoBebmAdjpvhipuMMBQ4%2BGfRhMeGHvkebzdDEi5pSa%2BrQSSKDipDnYHWwxBpQzVlblXDmbAOX8skmxndnR65e%2Fkw03djQSqxYYZ24hKnhlUfhQwkPiU%3D%7Ctkp%3ABk9SR-LP8_jAZw,single,False,True
BMW F30 LCI adaptive LED,BMW 3 SERIES F30 F80 LCI REAR RIGHT DRIVER SIDE OUTER LED TAIL LIGHT 7369118,99.99,2026-03-16,Pre-owned,False,False,https://www.ebay.co.uk/itm/157742681077?_skw=BMW+F30+LCI+adaptive+LED&itmmeta=01KR3RWWYGHWNS920AYJQZGKT6&hash=item24ba324bf5:g:mGMAAeSw83RpsbDC&itmprp=enc%3AAQALAAAA4GfYFPkwiKCW4ZNSs2u11xA%2FahUMvH7u92p64gwT0kxoUoUD686ZNotNob%2BGAnhGG%2FWXsw65PnVx6ogMqp5pIaW%2BME6FIXQAY0MkeBeQ438oMfL5beQ9MVi8dD2oSREFOqll1aXDNozlGIHoCbGduYOAuyJFZNw9LrfN4KTn90Supdc%2BWnl31f1R4AN%2BB0vr8FUstaJtriIekIPi8ksrtkqNNeFqF0eAH70%2Fz5%2FyFt%2Bgo70a9I9n%2Bq2iSdH%2FGQBQmn4xCj4U0zJEtwhh31fjeYREYDokPRXHQZn4DSP4w8XY%7Ctkp%3ABk9SR-LP8_jAZw,single,False,False
BMW F30 LCI adaptive LED,BMW 3 Series F30 F31 LCI LED Headlight Indicator Module RIGHT 7419620 (For: BMW),35.05,2026-04-28,Brand new,False,False,https://www.ebay.co.uk/itm/255700447477?fits=Car+Make%3ABMW&_skw=BMW+F30+LCI+adaptive+LED&itmmeta=01KR3RWWYG3HMJKF9YJ6QJN62Q&hash=item3b88ef30f5:g:xqoAAeSwedhpJIr1&itmprp=enc%3AAQALAAAA4GfYFPkwiKCW4ZNSs2u11xBEUGX8mmvmef2knIlkyhPfhqp2DaHtdxV60owgOWLV%2FL3%2F4VnmCiu0b6Gr9LTeMfeD8g%2FAOg7nICY0ReFgdXniNr9GUfssQ%2BHVTYRwVrFmMUuvx0UuAMQhHPwxXTrHomukAvX0Gxk%2BHtxbqj%2B9VVnmxcPfZjf9RfoIEb%2FN84wsy%2Fz3o2A4SYeJvcN%2BS2gxdeOIf0EhhOqeKGhgzfytdH%2BxobkMcSuIhoPj0SuNgeAAZO%2FCMkPm7b8fe%2F6cqP84KyNZpP0v6oPW2uti6ZVowIBN%7Ctkp%3ABk9SR-LP8_jAZw,single,False,True
BMW F30 LCI adaptive LED,Uk For BMW 3 Series F30 F31 LCI LED Headlight DRL Module Set 63117419610 7419610 (For: BMW),27.99,2026-03-26,Brand new,False,False,https://www.ebay.co.uk/itm/365694212239?fits=Car+Make%3ABMW&_skw=BMW+F30+LCI+adaptive+LED&itmmeta=01KR3RWWYGMJME255XW4PFY7PB&hash=item552512d88f:g:xHYAAOSwTY5oXQQG&itmprp=enc%3AAQALAAABAGfYFPkwiKCW4ZNSs2u11xCkj1OsviJ1%2Ba%2F6epcY3kllJbxrJegR9XRgVVHqcvmlKzUd23WLmoLj4suazmat2Tj5VZL%2Be1TqDfKst2xGnJmzcDtN16RVeRW26S6qjZ534oFf805CqCx%2FJ5pJsmwP655B6Vw%2BpRfInyjY%2Fniyc18SEfNCd%2Brv%2BI5mXQ8D5W8YoQOFHUOvbRh9E4xk%2F8CIuQ2MHO%2FEouWi4zhVLzh9hYCFUrquVtg4E%2BL6l9UYCOGGhvpEXWn4e0HAldc8hkpZeqYsDmlfXUYxGfhIkmFOSZXwUYurBo940N9TNfQmPclqWYLzmxxGmv8HCdd%2B3ojDuCQ%3D%7Ctkp%3ABk9SR-LP8_jAZw,pair,False,True
BMW F30 LCI adaptive LED,For BMW 3 SERIES F30 F31 12-15 PRE LCI O/S RIGHT DRIVER SIDE R XENON HEADLIGHT (For: BMW),249.0,2026-04-30,Pre-owned,False,False,https://www.ebay.co.uk/itm/318159102571?fits=Car+Make%3ABMW&_skw=BMW+F30+LCI+adaptive+LED&epid=15041386026&itmmeta=01KR3RWWYGK8416AEDGXE7SR7N&hash=item4a13c2a26b:g:6FIAAeSwhPFp4eWQ&itmprp=enc%3AAQALAAABAGfYFPkwiKCW4ZNSs2u11xAuuXKBYharKAWduoqvrourXp7fyPb8u6Dl6q4MJQI21uZQ3r5UX8E0Q8S2n0EKkcqivTRI8TRcn4hhQBydwUstiZ8rch9fu46tqwLtYperiDcC3KsdEjf84B2cttMFpF3dMvv62ZQx3OliOevFZDoQ93iQN6WTn%2FPmQGQrS0a6ea3M222fvjej1U0rZQ%2FQp9XthEo2jUV9l%2F5fH%2BXGxZ7jklGr2woXeOkBzrr1Tnrow2MtSPG%2BwqDnJOC3meItS91BffjYA9ZSvhZLHcy2EBgkkZfltNlQHpQUetzYTdRgqO6HSsSNxid8%2F4cXxtvgI4A%3D%7Ctkp%3ABk9SR-LP8_jAZw,single,False,True
BMW F30 LCI adaptive LED,BMW F30 31 3 SERIES LCI 2015 to 2019 FACELIFT FULL LED DRIVER SIDE HEADLIGHT,399.0,2026-02-17,Pre-owned,False,False,https://www.ebay.co.uk/itm/397541740172?_skw=BMW+F30+LCI+adaptive+LED&epid=20022456029&itmmeta=01KR3RWWYGTJBGNWB1C5KEA8VF&hash=item5c8f558e8c:g:9zYAAeSwmgJpeK-X&itmprp=enc%3AAQALAAABAGfYFPkwiKCW4ZNSs2u11xBP0Nn9ZEVr25U2LkBKxkxaxF1HOp%2Bu373y9pKMBWQsqoELpZ8LCaGqJqg9yeOvNS9E4h9VxOkZ6F%2BGMZ9C4zAS9UfJnCPUVgz3ftuEQwjAMNBfeQAnfe1scQhrRo4uCOCoguiuU3yGNjlwFkDKiTl5IZKRmTCjIpfcdNLtmmGa9Ok2x9faCi2zywMSfHPyPZdKByy16nMgSrcIgl3Dx1mEr7vlSJNlSPY4zampre8Heg2tGvuKAGaRSTDCpQBz%2BpQUIfWwL1M3B5dJePoDzjFJzheD0h%2BmFmisBAGUHHEMwwhoD0pAu%2B%2FP3%2B8LB7f25vI%3D%7Ctkp%3ABk9SR-LP8_jAZw,single,False,True
BMW F30 LCI adaptive LED,BMW 3 SERIES F30 F31 F80 2014-2019 LCI LED HEADLIGHT RIGHT/OFF SIDE GENUINE OEM (For: BMW),475.0,2026-02-22,Pre-owned,False,False,https://www.ebay.co.uk/itm/366167172141?fits=Car+Make%3ABMW&_skw=BMW+F30+LCI+adaptive+LED&itmmeta=01KR3RWWYHW97B17CQMN77AC0P&hash=item554143a42d:g:eeIAAeSwIJ5pA0fK&itmprp=enc%3AAQALAAABAGfYFPkwiKCW4ZNSs2u11xAgAisaV%2FKqHn5kiIJz47y8S4sJfmViOSLSK42JulHYTkF1q%2B%2BtJQrcdRpUEpUcdN7XL8ijT5EBtVsZDPYwZHx04EfBbe%2FW%2BLmX%2Fu6zyK9NUgcqHN2vurgOs6fucG05%2B4WmjZvWoFNJvdJZdjE8CS1mjYyjIbWvq%2BVevzQUJdurc%2ByCtZW8OmDDaOs17DvhswlNHXZPvupHJUUk7u3luLmzg7xkntLHqvAURGQVdavNlZREMY2dsW3ztBOcNXBCUOelmOTa7sA4jrCDqEJ%2BUXbxl6MG0zVc81xonpf5BdDgawH%2BqmDJGaDhDE74IJbnsn8%3D%7Ctkp%3ABk9SR-TP8_jAZw,single,False,True
BMW F30 LCI adaptive LED,BMW F30 Pre LCi Rear Lights Genuine Oem,100.0,2026-05-04,Pre-owned,False,False,https://www.ebay.co.uk/itm/146668365350?_skw=BMW+F30+LCI+adaptive+LED&itmmeta=01KR3RWWYHBWY4MTA9WEQ63H9P&hash=item22261da626:g:oEsAAeSw~x9oWaXO&itmprp=enc%3AAQALAAABAGfYFPkwiKCW4ZNSs2u11xBN%2FM%2BXv1HaP%2BxT7P11JdUNrwItYwO6H%2BNKlSCEcZYf75vBR5NnhWLJescpThUGYcsE1gD9gEhL5zJXnZDuK1jJzAgyMDHenHDuG62tKLxzLuwmNOTARVY%2BXU4JYxSTOPhZYRvo8fiTj%2Fu1My%2F2dcGpwVsPg2En1my65w0cg0yT1anRmYMUpSLidD5qZmZ%2FBGTsOIAhd%2FtRNa4upB9NKDUQH91jVqDqQdIy56qUgWCfjdYxkuoWOgZyE3xUv04GWB92XAQt%2BEzmPwMCspK4AzEFIQ8SlBfubqwyg%2BxGNs9SOm3lk9P5JaL6lq9BiT1jpsA%3D%7Ctkp%3ABk9SR-TP8_jAZw,unclear,False,False
BMW F30 LCI adaptive LED,BMW 3 SERIES F30/F31 LED PASSENGER SIDE HEADLIGHT LCI 2015-2019,414.7,2026-02-24,New (other),False,False,https://www.ebay.co.uk/itm/236622238110?_skw=BMW+F30+LCI+adaptive+LED&itmmeta=01KR3RWWYH1H3XB19G5RBSND91&hash=item3717c8d19e:g:qQAAAeSwstdphpwy&itmprp=enc%3AAQALAAABAGfYFPkwiKCW4ZNSs2u11xChl6BruBPGPJudM%2F6PuDYoFv7YgGt3%2BD0uNUuowRgKAY9%2Fuv2QEB1%2FcToxsgouP75GULqYGjD45neRkQGpGzZp8r6d7MUe%2FQI4LlROfD5o4V0S8R2NW0FupXtfwv2lB04mcWshtxH7RgWb4MVBcvFUrD7Wwir6d8k070Qxo8vAgpMhYG2NUpYjoeQ0PpjGAL4cUxSyq0CnUUsu%2F8kECaLklRgFUkV%2BLgfSVl2QYHofD3fQqJV6EcokCurF0WK5dBceWXMrcdvZ7e8TQHZM1S%2BhfoHJ9MlO9ImwbOT6WCEVZONcI33utbnYel1829TfurA%3D%7Ctkp%3ABk9SR-TP8_jAZw,single,False,True
BMW F30 LCI adaptive LED,BMW 3 SERIES F30 F31 F80 LCI SHADOW EDTION LED HEADLIGHT RIGHT SIDE GENUINE OEM (For: BMW),475.0,2026-05-03,Pre-owned,False,False,https://www.ebay.co.uk/itm/366167172147?fits=Car+Make%3ABMW&_skw=BMW+F30+LCI+adaptive+LED&itmmeta=01KR3RWWYHHQWJDZ91GGCSFD19&hash=item554143a433:g:W-0AAeSwMDlpCCrH&itmprp=enc%3AAQALAAAA4GfYFPkwiKCW4ZNSs2u11xAlsiGolH54vmDd5WF1EL04%2FXlb8tjoW6LUutWpuPXjYN0DhoqsBnnpQ%2BPzZpD7KuvAY84RgkJEoF7qfesu6%2BIZNNXAb%2FHm6ZdCM%2FmpKaSY%2FyEWbPRvEyZj3J%2FSvXRQlI1KvHWMEs8Mz9JaA9jyJ1K0TQIao9hY74KcHfIJlvzRA%2B8UUCDqb7RBGxN9L8y2tYpkzkqTJVpBoNKlfnEt3%2Fwta5BvH6%2FqM1nx1Il%2BSAkxQtEhIg8BoD4JOkQyWvuIg95z4jD8cAMh1fqDX34n4G67%7Ctkp%3ABk9SR-TP8_jAZw,single,False,True
BMW F30 LCI adaptive LED,BMW 3 SERIES F30 F31 LCI 2015 TO 2019 DRIVER SIDE LED HEADLIGHT 7453484 DAMAGE,129.0,2026-02-20,Parts only,False,False,https://www.ebay.co.uk/itm/397480431960?_skw=BMW+F30+LCI+adaptive+LED&epid=2235568319&itmmeta=01KR3RWWYH2AQSGJR15PK0E3J2&hash=item5c8bae1158:g:rSMAAeSweVlpVOY1&itmprp=enc%3AAQALAAABAGfYFPkwiKCW4ZNSs2u11xDQdJJKhK67nxeHPmJ%2FbOf8EK4xHDnGEUUDcONeSFJ4sctsS24sOWura6Cr5Ox%2BjFDnd6U%2BPC2XzdgrfonFqrMpEkS1ti1TDN9Vnz8FLOz4MBAzvJEoNIKe%2FFy30r9K1X1W1Pq3cQ78ZihDPOYqHyNyhSKTCIiEoPN67HfZRRgIM4S5vDpENLPuFMdhUrK1FstOwpU42TZmG5qDzfrdF9JFgmLMchIU%2B%2FCkbeSPP6wkNaFOSCqJV%2BmExOIOCJJvdlTOBiPW%2BW%2Fv7w8deKAAQoz2IUzXFUY0AsNFZhZausE7AlL1Tc0TUQV1Ch4vR3yEpuE%3D%7Ctkp%3ABk9SR-TP8_jAZw,single,False,True
BMW F30 LCI adaptive LED,BMW 3 Series F30 F31 LCI Left Passenger Side C LED Headlight 749894701 Damaged,80.0,2026-02-18,Pre-owned,False,False,https://www.ebay.co.uk/itm/317855888002?_skw=BMW+F30+LCI+adaptive+LED&itmmeta=01KR3RWWYH2RTY6V2XWJPQKF2G&hash=item4a01aff282:g:hf0AAeSwpOxpiKCw&itmprp=enc%3AAQALAAAA0GfYFPkwiKCW4ZNSs2u11xAI3IUZ7kJ4YF9uvZmQZTTEcgRN3paAOHtrLcsBhOh8EMsIY7%2B09tWvofhsmYNgv3VHOG%2BoeKe9iObN84Z5--ShFhL1RLtUF0542XC8Y7nSW3gMM1l98zxmUlQZmAo1EbirtoyABRir7%2BxgVN2n4ZJEhQNFhvaPuFxMYJN2XUrIIZpn60HM7c%2F22rFwQ4oLSMUO%2FkCcvfKul%2BshhxBo6E71JtdmQQSLxT1GA264hcHZumUWNf4dvJ78JXufgj41hVc%3D%7Ctkp%3ABk9SR-TP8_jAZw,single,False,True
BMW F30 LCI adaptive LED,Genuine OEM BMW F30 F80 LCI LED Rear Tail Lights Complete Set L + R,219.99,2026-02-08,Pre-owned,False,False,https://www.ebay.co.uk/itm/267563460281?_skw=BMW+F30+LCI+adaptive+LED&itmmeta=01KR3RWWYHQFSX8QNMRY48H5QS&hash=item3e4c0666b9:g:l7MAAeSwzxVpJvuo&itmprp=enc%3AAQALAAAA4GfYFPkwiKCW4ZNSs2u11xAQvx7NNRjmkRQQVTmqWf7pZyzZ4GKxRBU0UiUoEhAXjHgJz%2BcBCpPdEsQyCHmZUXBbk0l7Zu82QacrjA05%2FavGQ%2BcuOr6%2F4g0hWExV0opj0zjdT%2Fe8eRjhYh1Yt54%2B6Xh7rmsBXiMw1b3ahFCJBva%2F5CZG4ZVInnSsUYCHeqd75Cea1mceXIx5YC%2FxPFyC4Px3nTp6HnthFaBbt%2FUve4Wao2X8sGSX4%2B90D6jj46%2BI%2B2ylwz%2FgMRacGsX1Tykwl2hxTvaBJOEHvSfiyUIsqz0H%7Ctkp%3ABk9SR-TP8_jAZw,pair,False,False
BMW F30 LCI adaptive LED,"Bmw 3 Series m sport (F30/F31 LCI ) LED, XENON, left Headlight",333.1,2026-04-21,Pre-owned,False,False,https://www.ebay.co.uk/itm/389393875078?_skw=BMW+F30+LCI+adaptive+LED&epid=1025372681&itmmeta=01KR3RWWYHSE1MCGFFD7PYPDE4&hash=item5aa9af0086:g:oO4AAeSwi29pQYFy&itmprp=enc%3AAQALAAAA4GfYFPkwiKCW4ZNSs2u11xBVRJK2fyqX2We0aCWdiRVh9MZb3CiKDRWrFAo1l6TBUdlFSuCKuwLWsv41xXgFVTpG7jpFDiF2Rjinhmp4uwGzvx9weYYaAtNgzut7szs5TP5F7KNYEA7yy6G9ue6Cj0jGiGWzTAsulLRbe%2FZ98g7SIgUUr0PKvmd3IW1tsdvoGkTh%2BL1Vg%2Fmtx6Ua%2FtQCwjygD5F70jku%2FW44wHGKE1xWcUd00sNJiRugKW7VLjnCtPX4QvPcdrL2LhDRphQz8zj%2FmMq4TFrk5vF6lnr22Bp2%7Ctkp%3ABk9SR-TP8_jAZw,single,False,True
BMW F30 LCI adaptive LED,BMW 3 SERIES F30 F80 LCI REAR LEFT PASSENGER SIDE OUTER LED TAIL LIGHT 7369117,110.0,2026-04-25,Pre-owned,False,False,https://www.ebay.co.uk/itm/406241383904?_skw=BMW+F30+LCI+adaptive+LED&epid=2258399500&itmmeta=01KR3RWWYHKSK7XSSBR2CHY8GC&hash=item5e95df95e0:g:IokAAeSw~z1o1Xkj&itmprp=enc%3AAQALAAABAGfYFPkwiKCW4ZNSs2u11xCBAuw6oMVfsxB8kmj7heY%2FywbKB8lPn4hpQBp82k7MJIWBz8%2Fq0JvhLagcW%2BM9evxvWAJmhnu6kFqFojzYR7kN%2FgRX48w9ISKQZIvtf%2BfZQAbERgRGqgUaIbil41mv4kYaD%2Few56zn3Ibc0939hNpryYxWyi3ocnrT%2FPc9aHpCCZ4mJp1DBh3izRZ%2FDisFwoK%2BDl%2FSpLH0QmwHfS%2FL1bfNRrLrBwpOsZBBQ7URpwcO%2FAhBeDN4wxEOsmbIxtWy75J0yiqvOccBBwZQAMnPgOg%2BJnvwFjgdDrM7du1mXQ4IGayGzV3On1sSo6WQu0hIgRI%3D%7Ctkp%3ABk9SR-TP8_jAZw,single,False,False
BMW F30 LCI adaptive LED,For BMW F21 F20 LCI 15-19 Left Right DRL LED Headlight Module Unit 63117428425 (For: BMW),35.49,2026-05-07,Brand new,False,False,https://www.ebay.co.uk/itm/406906036313?fits=Car+Make%3ABMW&_skw=BMW+F30+LCI+adaptive+LED&itmmeta=01KR3RWWYH9WKXYT7D52BQ7VQR&hash=item5ebd7d6059:g:AkoAAeSwppNp-esR&itmprp=enc%3AAQALAAABAGfYFPkwiKCW4ZNSs2u11xAOxkOONCqJNSV%2BwArkqW%2BD8MAx%2BJRIVV7md6tSPFYye0ym4aw951eVipY0pXUT0Yk2MWxtpsyiXkspCsSN4b6RPEfg0fZaN44R5F1V%2F0NuvusrIIWauK%2F6H3I9MVGK71XLD7%2FCpqSNUE97xMI%2Fg1Y0MsiQjl1kUbRVEAVjB2rg8lltHmjsZZN5WH%2Fg1o1h0pyFybER2yS%2BEC03MYBw%2FbSBJfj8JYQ92omqpHUSg0QlhT%2BjdnEG7upywrTyZjVL%2F1QRspsV0ktwwJjgU3qE5fv6xuEt9RP2ngJUhwFstlprvTEH6MSLYYp0bSL6Vl7fHCg%3D%7Ctkp%3ABk9SR-TP8_jAZw,pair,False,True
BMW F30 LCI adaptive LED,BMW LCI LED HEADLIGHT (N/S) F30/31 2015-2019,516.7,2026-05-07,Pre-owned,False,False,https://www.ebay.co.uk/itm/389893596303?_skw=BMW+F30+LCI+adaptive+LED&itmmeta=01KR3RWWYHTE6MNZ85VMCC8C02&hash=item5ac778248f:g:U0IAAeSwGgVp35Mf&itmprp=enc%3AAQALAAAA4GfYFPkwiKCW4ZNSs2u11xDsKDMGvvYO4ts6PJUc%2Fp5Z20woXRf8ChjmCUE5TYqre5yiUyoPH8A%2FJnNn6tMY4yDK571G6cBrWyFCdAt2%2Fev1Pg1KR8Go4GGMXwW5wv5ZZmyprvWD8xQM2YCzs1S5hMEDJOnTqpRz3EzDdoaLm0SS3NJNR5q5nllfCRi9kCAobtseYEuM9A2SyqFPJNOCg6Jw7aTdOaow2k2awvUmt2L11EipuwIzqRM6ZMK7%2Bz%2FMtfRWGTwUxmCJyxdZK4%2BeNnKRnxXeEEhariOxPCuQfPwN%7Ctkp%3ABk9SR-TP8_jAZw,single,False,True
BMW F30 LCI adaptive LED,BMW 3 Series F30 F31 LCI 2015-19 LED Angle Eyes Module Set 63117419610 7419610,39.95,2026-04-09,Brand new,False,False,https://www.ebay.co.uk/itm/266577940722?_skw=BMW+F30+LCI+adaptive+LED&itmmeta=01KR3RWWYHERGTP6PSGVEKPDNN&hash=item3e114890f2:g:nLMAAOSwNGNlhHin&itmprp=enc%3AAQALAAABAGfYFPkwiKCW4ZNSs2u11xBouYrNNp56nM4voK20j62YF4RyaAaM0KhjNTbHj0p1rcIuEbgopTJYbflIaNQNa71tbnxYRZ8ZqgZCmBoFXiWcjnwaJVJ67ORCwigWR7oBY2CxAm0jzgjmc7uunanpJ1NLs%2BGfCBzFVk1%2FIYjMt4HNXDEelvbq44i1C4QivjGpnUIRjuUQ3YMqlzEb6jSoahmDNRwvoFFpHVUcPxdBXHvamC88zCNQg7X2aGR%2FMxJdbvQS9ID5H7u5MX1XyxljIXmB9qWldVuAEOPvj8Aw6UvBXfKR444ZaD3zTx6YQEIBMLI%2F1LnlyWgcbUTfOVm8MTk%3D%7Ctkp%3ABk9SR-TP8_jAZw,pair,False,False
BMW F30 LCI adaptive LED,BMW 3 SERIES F30 F31 PRE LCI XENON HEADLIGHT RIGHT DRIVER SIDE 7259544,99.5,2026-04-07,Pre-owned,False,False,https://www.ebay.co.uk/itm/397796896974?_skw=BMW+F30+LCI+adaptive+LED&itmmeta=01KR3RWWYH78KYRVT6V788SN9Z&hash=item5c9e8af0ce:g:O1sAAeSwhFFpz6y4&itmprp=enc%3AAQALAAAA0GfYFPkwiKCW4ZNSs2u11xDK%2B0IyYzDQ6oPR4fXPJXAzN02XwkHqV8lZNX%2BJluBb4TGILSQ0QA8mbnty6BcoPk11ucJ%2BM3dwlt6bn2wv4X6ZoZWHud2mVqME1Fnhg5adkUvX%2F4DDaxSJlV3WFr%2FcRJ0cZ6NNFM6K8zXrFOmLUl%2FqFZshpJfjVOyekrsgWMzgEOJ%2BawyT%2Ba7NRdPkQDDbqeWPQBOm3xvmNz3K6okdlRZ317vDt0OitoTnO4zBfPQ8ntrwHZQyjqvJV8fuOHY%2Fvik%3D%7Ctkp%3ABk9SR-TP8_jAZw,single,False,True
BMW F30 LCI adaptive LED,BMW F30 F80 M3 LCI Rear Lamp Light LED Side Panel Right O/S Black Line 7456520,199.0,2026-05-04,Pre-owned,False,False,https://www.ebay.co.uk/itm/157721738259?_skw=BMW+F30+LCI+adaptive+LED&epid=25036126533&itmmeta=01KR3RWWYHYN85RH0RXFQWD512&hash=item24b8f2bc13:g:7VAAAeSw~~1ppcUo&itmprp=enc%3AAQALAAABAGfYFPkwiKCW4ZNSs2u11xAY4mchGpgqnjG7Gp6Cew6a8mkBRXCvzsvjNvBKOzYek0I6WJKDuhpWh5fMClelgaWfwcf05Q6lYCAxs%2B5zOlavZMxFGc9uESJATKt0DHxw%2FsPEE5B%2Bk3Rx1YLlBbJrBnS%2Br5i%2BVID5tzBLKQr3WkH6PzmL1m2WVMLi4rDZDH6tz7c%2FEx6YhWI0SKPYlxJheEJXCdmpabqpsol5SamII01T5CNChtntEs4LVRhIqYVhDSbwH%2BaCXtN8QZrpPoBUrtQFKd%2F9Lr7DiwvAP%2BojIPM%2BSBLaUM0paZ35MVcx1YnKxpDFWf5B0xSDjeTJEjbkxr0%3D%7Ctkp%3ABk9SR-TP8_jAZw,single,False,False
BMW F30 LCI adaptive LED,BMW 2 Series F22 F23 M2 F87 LCI Front Left Adaptive Icon Headlight & Modules,899.9,2026-04-09,Pre-owned,False,False,https://www.ebay.co.uk/itm/406760708834?_skw=BMW+F30+LCI+adaptive+LED&itmmeta=01KR3RWWYH74D7PBS9NCHSPBS7&hash=item5eb4d3dae2:g:XaUAAeSwO1hpsxQu&itmprp=enc%3AAQALAAAA4GfYFPkwiKCW4ZNSs2u11xCPYxU7HLzDv2pMuj43deQQt0kt956QqsrNt%2Bcq3IRBRPVOEUFKwFJA4lcBCSDNKMLj%2FYeoYb%2FdKkx%2BFbvEHL41GE%2BcEADm9bc2Fa%2F28gwjgVyHO1sgQDc%2Fja2dPoT1p%2FvqpfXBygk%2BUUloPNT%2FXGGX2nBwRgUP4ou56D6yc0zhn2v8%2FCLoFtIOy35jfaOV7mkKnDv4frCsNEaew8vsetQvsHPJRuP9Qi%2F13RS1IrLVxuRMrS2CkrWvZitX%2FZr1KkfbPzofm3%2FJv0Y8KVudmhjZ%7Ctkp%3ABk9SR-TP8_jAZw,single,False,True
BMW F30 LCI adaptive LED,BMW F82 M4 LCI Headlight Headlight Assembly Lamp Adaptive LED Left N/S 7476213 (For: BMW),299.95,2026-03-31,Parts only,False,False,https://www.ebay.co.uk/itm/318084196175?fits=Car+Make%3ABMW&_skw=BMW+F30+LCI+adaptive+LED&itmmeta=01KR3RWWYH0GRXBW8YZXTMHF3Q&hash=item4a0f4ba74f:g:VwUAAeSw9w5py2y0&itmprp=enc%3AAQALAAABAGfYFPkwiKCW4ZNSs2u11xAL6%2FuRmWXP7JupTzGjk9h2FfwSLhVRaxYKiGbW4FR1Bbyb%2F46KMph5prP7V%2FXElwIZUi9Z3718QLe%2FONbzFA1t55kAtIyEBmVqOlnMAkDXo71ulSFQBQWYV58eL7Pkw9l1RO4JAFrlZTKKagOxLrAa1S0u3HRx7D0oxS9FiYR0uedX7XuPBDEmq1Haa8MxS2bSWZ6Hkze5kEGzZTFf37TVjkj3xvFOxvXizipwGE7EPlKinZ6Nhjq8l9%2F4xpsgt%2BN%2BbpzGnMFh1Q9rTPRPA%2B%2Br0Kc3kpMBLEs0mIY%2FK7cLLHt%2B1UJywkC8PohDHi7VE0c%3D%7Ctkp%3ABk9SR-TP8_jAZw,single,False,True
BMW F30 LCI adaptive LED,For BMW 3 Series F30 F31 F35 LCI 2015-2019 LED Headlight Control Module 3Pcs 12V (For: BMW),27.99,2026-03-11,Brand new,False,False,https://www.ebay.co.uk/itm/127693982453?fits=Car+Make%3ABMW&_skw=BMW+F30+LCI+adaptive+LED&itmmeta=01KR3RWWYHS7R82830GG2V0AVQ&hash=item1dbb278af5:g:e5YAAeSwjYFpl3DU&itmprp=enc%3AAQALAAAA4GfYFPkwiKCW4ZNSs2u11xCF%2B8QRAFGWTOPsmEx3b54k1qWSUxyWgDnd%2Fw%2BfAGAvhvXZHuI7qq0eu9e%2BwxhQMuzOoYsMlzWBwLd6n0PtEZ7Nu1tN%2FqaMpAf2c5VQZikPcBSOKLMx8CWdQp8E1RpsY2FvfHWZUlxK%2B3VMM5hphM9jp0zy%2BqJkzl87mD00bt8BZZIE6YgZnm2dvj2V7wzMkFr1AyfBD85H%2F4v18%2BrZCpEYXjiEtOon4CbHQWWrL63qO7eTTaPqHtxYilp3QiTgjCub92WRjcbGODE4ZLXC%2F1Rf%7Ctkp%3ABk9SR-TP8_jAZw,unclear,False,True
BMW F30 LCI adaptive LED,3x For BMW 3 Series F30 F31 LCI LED Headlight DRL Control Module Set 63117419610 (For: BMW),27.99,2026-04-02,Brand new,False,False,https://www.ebay.co.uk/itm/389811993041?fits=Car+Make%3ABMW&_skw=BMW+F30+LCI+adaptive+LED&itmmeta=01KR3RWWYJHS3N3Z2H5MJHCGET&hash=item5ac29af9d1:g:CLIAAeSw63Bpx~pV&itmprp=enc%3AAQALAAAA4GfYFPkwiKCW4ZNSs2u11xAcQqZmJ7T8w5wXRoA2%2F47R7356tdUlH8TDmQMP23pLv4%2BsoeTl9unkwHc3CRT0ViAwba%2F1%2FV5pQGl4IDi2szVUcjBcmGBzzjRsOimScrmEi%2BwYlsBQEav%2BZFXozlW130oQS6%2FyGVYWmJY7KwGOIdgNrrmtR2VIqlYquJAFKqLcwupnqqTfCXyVYhzL4tvyH2jC9lxabvnVylCkrhTbo2KdFPGT183abD%2FHB010eK8lvLjTkwE3vU7M1I77UJXmsKQTytqK7%2B1ir6Ya0jtzXVXp%7Ctkp%3ABk9SR-bP8_jAZw,pair,False,True
BMW F30 LCI adaptive LED,Angel Eye DRL LED Module For BMW F30 F31 LCI 3 SERIES 2016 17-2018 Plug and play (For: BMW),78.0,2026-03-25,Brand new,False,False,https://www.ebay.co.uk/itm/406103525532?fits=Car+Make%3ABMW&_skw=BMW+F30+LCI+adaptive+LED&itmmeta=01KR3RWWYJ01J6RFXZVBDB5DF1&hash=item5e8da8089c:g:H6gAAeSw20ZokF-U&itmprp=enc%3AAQALAAABAGfYFPkwiKCW4ZNSs2u11xCgViMl%2F1T%2Fwgb%2BFbS8FsXJkloLZRc4%2B%2FIvPypMuuxBZ8p0E7cvxGSlRGpLSmefcKHpgKQdr7gRSA%2B1AL9acuwm3da9L47zGoCphZPf8qJwvzEfGK%2FQNRBc%2BGHVpbW91irlASNx3QyeDu3l0DBH4qf6BqiahySZA%2Bn%2FvnyNsmc7D2ouCwJcoiQsyrc1ZMlYHelrMyhOnn%2FMbuygHApTIfdi9b6ZF0%2B%2BIaRgJr1hghq6oQyIugNSQ3AYP7rfIaKNSJUyh%2F2PepXNdmlFTluKmKTnvGXh3DD2e9OFKlECco2pYuLC4by8lkvxZSVRHg1S0h0%3D%7Ctkp%3ABk9SR-bP8_jAZw,unclear,False,False
BMW F30 LCI adaptive LED,BMW 3 Series F30 F31 LCI Headlight Lens Replacement 2016-2019 RIGHT DRIVERS SIDE (For: BMW),45.99,2026-04-08,Brand new,False,False,https://www.ebay.co.uk/itm/185535715871?fits=Car+Make%3ABMW&_skw=BMW+F30+LCI+adaptive+LED&itmmeta=01KR3RWWYJXDB6DYQRJAEMZ88Q&hash=item2b32ca5a1f:g:ngoAAeSwKsNpgXrs&itmprp=enc%3AAQALAAAA4GfYFPkwiKCW4ZNSs2u11xC327JHGS%2BPlK%2FdXRpyLTT%2BQpMWK%2BV9Ey7B9bIhN%2Bd010%2FVvaRcYVCQFSbWOpyU5WaBTyrazycqnzFN3Yd9Swd3ZnOJZ2CvGZ%2BTYvIQhH4bFGu2ZjsK%2FZhT0Ql%2FyCq7WTEqNRbSWLwZkoof5VqTpi8ecWZwPiyXwpQukq91QLw70ESCnvh0U3HvyVr%2BezFyOhkCqT2dNP5%2FjrB0eXFVeyUolarGFSl69xeWrjWEeGtduWG4PY1RggWRJhJJSXhFe2t8LjeZRSmOeqp6UJ3qknyY%7Ctkp%3ABk9SR-bP8_jAZw,single,False,True
BMW F30 LCI adaptive LED,Headlight BMW 1 Series F21 LCI 2015-2020 Halogen With LED DRL Drivers Side Right (For: BMW),189.95,2026-05-03,Brand new,False,False,https://www.ebay.co.uk/itm/296698160988?fits=Car+Make%3ABMW&_skw=BMW+F30+LCI+adaptive+LED&itmmeta=01KR3RWWYJZAYTTKG1QMRT1365&hash=item451496a75c:g:FToAAeSwEk1o9j0P&itmprp=enc%3AAQALAAAA4GfYFPkwiKCW4ZNSs2u11xCUZsrTlqapOI186eGGzpDwnegz5CTi8CJnSCP%2FYQHT9t53hByjXDcCbk%2FdW0Vz3K6FM12QFIHN9S1qPzCrpWkzSz42dx7Grht%2BmzMUa2XyM4Tdmcl2xeGs16kw4hqBgPc57ex7OhmQBnf9t82ooBj%2B%2FSDVmi4b0Cq%2FzT1%2FTNi7LJp4VYX4ACHST0yK5iE4S%2FC7FfFpaya6KGJkaMRCk%2Fhf8a8IL3f4p032kSQDOa%2FxnRook0%2F3r%2F00%2BGm19IVcgTaprJTxuLkGVHhi7JD3DKd2%7Ctkp%3ABk9SR-bP8_jAZw,single,False,True
BMW F30 LCI adaptive LED,BMW 4 SERIES DRIVERS SIDE RIGHT LED HEADLIGHT GENUINE 8738702 F32 LCI 2018 2020,250.0,2026-04-27,Pre-owned,False,False,https://www.ebay.co.uk/itm/178065703281?_skw=BMW+F30+LCI+adaptive+LED&epid=18034807601&itmmeta=01KR3RWWYJ2726VNQF99YMJBHD&hash=item29758b0171:g:MikAAeSwiJ5p5Uyy&itmprp=enc%3AAQALAAAA4GfYFPkwiKCW4ZNSs2u11xAoiAj7185mPbpcPKs8JsFLe0F6%2FlzJaRzX%2BiJHoh6UiZNKlTJp5JqjFGm6WDTDxKfScJDKdFNtBkh9KpQ3qtAPtnvuf8mqAaP%2F8jqyQLJ%2FLMFjimMb1idJquyyCbYj8Au4%2FMuO8J1iaiIVYOBSYnqnBFHfKMa7HNj7fnef98DvD1RLHDlaWxQGhLChnFeiOS%2Fqo9%2BSChlBDKuwFDXNPF84%2BsaEoKOwp4jcDMZoiZmFEqgSkhcTul%2BDs8IB2F4jccZGes1ZfZ9uiLQyH9kXiDO2%7Ctkp%3ABk9SR-bP8_jAZw,single,False,True
BMW F30 LCI adaptive LED,LED Headlight Ballast Control Modules / DRL Boards For BMW F30 F31 LCI 2015-2018 (For: BMW),27.99,2026-04-29,Brand new,False,False,https://www.ebay.co.uk/itm/377121290264?fits=Car+Make%3ABMW&_skw=BMW+F30+LCI+adaptive+LED&itmmeta=01KR3RWWYJBJ8X2S332R09DT95&hash=item57ce2e3818:g:H7EAAeSw3w1p4nBu&itmprp=enc%3AAQALAAABAGfYFPkwiKCW4ZNSs2u11xB1S8FfWoY3ChE3bVFHthj4aWpvod44UGwHQWZPdeF8VgzhzHoWU4Tuphp1J%2BFtELBXkLloXBTiZBpfUksQK0u025LS9ErRd2LLmxRcXeD0AiJL5BRSDUcRURILWs8QqHYpm1F5kItf11hY16usPk%2BESgYUPrFo3wTBTWftuyVhCwKSOhuDbPPUFm8eGi5FJgY5DP9%2FZxpB9pUG8RcnM%2Fq66mEKr2%2B28Ii6qa5BBiTN%2FvxytyVEoz6q3fJpTXoWmacypZ%2BJtdJ0VpB41pZnvXaLG44z%2BdNE%2Blo9bUgucP3UEhdkRBhQAkfvuFuJq%2Bhw1MQ%3D%7Ctkp%3ABk9SR-bP8_jAZw,unclear,False,True
BMW F30 LCI adaptive LED,Headlamp LED Angel Eye DRL Control Module Unit For BMW 4' F32 F33 F36 F82 M4 LCI (For: BMW),49.74,2026-05-02,Brand new,False,False,https://www.ebay.co.uk/itm/377102676527?fits=Car+Make%3ABMW&_skw=BMW+F30+LCI+adaptive+LED&itmmeta=01KR3RWWYJBBGKK7EVHSP2YRBX&hash=item57cd12322f:g:V7YAAeSwRiNp2PqR&itmprp=enc%3AAQALAAAA4GfYFPkwiKCW4ZNSs2u11xB9osjF6haqPwo6E3n8jwQvHNZ1xUrj6lC9jkcwodtncJkIyIIMfDWcP0J%2BNoYtI9sn08cPpKlz2keKUMrRGyaC71SXNHKEcYfjMGKUYceo%2FyoCTstq1%2ByY9gWlI6t9ypPFqa48Ik4hl0q6BtSYUZtWWI8abu%2FhbWjQkcnBY3QPwnp6tMOlS6iEtQNFEf9odI20eaJLpLoFtR6WqiPuQHyEauIC6q0Ok7SYkfXWrOLa5R4JIulOvO9VIM2lHAWFuIKWLVpwfA0pDXNTqhHJ0zQ9%7Ctkp%3ABk9SR-bP8_jAZw,unclear,False,True
BMW F30 LCI adaptive LED,BMW 3 SERIES F30 F31 2012-15 PRE LCI BI XENON DRIVER HEADLIGHT COMPLETE 7259548,299.99,2026-04-08,Pre-owned,False,False,https://www.ebay.co.uk/itm/277860785051?_skw=BMW+F30+LCI+adaptive+LED&epid=624218477&itmmeta=01KR3RWWYJQK1A54AGKP83W5WK&hash=item40b1cb1b9b:g:AwsAAeSwgGNpz6Ef&itmprp=enc%3AAQALAAAA4GfYFPkwiKCW4ZNSs2u11xCDhTk7XX11dlpPf6Dd9a5OLAIz%2Ba%2FQ0oQdDJlNspvuLmeh21ibi3YcR2SEZ1ht%2BDfht6alnhXR3ko%2Fozl1Ni9O732iuKBjBagNZCNix7bOnmWyDp%2F9J59r8tMMFinhj3vxvDAbSoqnsfSvYCKB9pDr2gjgqasIm2WMf7wOaAkG3igel2ufk8V8XmEr0Q7COhPGiAkHm0Eb3vMxAEznLE%2FbkDqt9D%2FaFJ7%2BvbsjjcF3CEifloAqMR0n%2Bxmn4HmAL9cvlUwQvoxu2sgxJHSANZVX%7Ctkp%3ABk9SR-bP8_jAZw,pair,False,True
BMW F30 LCI adaptive LED,BMW 1 Series Headlight Passenger Left N/S LED F20 F21 LCI 2015-2019 8739573,410.0,2026-03-19,Pre-owned,False,False,https://www.ebay.co.uk/itm/397727762408?_skw=BMW+F30+LCI+adaptive+LED&itmmeta=01KR3RWWYJ97JZ89TGKKDQYY4X&hash=item5c9a6c07e8:g:ek8AAeSwO6xpucVj&itmprp=enc%3AAQALAAABAGfYFPkwiKCW4ZNSs2u11xAeIrWEEw47kC4PVEck9y7WplD6k7b3vC7qz6EeRM5yYKzZMmIPuhF6od37zFZt%2BDA2iALiYy8NufoEiGd2SabosY5udiHZYMPCVMcFraXchaI8EHdzRGnKLWA17Maw8koelyqc2uPnTKxsJQxE1%2FvPSzH7Z0l7UwZywyNZtYr%2B%2BD425HnJV3upu3ThVC2Bko9wKe2%2FbYuzkiP6xupbqOHYpJzzTCtgfaCyzAUWS6ynCHzXF80TDr2ry4gsja5AzQcGYJwzQD2sM4BseZqOr3DD%2FDnPIUVf09bFoinepG5XgHO%2Bvhn3RZpQPqfk5jNnjAM%3D%7Ctkp%3ABk9SR-bP8_jAZw,single,False,True
BMW F30 LCI adaptive LED,BMW 3 SERIES F30 F31 F80 LCI SHADOW EDITION LED HEADLIGHT LEFT SIDE OEM 8492471 (For: BMW),475.0,2026-03-05,Pre-owned,False,False,https://www.ebay.co.uk/itm/366167172143?fits=Car+Make%3ABMW&_skw=BMW+F30+LCI+adaptive+LED&itmmeta=01KR3RWWYJGX3EKD6KD1CWP225&hash=item554143a42f:g:K0kAAeSwjPVpCCOl&itmprp=enc%3AAQALAAABAGfYFPkwiKCW4ZNSs2u11xAHShbqF%2BgA7s9ee5xt0RyEPXWJqym8tHJQx%2BljbJEyjwmx4IFXWxMo9ClCOz72CCNxZVtvayewhnq1Vqz3YME%2Bdtx8x3WgGuA5pQv1Cy0sAaJkdutONApHEyLiDnIbrDO92TKXRXeTiT49FMc95RMa9VzztPW3Yrts%2BsJsNZQwtWOjfi8A5n56%2FTP2Z%2FJ77PbIebVn%2B1dZdEL0ztgcg16CRH4je9LYDj93jvqoOI17TMnc%2FSg5Q67ExSKgVOXYL2kVg0OmyYTIJTRBe4mXE3k4nfw0gg1v%2ByvtJhD7ZisFuYSjpljcd%2FPIfQk511WAlzc%3D%7Ctkp%3ABk9SR-bP8_jAZw,single,False,True
BMW F30 LCI adaptive LED,RGB DRL LED BOARDS BMW F80 M3 F82 M4 F30/32 3/4 Series NON-Adaptive LED + APP (For: BMW),199.99,2026-05-06,Brand new,False,False,https://www.ebay.co.uk/itm/256776753024?fits=Car+Make%3ABMW&_skw=BMW+F30+LCI+adaptive+LED&itmmeta=01KR3RWWYK2W15721MNVHTK2G3&hash=item3bc9164f80:g:Pa0AAOSw4TJnfpxr&itmprp=enc%3AAQALAAAA4GfYFPkwiKCW4ZNSs2u11xBEH8TuY6648qLERwojpMRXd3FG7aONsrHUn39DmDQFnoCd0MjnhlwjaKMx4QKTpJ3PjAnECqeGhSYT3rM%2F9BJ0zK5iSSHw%2B3ACicISpu156GcsysJVkvaMUcXq5Ha8txh2QWYHFKjwTOXYdeUqw6wJvXoG%2FzCH6PfUx65e0oe%2FP5Z8iTxrw2h0qkbB3PdrY7Xnj3JLtflu7Wplot9JEeaUbwi1YvE10ijcTTzDqd2yO0F4ApyvggjjquKgsXrOubpN6zRrK%2FmwsT3TTZAbfgBB%7Ctkp%3ABk9SR-bP8_jAZw,unclear,False,False
BMW F30 LCI adaptive LED,GENUINE BMW 3 Series F30 F31 F80 Pre-LCI Rear Tail Lights Complete Set,125.5,2026-05-06,Pre-owned,False,False,https://www.ebay.co.uk/itm/147244973704?_skw=BMW+F30+LCI+adaptive+LED&itmmeta=01KR3RWWYK973PY1XS2ZPHEBTK&hash=item22487bfe88:g:aKUAAeSwJnxp09Ed&itmprp=enc%3AAQALAAAA4GfYFPkwiKCW4ZNSs2u11xAN2pKx60bkFsIe2SsmDnfNtUHcvodc3v%2FqgGqWyTx%2FBr4ZWn2O8QB%2BXZiXI6GefJIDh5lwHQAE88wGnm2awMECehcV070Xec0gASGHHEpqS%2FVc2kBiRpDn7a8aZMwVZN7GgWfI%2BPuQnOTG9VZwJoaKsLxePBfMLZ%2B%2BP8vl5baxtrK99V%2BFehLgB3J35XFVS74zQBpl2C5WQ23unmDkFPc47G4G5J1abixCOVaD4ZPPfB67vH3J1QRowVkBlksz4LpJOdtiFutovUXJ1u4s2TwT%7Ctkp%3ABk9SR-bP8_jAZw,pair,False,False
BMW F30 LCI adaptive LED,Headlight BMW 1 Series F20 LCI 2015-19 Left Passenger Side Halogen with LED DRL (For: BMW),204.99,2026-05-07,Brand new,False,False,https://www.ebay.co.uk/itm/146184016026?fits=Car+Make%3ABMW&_skw=BMW+F30+LCI+adaptive+LED&itmmeta=01KR3RWWYKA8S4DF6F7JNGTWGY&hash=item22093f109a:g:WocAAeSwCsFopFLz&itmprp=enc%3AAQALAAAA4GfYFPkwiKCW4ZNSs2u11xDrZinpCr7dL1bdlFIHenrWnZwymqSndFCQOO01lfg6QS5rDuvDCiRN7nTGFnoO%2F6CA22bFRjq7Va3%2BeK0AlAXNbojHozUZ5UOR5IBj%2B%2BWyU2RTxI7omCa1%2Bad3eMAW4oBZSIzdZ3NJC0TNcJBjNaWYTCMl4WMclOSFO1f5pMBa78OmAohWa4XlGaLocYSfjnpITB4DTRhdyXitdizX3UtvhWnduYves4DdnNYnPk9Znf3kPyIu10f4pPLcv6LkRcL1bne6YdmrP9Gsvt3SM5QB%7Ctkp%3ABk9SR-bP8_jAZw,single,False,True
BMW F30 LCI adaptive LED,BMW 3 SERIES F30 LCI 2015-19 H7 LED KIT WHITE DIPPED BEAM BUILT IN FAN CANBUS,27.95,2026-03-14,Brand new,False,False,https://www.ebay.co.uk/itm/287123901454?_skw=BMW+F30+LCI+adaptive+LED&itmmeta=01KR3RWWYKTWRNPAX6MEN7FTRF&hash=item42d9eb0c0e:g:dTkAAeSw5M9phM5p&itmprp=enc%3AAQALAAAA4GfYFPkwiKCW4ZNSs2u11xCqKkLvNMcoqLwlBiZlcgmliASFiye6AOFFAWY3IyYeQ32LszR34CR4%2B0XGt8tGUIwzDSuX1m%2FDteFulsrk5o%2BbiIckECaL%2FsLZzSK4jTy8q7YYxsnKZakt8qzeQGENvBh83Ql4PzbP3XPNgqQOr6Sh%2Fo5ZqycoJqzm2e6H2%2FmuF0fvWaSjKDs40GZUvfqgLBjsQQlR9o7mzXLTAjQr6MxefAQ1nc0sSBA1UsSXJs0xeCS6NjcQevvzFh%2BiWH6Y8AjQvlzl0A9yYFVGQ4IHgUGD%7Ctkp%3ABk9SR-bP8_jAZw,unclear,False,False
BMW F30 LCI adaptive LED,FOR BMW 3 Series F30 F31 LCI LED Passenger Headlight Lens 2016-2019 LEFT (For: BMW),43.62,2026-04-16,Brand new,False,False,https://www.ebay.co.uk/itm/227252380910?fits=Car+Make%3ABMW&_skw=BMW+F30+LCI+adaptive+LED&itmmeta=01KR3RWWYKFYHZ04783JDDGMJN&hash=item34e94c24ee:g:KcoAAeSwezhpsoqS&itmprp=enc%3AAQALAAAA4GfYFPkwiKCW4ZNSs2u11xDhnPFsM4FBZO1ILeruTPvRhM3D45zhQH8oUXmmS5Xnk5bkeSpK2YZukyHOi0BDpdzcLD%2FjKLpBtZde94p2RVrcaCFt1elv7ALArKW4clOB3IvMG6QDdzFCe%2FDRTXEezwjXGRpnjyy6WZYi8nf5vWlFkcqXOkyJ68wvf7hm%2Bldpp%2FtktwfQYAo2imGppmACw%2FT4Kjrkbc%2Bx2v9MoS3ZV%2FacbA9MwMZs4WUvHM%2F7uLTNuAhNNo7gXoL3GJhHkjExjqBUVFqvtI%2B8ijgEfsKBsbGb%7Ctkp%3ABk9SR-bP8_jAZw,single,False,True
BMW F30 LCI adaptive LED,Bmw 3 Series F30 F31 Lci Headlight Left Side 747130703,414.7,2026-02-23,Pre-owned,False,False,https://www.ebay.co.uk/itm/117019163738?_skw=BMW+F30+LCI+adaptive+LED&epid=9006331407&itmmeta=01KR3RWWYKNHS3APH62VZQVJ9T&hash=item1b3ee2bc5a:g:Ea0AAeSw8GNpg6Y9&itmprp=enc%3AAQALAAAA4GfYFPkwiKCW4ZNSs2u11xCl1Bdl1Efh0L7aXnmR3u%2BcFJ7v8ftxgDbR5O8veX8GxZW53EXsRX4iKjMJUKmnsihneQqnK9BV4nvq3sxHhzml32YIGOwUdGfJ9uXmDXCDFZ%2BX3DZV2NE31Mi8ed4wMXXtLs4L9beEpZoLYuOrUDIEJ78RHnQvmbrsw1crr%2Ft6QKkuV0iaqQ7cq2WMz0cY8vOtqFWR2eA15X298t4hCJ%2F5cUffWMQcD480zLzY%2B7orG6yEK5w2HWPSUx0kT2Cjdfv10rVgWNQ2NmOCOI%2BiumXr%7Ctkp%3ABk9SR-bP8_jAZw,single,False,True
BMW F30 LCI adaptive LED,GENUINE BMW F30 3 SERIES FULL LED DRIVER SIDE HEADLIGHT 2016-ON P/N 8738714-02,291.9,2026-03-31,Pre-owned,False,False,https://www.ebay.co.uk/itm/389668752192?_skw=BMW+F30+LCI+adaptive+LED&itmmeta=01KR3RWWYKB34AE9QQC0A0V53M&hash=item5aba114b40:g:HU0AAeSw0oxpnyh3&itmprp=enc%3AAQALAAAA4GfYFPkwiKCW4ZNSs2u11xCG3h8RzHs%2F91uchfqi3%2BIcUpW4I8KPCx4133guegSLhRJIqBgQuPWV6kwVXZKEF3fF%2Fh17nk%2B82fbRblhAlpi7s518X5dIfJOTPSENRaO6TXtdtbH8nuSxBvRvspbLZ8WVdtgwaTVmeCP6sDsqkFfIuQ58Akpm1LRpX9Z38uJFa5ketpLtc4R1HtgPcWcvwA94QCP2gS35oRI12NLYTpbyL%2BGLQcGUeZ2X8WLSVa6P8gUhoI%2BDmnSyyd9OhuN1%2FGckDtB3m8%2F2cYbo47e6L8u5%7Ctkp%3ABk9SR-bP8_jAZw,single,False,True
BMW F30 LCI adaptive LED,6X Yellow DRL LED Boards For BMW F30 F31 LCI 320i 330i 340i 320i 328i 2015-2018 (For: BMW),36.99,2026-04-30,Brand new,False,False,https://www.ebay.co.uk/itm/127425338579?fits=Car+Make%3ABMW&_skw=BMW+F30+LCI+adaptive+LED&itmmeta=01KR3RWWYK3NQD3BFHR7WJCNQW&hash=item1dab245cd3:g:NdIAAeSwsq1o6i1o&itmprp=enc%3AAQALAAAA4GfYFPkwiKCW4ZNSs2u11xC8qdQYpilnMpvixOZN08OOMSxSgBfITlYV8pTLkeBX1BpaTYhZao5pX0ISfL4MIonCaC%2FgulS5MaeAHw2YMv7Y864UxQTQ%2FLg9t%2BGPsYa%2FBFIbP5D7SFePfOfMK%2FYm9rIyqiEBFBILnfm5Mli8cp3ijrg8xPZPwGR1qCkoK76OjfHzASfIZtVrqOLujLmOs0oDHRmN732NxJTHJSpZtt8HBjgmazh8EyV3CmUgzIRPKg9xPVVLHDLfDlhpYS7sUEfEl48%2BnKnaTYcVQy3SxgBw%7Ctkp%3ABk9SR-jP8_jAZw,unclear,False,False
BMW F30 LCI adaptive LED,GENUINE BMW 3 SERIES F30 F31 LCI RIGHT DRIVER LED HEADLIGHT 7453484 2016-19,333.1,2026-03-19,Pre-owned,False,False,https://www.ebay.co.uk/itm/267607829970?_skw=BMW+F30+LCI+adaptive+LED&epid=910723417&itmmeta=01KR3RWWYKAJ5WR3A5608JBD32&hash=item3e4eab6dd2:g:eu8AAeSwDwJptr6H&itmprp=enc%3AAQALAAABAGfYFPkwiKCW4ZNSs2u11xBJxb0w6nuT7gqeS3vcz4O%2F7aKssEVYm%2Fp6fg5d%2BO6R5MnEjYwx6wVXPwb3g258H0jSiPwEwOoeN3dusdwNQ5Pn7xkG9capnVPEDN8QGbJg8LGxyQeQYXVDP%2FSx2jczjSC94Uld9RiG5Br33krlLy4miEObWOeZzjUbVPObNpEuQvEmU%2FuW6CU6n5eWOIg2dNCDKPxFWcCKNfbEwEcrrRlbI8aXNygdJt%2BEeTj4n7WSB7GT15%2BU0L9V%2BESyV3Za4gQjfY0Mipr6EWI%2Be19Jf%2BFybUZxzkNpzrIoohLM%2Bq7MTfd1sRsZHq1kDLQlO--q51M%3D%7Ctkp%3ABk9SR-jP8_jAZw,single,False,True
BMW F30 LCI adaptive LED,BMW 3 SERIES F30 F31 F80 LCI LED HEADLIGHT RIGHT/DRIVER/OFF SIDE GENUINE 7498948,400.0,2026-05-04,New (other),False,False,https://www.ebay.co.uk/itm/306915292329?_skw=BMW+F30+LCI+adaptive+LED&itmmeta=01KR3RWWYK4N1REAXVF3A29KYG&hash=item477593b4a9:g:FyUAAeSwmH9p8ec4&itmprp=enc%3AAQALAAAA4GfYFPkwiKCW4ZNSs2u11xDXmhilmoc%2BzsY1B2txUnaWZtgVV2JXeI%2FsoOHZg0atU5jxY45ncYePzjSG0NkQp%2B8tR9WKrqWtYuqvWow%2FLlCGt5yJ6wuZSv1VQWZXp3r%2F%2Bv2JMJBpWJWXPllKylzqNky3y6nJls3TahGuIK4GvHi6lFE0Drdj%2FgRi3PWuBnTU9LMVLf2SLa0V62vcWKBn6QlTXRrmpw5uL%2Fv7mZ3KVsehC8gLpNDib3dp3AslvZ6Hq9uPQpq5ynMxbP4wOS8ptemPijL0wnbgRRV4Q6j8wX4m%7Ctkp%3ABk9SR-jP8_jAZw,single,False,True
BMW F30 LCI adaptive LED,Yellow Angel Eye Drl Led Boards Kit For Bmw 3 Series F30 F31 Lci 2015-2018 6Pcs (For: BMW),36.99,2026-04-24,Brand new,False,False,https://www.ebay.co.uk/itm/127651385815?fits=Car+Make%3ABMW&_skw=BMW+F30+LCI+adaptive+LED&itmmeta=01KR3RWWYKQNV1A20EJ2DY00QS&hash=item1db89d91d7:g:ofUAAeSwnM1pemyE&itmprp=enc%3AAQALAAABAGfYFPkwiKCW4ZNSs2u11xCfk0fBaVuDDhjm53USlJnatm806KSxpK8NGH29p8%2BjKv4pEzb%2FzHWni6h%2F6zlLZgfjAasPRzqXFHq%2FRt%2BvKQg3m0vnV9t35tkNaJs02VRLwI0Lke9pZx9w2JbnfbGupS5TVwJLs%2BRJhl9PF8VOParanAnmFDZ%2Bmn7k%2BDDiDi48SISnfEZwCI2Kq%2FzatFrF1kTLcVq6FDWms7fHi73XdWSFHICAfD1xU3Zk0gRw1RoCDYBF3BzxAmihAECMgfnycfLAArW%2F2G0OZmAQpAqfKM2Wv97%2BreaB3hYtgYia5PxnwiAY6D7wnhy3gdoR64QDY6Q%3D%7Ctkp%3ABk9SR-jP8_jAZw,unclear,False,False
BMW F30 LCI adaptive LED,BMW 3 SERIES F30 SALOON PRE LCI REAR OUTER LED LIGHT DRIVER RIGHT 7259894,37.0,2026-05-05,Pre-owned,False,False,https://www.ebay.co.uk/itm/157830049821?_skw=BMW+F30+LCI+adaptive+LED&itmmeta=01KR3RWWYM32MMJGZ49WBKQBNX&hash=item24bf67701d:g:SwEAAeSwzp1p3JvY&itmprp=enc%3AAQALAAAA0GfYFPkwiKCW4ZNSs2u11xDhnmSG6r%2Fvzronl6AwXnuPLmjJOGgcFi00lfmGNYSVRYwxKYFmPvaRJGaiGIcoCtaspVEVFqZkKlhvVQPdTTipSCgESkDEXX7maiCGEsUa9hF%2FsQSVjhreQ6VMbZonTTmjrWtW8Y3VayrEaN4insV5I4vTPiYQe%2FRDJpnpJuNJmtIOlCv9Blb%2Bu97u8Gvk0ayNwm4rZuDRNVSwGGZjcc3nqW9SPMDO%2FlzfMkRLdjG%2F56t7igdkQ%2FGoZbTBfuCQDEI%3D%7Ctkp%3ABk9SR-jP8_jAZw,single,False,False
BMW F30 LCI adaptive LED,BMW 3 SERIES F30 SALOON PRE LCI REAR OUTER LED LIGHT DRIVER RIGHT 7259894,37.0,2026-02-26,Pre-owned,False,False,https://www.ebay.co.uk/itm/157657596171?_skw=BMW+F30+LCI+adaptive+LED&itmmeta=01KR3RWWYMBAWMP9SK7XGHC61V&hash=item24b520010b:g:X6IAAeSwoRFpglbh&itmprp=enc%3AAQALAAAA0GfYFPkwiKCW4ZNSs2u11xDItYrjVUm0JhPOHs88vNzreCCk3WtVs3%2FufgfHvfp90iAE5vVTukAh%2FRq0U0%2FjzGiPTgG62Wm54JNdN1eSJ4AXml9N5bDr8keRadDp4btXC7LsJtnNoq%2FwJ9OT5h3NzfuAu3Fyl1FZo0hlHqzivpGnqFpSKStwOFk%2FwgEFUX9OD0ukti6D9gVJ0CFmZchd9Zhr6OG%2FzyiZ1wTIkQF9QwnxZwgcXV89wEsqE11kbRnLiMbU2oKEBd8PEzWErebYa4s%3D%7Ctkp%3ABk9SR-jP8_jAZw,single,False,False
BMW F30 LCI adaptive LED,BMW 3 SERIES F30 F31 F80 LCI SHADOW LED COMPLETE HEADLIGHT RIGHT SIDE 7492612 (For: BMW),599.0,2026-03-04,Pre-owned,False,False,https://www.ebay.co.uk/itm/366167172105?fits=Car+Make%3ABMW&_skw=BMW+F30+LCI+adaptive+LED&itmmeta=01KR3RWWYM4DFE17ZD90FTX24B&hash=item554143a409:g:W-0AAeSwMDlpCCrH&itmprp=enc%3AAQALAAAA4GfYFPkwiKCW4ZNSs2u11xAZXcThbOmIt2Jkrw3uDatn2lis3rDxl9ZR%2BUxrp3BAUad3X%2BVS6AW%2Bg1AwKaI4b0sf9OAvjPkOYi0a4Rd42hwOmtqCJrl4BwIx0xeseP7CoU%2FXJkJAPxSd%2Fd%2FI8VFrDc8gHn0pPOZ1TvYXs5c1yG77S%2B8TP5cQJQTEgw1c6fdhrpzpzQoCp%2FKnHGGVXOzdxFZ%2Bb7IMvjb6CN8opn2BhrtdV6oJ%2B%2BI3FWBMgsuYfwrrTCxwmlX7827BmbngID2RY42vQT44JJvyG2Fxt%2FMKw36V%7Ctkp%3ABk9SR-jP8_jAZw,pair,False,True
BMW F30 LCI adaptive LED,BMW 3 SERIES F30 F31 PRE LCI DRIVER RIGHT HALOGEN HEADLIGHT 12-15,69.99,2026-04-20,Pre-owned,False,False,https://www.ebay.co.uk/itm/157835240032?_skw=BMW+F30+LCI+adaptive+LED&epid=2093198872&itmmeta=01KR3RWWYM7RTWSN2BTFBSJV4A&hash=item24bfb6a260:g:mvYAAeSw7kpp32cR&itmprp=enc%3AAQALAAAA4GfYFPkwiKCW4ZNSs2u11xDCs7YMpzx%2Bt9tRD%2BPN2nSmUeZjXv3JhZDTCSaQwmYtb504EweGP1F6Vbe2tBAS1rhWAtpFnNXREuE0w5%2F7IeoEKbAVkGJ2Lb%2F3IVw79z2iQP2ggThPn%2FWmRbWa51aa41J9Ik7h09W%2FkLpapNNTXmyn77J5T7ctwwkt8PSkryFIEC3LW0k2%2B9CmfOOCOEtfNpx6ZYCA%2B1BE2h4dbmPwImCIj2jCLKKji1jd%2BRfk1SN8l70km8DWigZU4MSztKZa50FkZVQQaQANuo56fbfdf26s%7Ctkp%3ABk9SR-jP8_jAZw,single,False,True
BMW F30 LCI adaptive LED,BMW 3 SERIES F30 F31 PASSENGER LEFT FRONT HEADLIGHT PRE LCI 7259539,99.0,2026-04-20,Pre-owned,False,False,https://www.ebay.co.uk/itm/157835190359?_skw=BMW+F30+LCI+adaptive+LED&epid=838132545&itmmeta=01KR3RWWYM4W2A90K0T2WAT0S9&hash=item24bfb5e057:g:HpEAAeSwvuZp32Mo&itmprp=enc%3AAQALAAAA0GfYFPkwiKCW4ZNSs2u11xC0jn5DhVilk8j%2FdKNR00QHzUzeieWLq1vrIViv6%2B4nQ9wzIEBnFYlSHuRCJl6IbiFcGqeiZ50cROZjIbYV2efUV%2BpPi92RIEopf2Zhx1lbJrnW1fjR5xLec3YD%2BwM3lpei8iY5fOYH2DzSjhow5fYHJU8z3bxekp0JFy2AeIBmY5NWoQ3Zd6xA--nKEolTLlROGl1MuKv%2B6birNNS6oyrN9pJM5bDcFdS2JRlsj%2B5FXDYRh%2BXJp6%2F4Rz2vrztVO78%3D%7Ctkp%3ABk9SR-jP8_jAZw,single,False,True
BMW F30 LCI adaptive LED,BMW 3 SERIES F30 F31 F80 LCI SHADOW EDTION LED HEADLIGHT RIGHT SIDE OEM 8739562 (For: BMW),475.0,2026-03-17,Pre-owned,False,False,https://www.ebay.co.uk/itm/366167172104?fits=Car+Make%3ABMW&_skw=BMW+F30+LCI+adaptive+LED&itmmeta=01KR3RWWYM8VRG82YRG6YRRE1G&hash=item554143a408:g:W-0AAeSwMDlpCCrH&itmprp=enc%3AAQALAAAA4GfYFPkwiKCW4ZNSs2u11xBVCN1vqW55zR%2BEaWUZHVZDC%2Bs4QkZCK2EHS7y%2BavZF%2Bhnm7deHDrdZoa8glTbIPCVxyBgJBGjTcoJVLGsRkBC%2Bzk%2FEin6vaT2FHyXseziGCWuWvoBFiW2lrP7TpqoRDegOVso48K8rfRalMd0LhFfEM95XQNIsB6BrXsgJ7%2FEe9xsh%2FeeCkx9fTG5Yx%2FCFasNBbLLb1qMok0q1vclpfN5hUoVkg4PQLu5%2B1NvL8oDUNhOxg%2FU8X0WuLphctdO%2B7SyYceNsWgUQzSW53gBiDotf%7Ctkp%3ABk9SR-jP8_jAZw,single,False,True
BMW F30 LCI adaptive LED,BMW 3 SERIES F30 F31 PRE LCI DRIVER SIDE RIGHT HALOGEN HEADLIGHT 7259540,84.99,2026-03-10,Pre-owned,False,False,https://www.ebay.co.uk/itm/227246762703?_skw=BMW+F30+LCI+adaptive+LED&epid=2093198872&itmmeta=01KR3RWWYM7D3PVNMARQ23BC9P&hash=item34e8f66acf:g:W9UAAeSwmeNpqW6m&itmprp=enc%3AAQALAAABAGfYFPkwiKCW4ZNSs2u11xCDjgUZ72NJRY1fUtcXH5szrW7wHrpTXB7Dd7MmFmfJ%2F9Xy%2BsBmWBwX%2BRPDNB5H6Cr7iV7z9DGiiMHJCL%2BRXYd4wP5%2Fq%2FVBWxVpx%2BXmbZWb12zn%2Fg3c30A4agiSCuSiHP4VcYG2y6fD37EdXRZqsx267FWnyb%2B6rrGjr%2FQzNKmON6Pri5NbBULFby4iuQXcYuWip1VVmpemVpYhlszA4tbvhikCqvbiB--lU5us2F1pVbmMp47VeX86trwfX3iBvt2pALzT2Z69PpO882J3fOnag4YHuGDchJP16tmo0K5YtusiGTqn271uH88OIT9CWWs%3D%7Ctkp%3ABk9SR-jP8_jAZw,single,False,True
BMW F30 LCI adaptive LED,Dynamic LED Wing Mirror Indicator Light For Bmw F20 F21 F30 F31 F32 F33 F36 E84 (For: BMW),16.91,2026-05-07,Brand new,False,False,https://www.ebay.co.uk/itm/405231254519?fits=Car+Make%3ABMW&_skw=BMW+F30+LCI+adaptive+LED&itmmeta=01KR3RWWYMRZF1NTMZ1HNYVEAE&hash=item5e59aa3bf7:g:2D4AAOSw3wZm5lDc&itmprp=enc%3AAQALAAABAGfYFPkwiKCW4ZNSs2u11xA9af4PFgC8SuyokwLMWjdWmtWRVFXrOGWQHiwYSVNwWaJd4%2BZfuMGjikbLPvc7qH54q8%2BqnXL3M%2BDmbvlseoHrUYrV2HmDrFt6xS9HQ8PuS1pC6%2Bvc1LeUPeenfYUilfZt8CYOcd%2BEXBxOxcITQRPMAd0oRm4m%2FXrcsLeis8aModMK9nw3oEDUtlGrFX8wt9R0--L41wDNhA%2B6zkf1U23MHnU5zxskPDA20mAL6b7Du1dKx9MZiT4WNPRVlqcjAbsbS%2FqLXh5RT%2B0eOpThx7Sqxim375DIsOiYjE%2FVxB7bhNtV80xKcSyFzUHST4QJdk0%3D%7Ctkp%3ABk9SR-jP8_jAZw,unclear,False,False
BMW F30 LCI adaptive LED,Bmw 4 Series F32 LCI Right Driver Side LED Headlight 63.11-8738702 Genuine,300.0,2026-04-23,Pre-owned,False,False,https://www.ebay.co.uk/itm/336529101607?_skw=BMW+F30+LCI+adaptive+LED&itmmeta=01KR3RWWYMG6533VA5YDT3EPNQ&hash=item4e5ab29327:g:qDMAAeSwzJ1p2jFE&itmprp=enc%3AAQALAAAA4GfYFPkwiKCW4ZNSs2u11xBfcc8%2F01FOPfkJGm2Heu5jPEeKP5QzWEgrSqxoNh72KbPLrmJV0q9ZX%2BhsQpu%2FRsxuWmFRo8V0%2Bhk7Oj7oR5AAFrl%2FEs1qL3skuYJbBw6AN%2BGyA7XKfrm33eBZ8ZXj2k3xCaAZDlDy2%2BzxPV9fixV81U0CQnQfR1OVgFQuRY1MNd1pWp7H9ayVaGZSsNrn1C948QdmdzlnFVC8zwfWNDhQ8G%2B9Zii4R7ebQ6uQMY6wp%2B56IE1m9U%2BOoznFOhV4TK2tk06dQ2Ogoa5lPaTHVnkd%7Ctkp%3ABk9SR-jP8_jAZw,single,False,True
BMW F30 LCI adaptive LED,2* 63117428425 LED Headlight DRL Modules For BMW 1 Series F20 F21 LCI 2015-2019 (For: BMW),28.0,2026-05-02,Brand new,False,False,https://www.ebay.co.uk/itm/389409676012?fits=Car+Make%3ABMW&_skw=BMW+F30+LCI+adaptive+LED&itmmeta=01KR3RWWYM2K95T0TV3F5C7H7P&hash=item5aaaa01aec:g:t0oAAeSwgE5p8rUo&itmprp=enc%3AAQALAAABAGfYFPkwiKCW4ZNSs2u11xAnMy9u%2FKJBsQeC3yPsxNjyC79fbZCQW%2BHlMWyiEpoAeLQYpToMSYtsSbaPLzpa6Sy41AE%2Fomz%2BER4MUdBkeXnOgXBEW32Ke8cxGV%2Fc%2F0k%2FkyY4U4t86Ri53adkLZgJCCEowefVccxN4pAuiHtMRmCDZqji9WRkgB1dmxzMjjVddU9ZAYclmkbo7dIDHdFBlo4qffS6Ao3q%2BxvusL0dO8l%2FvcgTBpPuZlVAUCdnucth%2BirbMip0sl5G4Aa38OqsMLBG7mN11WvpAm4seapOInETpzpi2Ilj5YIKHlNI0stREkWHAauIP7oVMW20Q7ipxnw%3D%7Ctkp%3ABk9SR-jP8_jAZw,unclear,False,True
BMW F30 LCI adaptive LED,Yellow Angel Eye DRL LED Module New For BMW F30 F31 LCI 330i 340i 320i 2015-2019 (For: BMW),97.99,2026-04-12,Brand new,False,False,https://www.ebay.co.uk/itm/396638827630?fits=Car+Make%3ABMW&_skw=BMW+F30+LCI+adaptive+LED&itmmeta=01KR3RWWYM5HBP4T12JZ6MBVXB&hash=item5c5984346e:g:DBcAAOSwOHNnNKLT&itmprp=enc%3AAQALAAABAGfYFPkwiKCW4ZNSs2u11xCcr9MvG%2FHWjvAvAz48AEFUMacgjI9G014CWRbBJgfTCyV0MHuXAa1kYKbwROmfgJmEkadiTy0r3qB6mghT37Fu8flTR8z5IWAL0M2n2K0BrMsFYTDnXVr5MBMS8Uz%2BwDiSJnDtgBLrqEE7t%2FkrzMFHt4TKgqoyfGfd5Yn%2BCa3kAmkR1ULaFCZ3RdbzZfzvbOMRKHnCtJzR7ME%2BFBf7v%2F3X1sdk1rCc7WV2oaqGKO7Ryt%2FnbRm3%2BbLXXUly%2FA7vPz9SuMgp1b1t7AMrONxc0zLao%2FnXFh3jgKo7T3cx7zGeJymG5MmWLDq5z6PrWkvk4o4%3D%7Ctkp%3ABk9SR-jP8_jAZw,unclear,True,False
BMW F30 LCI adaptive LED,BMW 3 SERIES PASSENGER SIDE LEFT HALOGEN HEADLIGHT F30 LCI 2012 2015 GENUINE,90.0,2026-03-06,Pre-owned,False,False,https://www.ebay.co.uk/itm/177788348724?_skw=BMW+F30+LCI+adaptive+LED&epid=20026008376&itmmeta=01KR3RWWYMMZ18JN7T6DZT30J1&hash=item296502e934:g:m-UAAeSwPjVpaV5T&itmprp=enc%3AAQALAAAA0GfYFPkwiKCW4ZNSs2u11xDeMJKQ0nwRH3n%2FH7BNN%2Fa0OSL7YJXeMPE8DhyDRLCHUIMXFtZr4vTc2ugXfqCQsTbqtyoWYdPfpW6VLc8kEVEhUvhlW2ELZVLBjpuHsov9s3S31tsc1yCQ80osxQ%2FBtoSm6CQaymrvDTLKsl9SRmHuzaQslWfdAG2taHdxQygGhwUmnd2JJCiSxZYOI6vVMAUhFhBtKb7sg8pV78ZYJif5lKbtW5DLbOD6OpzzK8Lo4iiMADscWI7sF%2FDWKUUYYxs%3D%7Ctkp%3ABk9SR-jP8_jAZw,single,False,True
BMW F30 LCI adaptive LED,BMW 3 SERIES F30 F80 LCI 2015 - 2018 PASSENGERS REAR LEFT LH LED TAIL LIGHT LAMP (For: BMW),129.0,2026-03-10,"UK SELLER ✅DHL ✅ WARRANTY ✅ F30, F80 LCI ✅ PLUG N PLAY",False,False,https://www.ebay.co.uk/itm/157456828793?fits=Car+Make%3ABMW&_skw=BMW+F30+LCI+adaptive+LED&itmmeta=01KR3RWWYMEBBWZ0AFB9SEREGW&hash=item24a9288979:g:gVUAAeSw1r9pE1JN&itmprp=enc%3AAQALAAABAGfYFPkwiKCW4ZNSs2u11xDLLvufqK7pp8plfzHe40fYvD5sPvb9I3yx9k6fksw8uPO0WaUxfw%2FonuDBGALb7YhNkDjLjkHSbzQt%2BljUmEKk9y3gY%2BJZQtGVb5yCbbhi%2FVHpBhO8p39ACToz33%2FI30ahMVdnw3yQzEpVKqDVPiIinqUoRpi5OWO9ttrFrzH9gyyNc2W1AuVui4k6Zp258G1CWX7D%2B0JzbThKA9Tp9j6c0Fo85poxHY%2FCKvbHfS1RWqbynB1jFn7Kg9CIfkZqdCF307sSLxfypO8nzDwrz0b%2F0TExMzVy7AnaOYe4zGcd%2FbpxRPNfqYJw99DQRonEtJ4%3D%7Ctkp%3ABk9SR-jP8_jAZw,single,False,False
BMW F30 LCI adaptive LED,BMW 3 SERIES F30 F31 F80 2014-19 LCI LED HEADLIGHT RIGHT/OFF SIDE COMPLETE LIGHT (For: BMW),599.0,2026-03-17,Pre-owned,False,False,https://www.ebay.co.uk/itm/366167172096?fits=Car+Make%3ABMW&_skw=BMW+F30+LCI+adaptive+LED&itmmeta=01KR3RWWYMBHFQXST4JF3094PY&hash=item554143a400:g:eeIAAeSwIJ5pA0fK&itmprp=enc%3AAQALAAABAGfYFPkwiKCW4ZNSs2u11xA%2FVYsyXTHntYMKMp1Sf9ey%2B%2FY5FTh2YJkl3PvFcBwYR0k9xuIxIyQfOoEB8nbXU3GcH76swmVXwBZNBFrfuIXEdnavKy5z33IBGzR%2BmFUKmCEfCYTFXLrbhyl0eZYVKhiAsdL9sw%2FevuRdWG7aQEZUyQ3ks%2BIrpqddcIDTUFsv08Qpl5Qeda9k45nu2M4W9qyOh2uxw6iQwNdZIYXrVkJNyULECMiIf1DfAVXLMkOBjttDMmQQ1ARAn01ZC3ulLyG4ws%2BUGsdA4%2B3h5spjmMz2JRr5QI4XR2%2FhXxUqMmlgyFGwmXsXfJnK3iKNX3oltRw%3D%7Ctkp%3ABk9SR-jP8_jAZw,pair,False,True
BMW F30 LCI adaptive LED,BMW 3 SERIES F30 F31 LCI LED HEADLIGHT LEFT/PASSENGER/NEAR SIDE GENUINE 7453483,255.0,2026-03-25,Pre-owned,False,False,https://www.ebay.co.uk/itm/366159956401?_skw=BMW+F30+LCI+adaptive+LED&itmmeta=01KR3RWWYNKQFDCF4EERT3W0BR&hash=item5540d589b1:g:tskAAeSwHlhpe36G&itmprp=enc%3AAQALAAAA4GfYFPkwiKCW4ZNSs2u11xBDAb7jV4zCQixt77SIm0d8TyKutiNM5TALs8cIH9p8lO1Uh2j8c%2Bl0LKpln35SRdppKdTQ6y%2FbwrS4JYe%2FwxTiIbC08LYQRO%2F0GaP3jmleIBD7U2pUmUqWwulmA9FMMzkGA6tnBAk1TBp46TEqaNdyt7Nui8LwLTHaYDbY7fNpND48ePf4T%2F90u3cQ1mVh1hZllJn3SO4XTSx5lxzcv8H30lGX7XsaA6SPwoHw2nAmFngEGxRJKymFNEZQpzfEarZvyS%2FUZcGJEy%2Br6%2FcF62Ua%7Ctkp%3ABk9SR-rP8_jAZw,single,False,True
BMW F30 LCI adaptive LED,BMW 4 SERIES DRIVERS SIDE RIGHT LED HEADLIGHT GENUINE 8738702 F32 LCI 2018 2019,349.0,2026-04-14,Pre-owned,False,False,https://www.ebay.co.uk/itm/177940769068?_skw=BMW+F30+LCI+adaptive+LED&itmmeta=01KR3RWWYNMEGK13HKEEC4W2CM&hash=item296e18a92c:g:YCkAAeSwlNtprdPe&itmprp=enc%3AAQALAAABAGfYFPkwiKCW4ZNSs2u11xAr1n1TsZHYsDH6L4v69znPlN6qu9vdCgdadgzzumqt9zabuotkwMaQSNEADae1RTjzu7BiJNiC9j5ySGyVH5FsFMIJLyP1Ll%2FELZqQHgRCTYBcvIqWhBTcXTFVaWv%2FWnvYUAxvCr6jl7B8T9filNIfhD9%2F809H3xbpnww8npcEBAooQk0mcEcKolIKwml8qbNUToFEBD4dDuHJPVdFKuXO8zwRB6A%2F9XLlc%2BVJyQ09%2FgUByLXoOJMB629dsIpZzDgkdq1zvN5vq62srLqjJEdINf7pgJuszg8CPw05Yk%2F7g6tD1hY3T3XkqkkcE23zr2s%3D%7Ctkp%3ABk9SR-rP8_jAZw,single,False,True
BMW F30 LCI adaptive LED,BMW 4 SERIES LED HEADLIGHT COMPLETE LCI RIGHT SIDE 7478154 F32 F33 F36 (For: BMW),529.98,2026-04-29,Pre-owned,False,False,https://www.ebay.co.uk/itm/327079545622?fits=Car+Make%3ABMW&_skw=BMW+F30+LCI+adaptive+LED&itmmeta=01KR3RWWYNKK0ZNCFKW2V89DHG&hash=item4c2775cb16:g:bn8AAeSwgV5pyqWG&itmprp=enc%3AAQALAAAA4GfYFPkwiKCW4ZNSs2u11xDSN3%2FH%2BBlmCzdXPxm9VxfmxEGZvEDg1t3TfaNYA10OJDNo7gYw%2B%2B%2Bj4nM8boA0R0xJEelgkx1jAu4DjYmcrpC6%2BNhoLP3lHltvdysRDzqwlAL25mghMYfmhxDfpcnKKH5zhEtrCZUrnZoAVPr%2BjA%2FrhA7Qnn3D%2F0ifc9s15GQUK4LGvrgNXwxnmy5Z4%2FnmQP73EFbYK6PCiPQolVcMqbT0%2Fc3WpglsJ5HjhbzQXKx%2BrnU9I91HY4UoMMX8Dfz78wb9paqYGOn5ak98oFubG4iY%7Ctkp%3ABk9SR-rP8_jAZw,pair,False,True
BMW F30 LCI adaptive LED,Genuine BMW 3 Series F30 F35 Passenger Headlight Left LCI LED 2013-2018,385.0,2026-04-05,New (other),False,False,https://www.ebay.co.uk/itm/168181232809?_skw=BMW+F30+LCI+adaptive+LED&itmmeta=01KR3RWWYN6SP9302ZCBYGQ5F8&hash=item272861f4a9:g:WS8AAeSwO2Bpd8hP&itmprp=enc%3AAQALAAAA4GfYFPkwiKCW4ZNSs2u11xDEp4y%2BBfsxm4fGpWAMVQuLCXbTSIDqP0dmxgc3vXJUypfrQlGIkedl97w8628IfAEgn03GhTxkXEXXzSrWvn0MwY47I2IHiSlMcEGO7xdkRWpOxwjK%2B7LZ4nce%2F5TiFXLd04F5Pz1wKr7MYCG970ioZRnXI0L9DlWrWpwZ1WYu1mVuAMD66U8aZ093VwhNz7D22E%2Bacl%2FwKBFP7zW6n4wkRwssdyAX62NxJFw2JVXhiVymUn8sy36T7r80xQ8CQR%2B8K0xSf4yTXlHRragriKRZ%7Ctkp%3ABk9SR-rP8_jAZw,single,False,True
BMW F30 LCI adaptive LED,BMW 3 Series F30 F31 LCI LED Passenger Headlight Lens Replacement 2016-2019,42.41,2026-02-25,New (other),False,False,https://www.ebay.co.uk/itm/317216672872?_skw=BMW+F30+LCI+adaptive+LED&itmmeta=01KR3RWWYNXG0XJ0Y6E9WY0N4E&hash=item49db964c68:g:4CkAAeSweT9or00I&itmprp=enc%3AAQALAAAA4GfYFPkwiKCW4ZNSs2u11xDQmTzuZoYrl62VDZN6MJUolEhP6BRJSEHtewK3pOb4XX6R18l647%2BhNYbslNzU5ZsyTQXaYXlh9aIG2nnRzysjiueZ62pCSKE0XyvmrKJQTOQ56J%2Bwv%2FUedOjc2NpVVLTOwNRXbp4Eh1PFqfvVxy36JbPjEoA6oFQ%2FCF3BocZTVRRJDCgWfpJitUVOxZfCFQZkYQuxdzD7FHeDjq9mkqzf9tT6HDPJM81RE5N88R54ZTy7WIZY1157DnusI%2FRCVmlUh2bf9iFxmAPqYoQLUA0m%7Ctkp%3ABk9SR-rP8_jAZw,unclear,False,True
BMW F30 LCI adaptive LED,BMW 3 SERIES F30 LCI REAR NUMBER PLATE LIGHT 2015 7193293,10.99,2026-03-25,Pre-owned,False,False,https://www.ebay.co.uk/itm/117058797034?_skw=BMW+F30+LCI+adaptive+LED&itmmeta=01KR3RWWYNKNJ5VW6NYZ11A9HF&hash=item1b413f7dea:g:OEcAAOSwTlBmVuhW&itmprp=enc%3AAQALAAAA4GfYFPkwiKCW4ZNSs2u11xCZCHvQtTQaTMymxg137ymhilSWc6EWTHzwjkIFFCDkEnI2rVkz1uegrZn10FTcf9yBV72pySabPUt7S3tNkGoGos4j9COJrcCg8nWqJgPRMmuwM1munl5V3DxMOLqDGjksO8p8N%2FlfizzAECh9AKEhT6JMbRgDSz169NIo22lgYWRCJlyWEs2euD%2FrCjHFHBESMSVqYGAW2r4ITr6w2Y1I07Vr9WsZ1LbvN1B5o3jhP8UP%2BnaoruzJq8jtfqO73Gzu%2B%2FQyyU5I69zQe8q%2BtrgY%7Ctkp%3ABk9SR-rP8_jAZw,unclear,False,False
BMW F30 LCI adaptive LED,Headlight BMW 1 Series F20 LCI 2015-2019 Right Drivers Side Halogen with LED DRL (For: BMW),204.99,2026-05-04,Brand new,False,False,https://www.ebay.co.uk/itm/146006437153?fits=Car+Make%3ABMW&_skw=BMW+F30+LCI+adaptive+LED&itmmeta=01KR3RWWYN1MM2AKP2616P6FPX&hash=item21fea96d21:g:IB4AAeSwB9NopFI9&itmprp=enc%3AAQALAAABAGfYFPkwiKCW4ZNSs2u11xB5ABLoLKK9A708kMb3TTLlQ5YqozQfqf%2FeHtkTOs8Zx%2FpG%2Fk3tO%2FODMEl9wh0Vbmds%2FMY48GVuvIgN467u%2BEQbr%2FBxoQxHvv0XnxWNuZzvuU%2FzfIi1JBV0EAYxL%2FMLY%2BnljndPSwlfDXLvIXG2Eu0Z75e7yQe%2BaebXPjJeNLqLGk%2FGHArCc6A4pgDwVkjjb%2BwKVLSEd3xKwRj11%2BcBQtIsR2fR%2F1AzgkAVBqBcenfZb5ZgypLVcilqvuSdCkr3d2Cgl55%2BBqKe2Mc31p1GLPvMAkXhKHMZjKnAGTm%2BaRA%2BJpmavxf09Nc8W%2BRKKAtuhEs%3D%7Ctkp%3ABk9SR-rP8_jAZw,single,False,True
BMW F30 LCI adaptive LED,Headlamp case Fits BMW 4 F32 F82 LCI 2017 - 2020 Adaptive LED 63117478156 Right (For: BMW),75.05,2026-03-17,Brand new,False,False,https://www.ebay.co.uk/itm/115369381708?fits=Car+Make%3ABMW&_skw=BMW+F30+LCI+adaptive+LED&itmmeta=01KR3RWWYN1PV1DQ6GR8FX08R6&hash=item1adc8d0f4c:g:1tMAAeSwCU1pHfGy&itmprp=enc%3AAQALAAAA4GfYFPkwiKCW4ZNSs2u11xAOtHmrTdxV3SiDOQQdQ5EJL5cgFrwCgOgiK5BtGblX0jotcuU7Ax06Q95RXz4%2BCmQ29G52BgNguryECdAogVKsnHjUAgrBQydE0JIddC%2FeTp4IguL6RKTO%2FqlVqg84bqAhXBkTd%2FDgKtgpRjtOq9Q91WqZ2EkEzF0vOyTyRRFUUlcjGWo1boVqRu7qYfK%2BkUKIKAG0Nmbppf4aUQN%2FjKAdJXduyBukqGVweFyZuHWz4GA%2FKKUIVrhT%2Bh%2B0N16df1sgCv5Ylzc8AACZ61VfAZn0%7Ctkp%3ABk9SR-rP8_jAZw,single,False,True
BMW F30 LCI adaptive LED,"BMW 3 Series F30,f31 2018 Lci Left Side Shadow Edition Complete Headlight",486.1,2026-03-17,Pre-owned,False,False,https://www.ebay.co.uk/itm/117088080028?_skw=BMW+F30+LCI+adaptive+LED&epid=18066615356&itmmeta=01KR3RWWYNC9NJ9H7BZ2KRRWKR&hash=item1b42fe509c:g:WUAAAeSwjlJptcs5&itmprp=enc%3AAQALAAAA4GfYFPkwiKCW4ZNSs2u11xDJYG2ikVWJXuSPSUovutClM645nSOFXDZtgz70WTx%2FJtZ4pRLxbp1jaZcR7wqNdhtnVgfnKiF8Tp0elCpuykdH0wS0hIHiIuX9xMXIOVSWmA90d%2FooRT2UKOUGWVAPTz%2BdRR6GJDkZB%2B1gBWTixpfyUaHyWLMzXeA2X01woA5lsR2AsYtclRkqRX%2BpUjgE0F8CX2ZgfjIVPeynGrIyH14s%2FWjaRGfo%2B7Bpvp80SU58rQCyFhyKm%2FrYhWy%2BO5zDPbnE%2BqhEw4L5AwQV0sH8t5Bs%7Ctkp%3ABk9SR-rP8_jAZw,pair,False,True
BMW F30 LCI adaptive LED,2016 BMW 3 SERIES F30 M-SPORT LCi FRONT RIGHT DRIVER SIDE LED HEADLIGHT 7419632,680.0,2026-04-13,Pre-owned,False,False,https://www.ebay.co.uk/itm/326313300253?_skw=BMW+F30+LCI+adaptive+LED&itmmeta=01KR3RWWYN7SRKQE0HSYRJJZXF&hash=item4bf9c9d11d:g:EhQAAOSwAMhnGPw7&itmprp=enc%3AAQALAAABAGfYFPkwiKCW4ZNSs2u11xBybHyH8AFG51jSpn17ocGNnF3XTRkPWalMIW9ye1WkR8eEMvoqxCNWOsIZWHlhZStID9kggiNyhr9ac16Jo2jnTDnR%2FQ0WPyScUrFHqUkEiZGm9x%2FJzpBfDoQuiHHpGgMpzhGgSVHm5fZ2ow3cA0ZcV6aMg9NHz3FHP7XfuG8B1qGJiPk0VOuXwwXs1phORtkmFOIoAS12vZQTmw2KKNXukE8KZPLqRuo1%2BVhqeK%2B1hhZOMVSwKbsNhGOdagsXMrcTOFP2JvEEJwKTCQnYlofrkKg7kPZyeWJOSS9%2F3HJDmLMVT7VwbXkFIqULBWv%2BX0M%3D%7Ctkp%3ABk9SR-rP8_jAZw,single,False,True
BMW F30 LCI adaptive LED,BMW 3 SERIES F30 F31 F80 2014-19 LCI LED HEADLIGHT RIGHT/OFF SIDE COMPLETE LIGHT,350.0,2026-05-08,Pre-owned,False,False,https://www.ebay.co.uk/itm/358338609071?_skw=BMW+F30+LCI+adaptive+LED&itmmeta=01KR3RWWYNHNHVJBRQ11SD3A6W&hash=item536ea53faf:g:UiUAAeSwciBpuDrZ&itmprp=enc%3AAQALAAAA4GfYFPkwiKCW4ZNSs2u11xDzZ1ww%2BLNeFQ6efIFs5C7lpwhGAENc8d2BFwkdcp%2F%2BgCgSWc5kqQybxJlZo3i350CCD7ZjVRhKpBXq14TALNEZThtp0Ah3dJJ4%2Bfm5YcIL%2FDUpF83bs3LJAO6%2FNakUW4LV5xWDJIBiLw09YhjMhQ9MdHuNu0HlunLdUS3IpXMuzccuB7%2BTF3LdkQVqP7RhHrEfZZkuZwD3cAWTvlmBtPtWOLOgFYkyzyON%2FnJRr1uwI%2FAPGVtrHYKDGCiKzoCvE0b6Byr%2Bg2jNrKUonNqZlK1N%7Ctkp%3ABk9SR-rP8_jAZw,pair,False,True
BMW F30 LCI adaptive LED,BMW 3 SERIES F30 F31 PASSENGER LEFT FRONT HEADLIGHT PRE LCI 7259539,110.0,2026-03-03,Pre-owned,False,False,https://www.ebay.co.uk/itm/205909784491?_skw=BMW+F30+LCI+adaptive+LED&itmmeta=01KR3RWWYNK86HZ76FQC20K5ZB&hash=item2ff12df7ab:g:sYgAAeSwWfppOJuW&itmprp=enc%3AAQALAAAA8GfYFPkwiKCW4ZNSs2u11xDydo7dnWzOcbOOrIhMZ2lke6TCfeM4%2BrCcAeLWrkVDOXmFWUTYU4lSxtRCXh9Z11tZ0MquiOz7eBkDbdNj0LzSBALk%2F5pWlvzUwJbJ6YaSLYVJaKewl%2BN3ZVXtXbq%2BgF4uVCguvrT3aTNbNbQOlGnnrT1dWmOrMvltpZqanOesVaGsiqDFW2pishC59KVBBku9cJkbABTdhtuf6kdyxelnCcvnG%2Fwy3yksbXFXL1TFAuecuLBceMnzuDrD8BGYssMlxQMlSqLcDxSdCBAJ0cRf09UpDTuFrudQc6puVdYljA%3D%3D%7Ctkp%3ABk9SR-rP8_jAZw,single,False,True
BMW F30 LCI adaptive LED,BMW 3 SERIES F30 F31 COMPLETE LED HEADLIGHT RIGHT DRIVER SIDE OFFSIDE 2017,449.99,2026-05-08,Pre-owned,False,False,https://www.ebay.co.uk/itm/277967298693?_skw=BMW+F30+LCI+adaptive+LED&itmmeta=01KR3RWWYNVXKVBYTCE0XV39DE&hash=item40b8246085:g:KEUAAeSwuzJp~Pva&itmprp=enc%3AAQALAAABAGfYFPkwiKCW4ZNSs2u11xD7hqrfALOtsNAsgWPNFrfMZCTOv1wlUclCLAaLEKfJt2cUyWeTUPmJNyZGecla0TwibL2LAS91s9StDp4isRMkVAqjCSIr19wlyLeC9qJoIL1nKpBrtojIEwnxcw5FB2YEFBWfZSSog9AtaJhn6RJAqJJR0AZzqV6VDtvfeYaZ%2Fo%2F0EMbndGgfTL4SsWGFQe8WMH3bXwpmWXcYIhyF%2BiSCnguKmztai0G%2BgocAu2nBY%2Bgp8nTcTXyLRpMCmB3FYdShpHWmvQf4KUHtNCRYdA9Q02MwgCsdU0WeJjohckM%2BPdQWomLT1EMsu1gUiiGOWlk%3D%7Ctkp%3ABk9SR-rP8_jAZw,pair,False,True
BMW F30 LCI adaptive LED,2pcs For BMW F30 F32 F33 F36 Standard LCI Reflector LED Rear Bumper Light Lamp (For: BMW),20.69,2026-05-02,Brand new,False,False,https://www.ebay.co.uk/itm/356776474202?fits=Car+Make%3ABMW&_skw=BMW+F30+LCI+adaptive+LED&itmmeta=01KR3RWWYNP8SMJTF68T61QRYY&hash=item531188f65a:g:mEMAAOSwxhJn~Lng&itmprp=enc%3AAQALAAABAGfYFPkwiKCW4ZNSs2u11xCKrV6l4pD5uoVxyqUk3T%2FFlqnkfQWgFXQPOQBXIcp7qlDK1IEeiDzoXvGpYOp9KutHVdEk5msWhOdJZvEm123hQDB1uc87sxF7%2F0BudH59qS9yj%2BSPmlAUCaPNlc9JzuL3EpbFljC%2Fbt2ZGKvozsM29qz0cYc%2Fdtx6YaIyeTUySyF2jzZm4ZIHVgMqV4alz1L%2B7D6snkZTex00HAh3t8nMehBX%2Bclq9KJlAQHlk50LbRKZzkV--AOYvxh3nmNis6DY555irpeSZKLxS40Z1AgaYEBYChuau1EU7s7%2BpTStqrnLFA1jH%2BrSHnLJ92lY1yA%3D%7Ctkp%3ABk9SR-rP8_jAZw,unclear,False,False
BMW F30 LCI adaptive LED,BMW M4 LCI F32 Passenger Side Front Left Adaptive LED Headlight 8738707 RHD,924.7,2026-02-24,Pre-owned,False,False,https://www.ebay.co.uk/itm/117024288646?_skw=BMW+F30+LCI+adaptive+LED&epid=28035572092&itmmeta=01KR3RWWYPFGYVTJDZ84FVAJ5Z&hash=item1b3f30ef86:g:CTAAAeSwGjBph1UA&itmprp=enc%3AAQALAAAA4GfYFPkwiKCW4ZNSs2u11xA02GO0RRprnguUBZ78g48QHffYb5%2BuRGU0IvY3jGnTeRqHaz2IfdPwzYNI%2Bj0y9AZj5w875JWjl8quWMQshF%2BsymCFWhprap2YapH5O32F8bWRciLFQZFrl%2FIh3E5Kt92gU9hDmHjnyPvf5BbERJ7EWqKxy3Wh8hUaebA8nF%2F0BGn%2BBdDmMRTdWXYYuyymnxG5FOfsSmuaZJk5HYqrb1T9PJ5oHAHzJX7dpHjT9ednKwU43K4sciWXH7qKpyLGbMx7T7ViUrsYuCQCRg2VaRuX%7Ctkp%3ABk9SR-rP8_jAZw,single,False,True
BMW F30 LCI adaptive LED,BMW 3 SERIES F30 F80 LCI REAR LEFT PASSENGER SIDE OUTER LED TAIL LIGHT 7369117,119.0,2026-02-26,Pre-owned,False,False,https://www.ebay.co.uk/itm/157265468011?_skw=BMW+F30+LCI+adaptive+LED&epid=2258399500&itmmeta=01KR3RWWYP22R1YY718M53D8V1&hash=item249dc09a6b:g:pckAAeSwJptoqcU5&itmprp=enc%3AAQALAAAA4GfYFPkwiKCW4ZNSs2u11xBe6it9TPx2PtyNXQ2WDGPrdw%2FKABNgJu2uSsLTt5eEv0VnC9JfLowUZM8llIuOEpXq6P%2FsPIct92sPmI2OmEerqIKAVMTy75xLiuiiYqxvbKYVH8Ln0RtJ%2BzQ9jOBrOA1B%2FcVtbUPr8H7m064bpa9xP%2F9XMbshH0mnnxx7ycto%2FGCd1LnepQ1vdEMTHrZ3WcdtN6z21r%2FRqDHaikmxs194v%2FUgwdsD4PURFFhlcYuTZgsUzeY6dOrtPLIR%2BoSJUT8S1o0XKhdnNuGb9BN%2FrEgB%7Ctkp%3ABk9SR-rP8_jAZw,single,False,False
BMW F30 LCI adaptive LED,BMW 3 SERIES SALOON LCI F30 2016 LED REAR LIGHT N/S PASSENGER SIDE INNER UNIT,65.0,2026-03-08,Pre-owned,False,False,https://www.ebay.co.uk/itm/127565571700?_skw=BMW+F30+LCI+adaptive+LED&itmmeta=01KR3RWWYP3K5VAT37H7WYWB5T&hash=item1db3802674:g:1fIAAOSwKkhoAP2J&itmprp=enc%3AAQALAAAA8GfYFPkwiKCW4ZNSs2u11xCWGexLd5%2F4Q2QxuDst9x9dhfoQVHtmXobAkp6epaybwhATgZvmgHwgIdpey%2Bqqv6YCo0tw6qj%2FMjXRakSkSyD8D%2FqR7X5jNXMwvFUhirZy7BESqB8DG1jBupPYCxajskV6vQcUCoHsI3CNtzOt60IdogO8f20nO0Q319v%2BpKEP24Z9Cd%2F1wiPdlx399aVcOqYt3LLRXjUvKjbwG1ngSfqPSw7chEZPdk7DV2hnVKy3mRSjSDUvKU1NsSAfAVGuB39VikxVDkdg0JARrGssOwHCTAnQrn6uTT2ooSxLUqBE9g%3D%3D%7Ctkp%3ABk9SR-rP8_jAZw,single,False,False
BMW F30 LCI adaptive LED,BMW 3 Series F30 F31 F35 LCI 2015-2019 LED Headlight Control Module 2Pcs 12V,18.99,2026-03-22,Brand new,False,False,https://www.ebay.co.uk/itm/236695518395?_skw=BMW+F30+LCI+adaptive+LED&itmmeta=01KR3RWWYPVQ94NBKKZRV615N8&hash=item371c26fcbb:g:eygAAeSwy3xpuede&itmprp=enc%3AAQALAAABAGfYFPkwiKCW4ZNSs2u11xAkT4gLSzkyxFOwKo8%2BhZurEAQ8genTcWAboflFEQJd34hz58CQ1lfncp5KL8zcK%2B0V0v%2BCrT9VhpS20tamz3T%2FeeCGQTcY1OyeF1ArQz1bZXVi%2FQxutUIoE8bF%2BGCCthtBjsld0BdTlJensZXasZg0j%2FYkZVFFAMnk1vpTgrkE2KWsMC7gm0jnbzZMq2PBADcLNUR0QFtG0G%2Bp154FJ1f7J1xhUvpzi6r2Bi9cfpqRKRWDZlmc3oxqT6CzFlB1%2Fi0YvJr7Uuz1LhuL3ZkWBPYZ5cpbqOVZUjqXPi9ZjbHhzKD%2BUh63o5Fg6AQmqan7xmw%3D%7Ctkp%3ABk9SR-rP8_jAZw,unclear,False,True
BMW F30 LCI adaptive LED,NEW! BMW 3er F30 F31 LCI OS RIGHT SIDE FULL LED HEADLIGHT 2015 - 2019 (For: BMW),999.0,2026-04-14,Brand new,False,False,https://www.ebay.co.uk/itm/188237813162?fits=Car+Make%3ABMW&_skw=BMW+F30+LCI+adaptive+LED&itmmeta=01KR3RWWYPF86454XSJ3GDPW05&hash=item2bd3d915aa:g:HpIAAOSwbBxn~TxJ&itmprp=enc%3AAQALAAABAGfYFPkwiKCW4ZNSs2u11xBB%2Fv9BTEhog1WbG%2FSDEvCsXRBQ2zpMhLUoLeoXIgrVe3uhuY4BI0uczh9g3ykrdREhoWdqQHsF1oi6DjyRGbBSTDHp32jltcUaARuEgOh1EgrVi7ALPWmXTMUnsk4ZJEyJ%2BcMs%2Fn%2BbdBAxIWMi1VheG5LTWz%2FdziiSL2oDvwrhc%2Bgt3VEcQlXfXWUY5sCHTS%2F4O2V37%2BNbzlITT2JDGofe1mK%2BCOkQxIm4t3l9r7ISvFPgQx1sikCRd0BllYfyXyJa9%2FewaWVWaeplrqNrymanSJmyBlPi%2FIQVwQuR8NiQhlYwmkNyQYPbebg0OfvZFiY%3D%7Ctkp%3ABk9SR-rP8_jAZw,single,True,True
BMW F30 LCI adaptive LED,BMW 4 SERIES DRIVERS SIDE RIGHT LED HEADLIGHT GENUINE 7478152 F32 LCI LED F30,140.0,2026-05-03,Parts only,False,False,https://www.ebay.co.uk/itm/177958924420?_skw=BMW+F30+LCI+adaptive+LED&itmmeta=01KR3RWWYPYRSN57587F74780M&hash=item296f2db084:g:uwsAAOSwrxRoTHCj&itmprp=enc%3AAQALAAAA4GfYFPkwiKCW4ZNSs2u11xDSjqATbqjCBZISP3whPSR9L4P6HZ%2FLjj945YN6SVPPkkthuz8KXYi4I8%2B%2B8Q8yChoLOXhBslJZocE%2FbhZSD9eaX4yOQ1tDWNB1KfmQ13uuRejjl5KNL7r%2F6JDmz9Mh0dh8NOzJ7GAYt%2BV26r9s6vtKwyw9Bf9JBn7y52BIBUuKdHN43eHjPzaQVdr51YBOY6vLkCImsYfe%2BKtBoNMcKfLvEWcAQOr7LTwcmTIgAbW2riB%2F4VJhCRTmOsTfEoscainF0AimfVGyuxGOFyUD5Roz%7Ctkp%3ABk9SR-zP8_jAZw,single,False,True
BMW F30 LCI adaptive LED,BMW 3 Series F30 F31 LCI LED Headlight Indicator Module RIGHT 63117419620,29.99,2026-04-09,Brand new,False,False,https://www.ebay.co.uk/itm/277869582343?_skw=BMW+F30+LCI+adaptive+LED&itmmeta=01KR3RWWYPTQE7BTN8KQQSW4EE&hash=item40b2515807:g:xwAAAeSwSGxp07At&itmprp=enc%3AAQALAAABAGfYFPkwiKCW4ZNSs2u11xCYIII4g9%2BM5wbBHd3MpZ1NI9SKpEsaoZ6H7zI433dJFzdQrZTF5I4lw5fzQd4poyk2xg2zag4faYITskniZPsLiEawaW5n0aH%2B1k%2BSBJsncTh1p%2FVlejbbWTQsx7uaeUNWqwmokx1rzuRmBoo3ISEXmQNEkZ%2B6ohg2y2KdT4vd%2BXl1gmDa8EB%2Fv%2BGCqKha6EIa%2BvKWZo%2B8M%2F2YA09PcM0TC1iXjnPPkisg1s6JmWGIiGqzQOYQYkI0fIGZcD8BveYp%2FZhcoTUmc6uxSuO6b%2FRINWWM3DnkT2VH2Qxw1Ab6tc%2FjHhDz8nGUtt%2FZHkc9PfM%3D%7Ctkp%3ABk9SR-zP8_jAZw,single,False,True
BMW F30 LCI adaptive LED,Bmw M2 F87 F22 F23 Lci Headlight Full Led Adaptive Left Passenger Rhd,500.0,2026-04-13,Pre-owned,False,False,https://www.ebay.co.uk/itm/167453236920?_skw=BMW+F30+LCI+adaptive+LED&itmmeta=01KR3RWWYPRHHK2VW8RDG44SBD&hash=item26fcfd9eb8:g:U2YAAeSwzLdn~Wb5&itmprp=enc%3AAQALAAABAGfYFPkwiKCW4ZNSs2u11xAmGXJ%2B97htHcDn%2BxS7VSi6aK7p%2BErdzx2n2nS4lAaJL9XJHVsmqxkcGYL%2BT9L%2BO9zHTgpPHD2n0EdRJ9BBoKagrzWoCseEAOKG9lXUOIrggli2wskH6%2FlpRvcSwrqA9U4hVTvlJVntb3qLQVJddrCfj9YVOv8sQP6oMVCKpp0X3nLxRvLAGNxK39mLxOjzVtAQ7rQ6BO29pH7nr0T8FUKA8dJ%2F2JGsPLGHpT3EJaE%2F%2Bgoejrpbnv%2FYp3McnXkGkJ3qg0czoGmoQdRnU4v8aRfGxmsejbMOiuq%2BqiXRIlKlgzzzo7gyJJn9nhAMW8ieROM%3D%7Ctkp%3ABk9SR-zP8_jAZw,single,False,True
BMW F30 LCI adaptive LED,BMW F20 F21 Pre LCI HeadLight Adaptive Xenon Passenger Side Nearside 7296907,475.0,2026-02-24,Pre-owned,False,False,https://www.ebay.co.uk/itm/147025075602?_skw=BMW+F30+LCI+adaptive+LED&itmmeta=01KR3RXHEKR5N6WKFN7TXE7FRZ&hash=item223b609d92:g:Bq4AAeSw9NNpOxhb&itmprp=enc%3AAQALAAAA4GfYFPkwiKCW4ZNSs2u11xDPgL4Ov%2Fs6qp2qaHQxFQ1vq%2FhOQAdBdLEsYIlnXqFf2isQgheWlpQ7tNgV%2B7u6FM7DQA69XBaCjwfObztKPFM5lsq%2BfCySX5tf92lZwZqYEJi%2FKvjM6HRp6%2Bnm5mrD5g%2BHQjiaYreasOVTeHeNTXp1h7SpYa9klikKl5D6abHdRkNx%2F1HXpH4mUcVr7%2BL2jfCx%2B67H%2BhdOYQq4%2FIPT50QzdtwQH5CEJFpr0Z4%2FAD34CK%2FV7Ebg%2BFOHF%2B7WwT%2FG3Y1Aqc%2BvXALSu%2FYlMjSSmFx0%7Ctkp%3ABk9SR_KX9vjAZw,single,False,True
BMW F30 LCI adaptive LED,BMW 3 SERIES F30 F31 LCI 2015-2019 RIGHT DRIVER SIDE LED HEADLIGHT 7498948,161.9,2026-03-31,Parts only,False,False,https://www.ebay.co.uk/itm/287095811827?_skw=BMW+F30+LCI+adaptive+LED&epid=10024487713&itmmeta=01KR3RXHEKHV3EV4CH3J2H7Z77&hash=item42d83e6ef3:g:hEcAAeSwKZxpEej7&itmprp=enc%3AAQALAAABAGfYFPkwiKCW4ZNSs2u11xCYAoOyyhbNH4zbIPxkcx8NQLiepVt3xyaDRQSExmvJw1NQRMH%2FQdn%2Fe5Y0%2Fey%2FZTZg%2BLf%2BPdis7ecyoLojr2a%2BGPD7PuXCXer60eI6Fv57XjZlnlL9FUpsL%2Fo4SdiSf07GtU1%2B6IPpAUb1bp%2FsdyHY1uZT4QTd9tFWTVrYJlcgeizuLM%2FLuRnxemM5%2By4CClW44D%2BMcN8RDnd5X9vXpH4uwiIcpilePUwwvDbVy2v0sfV9jCWTwclDVyFh6mQkHJtzLshGecDvFbQPCRoFkeZW9fVbM89U2jdABLAK0Pvb26D7jeuYXnDsFx%2FONpcLmnc%3D%7Ctkp%3ABk9SR_SX9vjAZw,single,False,True
